id	group	start time	end time	duration	pressed back	attention check	age	gender	movie enthusiast	treatment1	movie order1	movie familiarity1	selection1	diversity1	variety1	similarity1	easiness1	confidence1	amount1	poster clicks1	treatment2	movie order2	movie familiarity2	selection2	diversity2	variety2	similarity2	easiness2	confidence2	amount2	poster clicks2	treatment3	movie order3	movie familiarity3	selection3	diversity3	variety3	similarity3	easiness3	confidence3	amount3	poster clicks3	comparison movie 1	comparison movie 2	comparison diversity	poster clicks comparison	decision time1	decision time2	decision time3	decision time comparison	decision time freetext	decision time ranking	decision time landing page questions	decision time demographics	discovery	interests	distraction	ranking	freetext	feedback
83021	('Group1=', 2, ', Group2=', 3, ', Group3=', 1, 'ComparisonGroup=', 4)	2022-03-31 14:58:57.144365	2022-03-31 15:02:10.624430	193,480065	False	2	26-35	female	2	Mid-ILS	Pulp Fiction, Fight Club, The Shawshank Redemption, The Empire Strikes Back, Star Wars, American Beauty, Requiem for a Dream	['seen', 'seen', 'seen', 'heard', 'heard', 'seen', 'seen']	6	4	4	2	2	5	more	0,0,0,0,0,0,0	High-ILS	The Sixth Sense, Schindler’s List, The Silence of the Lambs, The Godfather, Fight Club, Fargo, The Green Mile	['seen', 'heard', 'seen', 'heard', 'seen', 'seen', 'seen']	6	4	4	2	2	4	more	0,0,0,0,0,0,0	Low-ILS	The Godfather: Part II, The Lord of the Rings: The Fellowship of the Ring, Se7en, Forrest Gump, The Fugitive, The Shining, The Matrix	['seen', 'seen', 'seen', 'heard', 'heard', 'seen', 'seen']	6	5	5	2	2	5	more	0,0,0,0,0,0,0	Se7en	Forrest Gump	2	0	42,122111	27,432021	31,7262	5,445746	46,96821	17,788074	11,610116	10,283251	5	5	1	genre, plot	The genre of the movie like action versus comedy. Also, the story line of the movie and time period like the future or the past.	
90141	('Group1=', 1, ', Group2=', 2, ', Group3=', 3, 'ComparisonGroup=', 4)	2022-03-31 15:41:35.825136	2022-03-31 15:44:51.663552	195,838416	False	2	26-35	female	5	Low-ILS	The Godfather: Part II, The Lord of the Rings: The Fellowship of the Ring, Se7en, Forrest Gump, The Fugitive, The Shining, The Matrix	['heard', 'seen', 'seen', 'seen', 'heard', 'seen', 'seen']	3	4	4	3	4	5	more	0,0,0,0,0,0,0	Mid-ILS	Pulp Fiction, Fight Club, The Shawshank Redemption, The Empire Strikes Back, Star Wars, American Beauty, Requiem for a Dream	['seen', 'seen', 'seen', 'seen', 'seen', 'seen', 'heard']	3	4	5	4	4	5	more	0,0,0,0,0,0,0	High-ILS	The Sixth Sense, Schindler’s List, The Silence of the Lambs, The Godfather, Fight Club, Fargo, The Green Mile	['heard', 'seen', 'seen', 'seen', 'heard', 'seen', 'seen']	3	4	4	3	4	4	more	0,0,0,0,0,0,0	Se7en	Forrest Gump	2	0	50,177073	29,758783	24,684532	5,154715	42,616435	26,844485	9,438442	7,065304	4	4	2	plot, actors, genre, image, title, runtime, year	They are diverse if there is a variety of genres and the movies all have something different to offer at the time. 	
61690	('Group1=', 2, ', Group2=', 1, ', Group3=', 3, 'ComparisonGroup=', 4)	2022-03-31 15:22:15.704537	2022-03-31 15:25:35.230543	199,526006	False	2	56-65	male	5	Mid-ILS	Pulp Fiction, Fight Club, The Shawshank Redemption, The Empire Strikes Back, Star Wars, American Beauty, Requiem for a Dream	['heard', 'seen', 'heard', 'heard', 'seen', 'seen', 'heard']	5	5	5	4	4	4	more	1,0,0,0,0,0,0	Low-ILS	The Godfather: Part II, The Lord of the Rings: The Fellowship of the Ring, Se7en, Forrest Gump, The Fugitive, The Shining, The Matrix	['seen', 'heard', 'seen', 'heard', 'heard', 'heard', 'seen']	5	3	4	5	5	4	exactly	0,0,0,0,0,0,0	High-ILS	The Sixth Sense, Schindler’s List, The Silence of the Lambs, The Godfather, Fight Club, Fargo, The Green Mile	['heard', 'seen', 'heard', 'heard', 'seen', 'seen', 'heard']	5	5	4	5	4	5	exactly	0,0,0,0,0,0,0	Se7en	Forrest Gump	5	0	35,065615	20,972389	23,016375	5,97504	44,115633	15,63377	11,997696	42,583524	5	4	4	genre	"In Hollywood, diversity has a slightly different meaning than it might in the ""real world."" Hollywood generally recognizes a film as ""diverse"" when it has at least 30% inclusion of women and/or members of minority populations among the cast and crew."	INTERESTING...
41992	('Group1=', 2, ', Group2=', 1, ', Group3=', 3, 'ComparisonGroup=', 4)	2022-03-31 13:49:43.616202	2022-03-31 13:54:00.296459	256,680257	False	2	36-45	male	4	Mid-ILS	Pulp Fiction, Fight Club, The Shawshank Redemption, The Empire Strikes Back, Star Wars, American Beauty, Requiem for a Dream	['seen', 'seen', 'seen', 'seen', 'seen', 'heard', 'seen']	4	4	4	2	4	4	more	0,0,0,0,0,0,0	Low-ILS	The Godfather: Part II, The Lord of the Rings: The Fellowship of the Ring, Se7en, Forrest Gump, The Fugitive, The Shining, The Matrix	['seen', 'seen', 'seen', 'seen', 'seen', 'seen', 'seen']	4	4	4	2	4	4	more	0,0,0,0,0,0,0	High-ILS	The Sixth Sense, Schindler’s List, The Silence of the Lambs, The Godfather, Fight Club, Fargo, The Green Mile	['seen', 'seen', 'seen', 'seen', 'seen', 'heard', 'seen']	4	4	4	2	4	4	more	0,0,0,0,0,0,0	Se7en	Forrest Gump	2	0	59,72905	30,267381	38,506866	6,203809	42,774797	58,636308	11,109641	9,304628	5	4	2	actors	i wanted to pick the movie have seen and left an effect on me after i watched it	
14132	('Group1=', 2, ', Group2=', 3, ', Group3=', 1, 'ComparisonGroup=', 4)	2022-03-31 14:43:19.924115	2022-03-31 14:47:50.070867	270,146752	False	2	36-45	male	4	Mid-ILS	Pulp Fiction, Fight Club, The Shawshank Redemption, The Empire Strikes Back, Star Wars, American Beauty, Requiem for a Dream	['seen', 'seen', 'seen', 'seen', 'seen', 'heard', 'heard']	1	4	4	2	5	5	more	0,0,0,0,0,0,0	High-ILS	The Sixth Sense, Schindler’s List, The Silence of the Lambs, The Godfather, Fight Club, Fargo, The Green Mile	['seen', 'seen', 'seen', 'seen', 'seen', 'heard', 'heard']	1	4	4	2	5	5	more	0,0,0,0,0,0,0	Low-ILS	The Godfather: Part II, The Lord of the Rings: The Fellowship of the Ring, Se7en, Forrest Gump, The Fugitive, The Shining, The Matrix	['seen', 'seen', 'seen', 'seen', 'seen', 'heard', 'heard']	1	5	5	1	5	5	more	0,0,0,0,0,0,0	Se7en	Forrest Gump	1	0	43,747424	29,659412	42,353724	6,960303	77,262725	39,500427	20,478454	10,039514	2	2	4	genre, plot, year	The genres were all diverse in nature, from drama to sci-fi. Along with various years of film making.	
38328	('Group1=', 1, ', Group2=', 3, ', Group3=', 2, 'ComparisonGroup=', 4)	2022-03-31 13:40:39.703908	2022-03-31 13:45:44.387851	304,683943	False	2	26-35	male	5	Low-ILS	The Godfather: Part II, The Lord of the Rings: The Fellowship of the Ring, Se7en, Forrest Gump, The Fugitive, The Shining, The Matrix	['seen', 'seen', 'seen', 'seen', 'seen', 'seen', 'seen']	4	4	4	2	5	5	more	0,0,0,0,0,0,0	High-ILS	The Sixth Sense, Schindler’s List, The Silence of the Lambs, The Godfather, Fight Club, Fargo, The Green Mile	['seen', 'seen', 'seen', 'seen', 'seen', 'heard', 'seen']	4	4	3	3	4	5	more	0,0,0,0,0,0,0	Mid-ILS	Pulp Fiction, Fight Club, The Shawshank Redemption, The Empire Strikes Back, Star Wars, American Beauty, Requiem for a Dream	['seen', 'seen', 'seen', 'seen', 'seen', 'seen', 'seen']	4	4	5	2	4	5	more	0,0,0,0,0,0,0	Se7en	Forrest Gump	1	0	62,983397	33,506143	31,229957	17,394157	69,51811	54,587751	22,722611	12,607063	4	4	2	plot, genre, actors, year	Theymare diverse if they are from different genres. If they have different plots and different types of characters.	
31734	('Group1=', 2, ', Group2=', 1, ', Group3=', 3, 'ComparisonGroup=', 4)	2022-03-31 13:48:31.890786	2022-03-31 13:53:45.551833	313,661047	False	2	36-45	male	4	Mid-ILS	Pulp Fiction, Fight Club, The Shawshank Redemption, The Empire Strikes Back, Star Wars, American Beauty, Requiem for a Dream	['seen', 'seen', 'seen', 'seen', 'seen', 'seen', 'seen']	6	4	5	2	3	4	more	0,0,0,0,0,0,0	Low-ILS	The Godfather: Part II, The Lord of the Rings: The Fellowship of the Ring, Se7en, Forrest Gump, The Fugitive, The Shining, The Matrix	['heard', 'seen', 'seen', 'seen', 'never', 'seen', 'seen']	6	4	4	2	3	4	more	0,0,0,0,0,0,0	High-ILS	The Sixth Sense, Schindler’s List, The Silence of the Lambs, The Godfather, Fight Club, Fargo, The Green Mile	['seen', 'seen', 'seen', 'seen', 'seen', 'seen', 'seen']	6	4	4	2	3	2	more	0,0,0,0,0,0,0	Se7en	Forrest Gump	2	0	65,666998	32,615573	32,932197	8,314077	84,220985	56,536204	17,654215	15,585517	4	3	2	genre, actors, year	I base how diverse movies are in terms of their genre, acting, and approximate years of release as my criteria.	
47875	('Group1=', 2, ', Group2=', 3, ', Group3=', 1, 'ComparisonGroup=', 4)	2022-03-31 15:02:07.497909	2022-03-31 15:07:51.613523	344,115614	False	2	26-35	female	2	Mid-ILS	Pulp Fiction, Fight Club, The Shawshank Redemption, The Empire Strikes Back, Star Wars, American Beauty, Requiem for a Dream	['heard', 'never', 'never', 'seen', 'seen', 'heard', 'never']	5	4	4	3	4	4	more	0,0,0,0,0,0,0	High-ILS	The Sixth Sense, Schindler’s List, The Silence of the Lambs, The Godfather, Fight Club, Fargo, The Green Mile	['seen', 'never', 'heard', 'heard', 'heard', 'heard', 'seen']	5	4	4	2	2	5	more	0,0,0,0,0,0,0	Low-ILS	The Godfather: Part II, The Lord of the Rings: The Fellowship of the Ring, Se7en, Forrest Gump, The Fugitive, The Shining, The Matrix	['heard', 'never', 'never', 'seen', 'seen', 'heard', 'never']	5	4	4	4	2	4	more	0,0,0,0,0,0,0	Se7en	Forrest Gump	2	0	87,892611	36,367581	93,965501	6,624932	48,310849	44,034081	18,72232	8,053322	4	4	2	genre, plot, title	I determine if films are diverse or not based off of the genre and whether or not they are similar in theme.	
14829	('Group1=', 1, ', Group2=', 2, ', Group3=', 3, 'ComparisonGroup=', 4)	2022-03-31 14:27:12.887316	2022-03-31 14:33:22.285731	369,398415	False	2	26-35	male	5	Low-ILS	The Godfather: Part II, The Lord of the Rings: The Fellowship of the Ring, Se7en, Forrest Gump, The Fugitive, The Shining, The Matrix	['seen', 'seen', 'heard', 'seen', 'heard', 'seen', 'seen']	3	4	4	3	4	4	more	0,0,0,0,0,0,0	Mid-ILS	Pulp Fiction, Fight Club, The Shawshank Redemption, The Empire Strikes Back, Star Wars, American Beauty, Requiem for a Dream	['seen', 'seen', 'seen', 'seen', 'seen', 'never', 'never']	3	3	2	2	4	4	more	0,0,0,0,0,0,0	High-ILS	The Sixth Sense, Schindler’s List, The Silence of the Lambs, The Godfather, Fight Club, Fargo, The Green Mile	['seen', 'seen', 'heard', 'seen', 'heard', 'seen', 'seen']	3	2	2	4	4	4	more	0,0,0,0,0,0,0	Se7en	Forrest Gump	2	2,1	56,339451	50,430357	43,016906	18,062919	131,48263	38,467804	19,067144	12,405056	4	4	2	genre	It is usually what genre the movie falls into. Also probably the cast and the overall tone of the movie. What audience is being targeted for this movie? A lot of cult following movies fall into different categories but I would consider them the same type of movie. 	none
85869	('Group1=', 3, ', Group2=', 2, ', Group3=', 1, 'ComparisonGroup=', 4)	2022-03-31 13:52:28.690892	2022-03-31 13:58:50.546767	381,855875	False	2	46-55	male	3	High-ILS	The Sixth Sense, Schindler’s List, The Silence of the Lambs, The Godfather, Fight Club, Fargo, The Green Mile	['heard', 'seen', 'seen', 'seen', 'seen', 'seen', 'heard']	5	3	3	4	4	5	more	0,0,0,0,0,0,0	Mid-ILS	Pulp Fiction, Fight Club, The Shawshank Redemption, The Empire Strikes Back, Star Wars, American Beauty, Requiem for a Dream	['seen', 'seen', 'seen', 'seen', 'seen', 'seen', 'heard']	5	4	4	3	4	5	more	0,0,0,0,0,0,0	Low-ILS	The Godfather: Part II, The Lord of the Rings: The Fellowship of the Ring, Se7en, Forrest Gump, The Fugitive, The Shining, The Matrix	['heard', 'seen', 'seen', 'seen', 'seen', 'seen', 'heard']	5	5	5	1	4	5	more	0,0,0,0,0,0,0	Se7en	Forrest Gump	1	3,2	62,27215	35,766468	32,993439	17,649845	154,420915	49,524484	15,068685	14,124656	4	3	3	genre	In my evaluation movies are diverse mainly accordingly to their genre. So I was presented with thrillers, Sci-Fi, Fantasy, Comedy movies etc. In the first list proposed to me all the titles proposed were more or less thrillers. The next lists were more diverse.	nothing to report.
45868	('Group1=', 1, ', Group2=', 3, ', Group3=', 2, 'ComparisonGroup=', 4)	2022-03-31 13:44:40.634496	2022-03-31 13:51:08.389803	387,755307	False	2	36-45	female	4	Low-ILS	The Godfather: Part II, The Lord of the Rings: The Fellowship of the Ring, Se7en, Forrest Gump, The Fugitive, The Shining, The Matrix	['heard', 'heard', 'seen', 'seen', 'heard', 'seen', 'seen']	3	4	5	1	4	5	more	0,0,0,0,0,0,0	High-ILS	The Sixth Sense, Schindler’s List, The Silence of the Lambs, The Godfather, Fight Club, Fargo, The Green Mile	['seen', 'heard', 'seen', 'heard', 'seen', 'heard', 'seen']	3	5	5	1	2	5	more	0,0,0,0,0,0,0	Mid-ILS	Pulp Fiction, Fight Club, The Shawshank Redemption, The Empire Strikes Back, Star Wars, American Beauty, Requiem for a Dream	['heard', 'heard', 'seen', 'seen', 'heard', 'seen', 'seen']	3	5	4	2	2	5	more	0,0,0,0,0,0,0	Se7en	Forrest Gump	1	0	81,24984	45,843821	36,568144	10,83425	150,094991	40,867502	13,031729	9,121128	5	5	1	genre, plot, year	I determine if movies in a list are diverse if they range in plot lines and subject matter, as well as genre. Being shot in different time periods can also help to diversify them from each other.	
12978	('Group1=', 2, ', Group2=', 1, ', Group3=', 3, 'ComparisonGroup=', 4)	2022-03-31 15:01:23.980078	2022-03-31 15:09:38.354217	494,374139	False	2	56-65	female	5	Mid-ILS	Pulp Fiction, Fight Club, The Shawshank Redemption, The Empire Strikes Back, Star Wars, American Beauty, Requiem for a Dream	['seen', 'seen', 'heard', 'seen', 'seen', 'seen', 'seen']	3	3	3	3	5	4	more	0,0,0,0,0,0,0	Low-ILS	The Godfather: Part II, The Lord of the Rings: The Fellowship of the Ring, Se7en, Forrest Gump, The Fugitive, The Shining, The Matrix	['seen', 'seen', 'heard', 'seen', 'never', 'seen', 'seen']	3	4	4	2	5	4	more	0,0,0,0,0,0,0	High-ILS	The Sixth Sense, Schindler’s List, The Silence of the Lambs, The Godfather, Fight Club, Fargo, The Green Mile	['seen', 'seen', 'heard', 'seen', 'seen', 'seen', 'seen']	3	5	5	1	5	4	more	0,0,0,0,0,0,0	Se7en	Forrest Gump	2	0	164,798354	47,285712	84,294548	11,973555	113,581815	38,802827	16,266934	17,174312	5	4	1	plot, genre, year, image, title, actors, runtime	Different genres of movies and from different times, also the theme division into more realistic ones and more fantasy, first list had too much fantasy, second list had a bias towards fantasy too. 	Thank you!
31963	('Group1=', 3, ', Group2=', 2, ', Group3=', 1, 'ComparisonGroup=', 4)	2022-03-31 13:39:45.570964	2022-03-31 13:48:08.283459	502,712495	False	2	36-45	female	4	High-ILS	The Sixth Sense, Schindler’s List, The Silence of the Lambs, The Godfather, Fight Club, Fargo, The Green Mile	['heard', 'seen', 'never', 'heard', 'never', 'never', 'heard']	2	4	4	3	5	4	more	0,0,0,0,0,0,0	Mid-ILS	Pulp Fiction, Fight Club, The Shawshank Redemption, The Empire Strikes Back, Star Wars, American Beauty, Requiem for a Dream	['never', 'never', 'heard', 'seen', 'seen', 'never', 'heard']	2	4	3	4	5	4	more	0,0,0,0,0,0,0	Low-ILS	The Godfather: Part II, The Lord of the Rings: The Fellowship of the Ring, Se7en, Forrest Gump, The Fugitive, The Shining, The Matrix	['heard', 'seen', 'never', 'heard', 'never', 'never', 'heard']	2	4	3	4	4	5	more	0,0,0,0,0,0,0	Se7en	Forrest Gump	1	0	76,395832	33,370242	190,463111	9,899492	128,336218	30,300087	14,345065	19,491745	4	3	3	title, actors, image, year, genre, runtime, plot	I used to determined the movies are similar or diverse based on the title of the movie also the artists appearance in the movie poster.	none
29088	('Group1=', 3, ', Group2=', 2, ', Group3=', 1, 'ComparisonGroup=', 4)	2022-03-31 13:39:18.127155	2022-03-31 13:52:27.611143	789,483988	False	2	26-35	female	5	High-ILS	The Sixth Sense, Schindler’s List, The Silence of the Lambs, The Godfather, Fight Club, Fargo, The Green Mile	['seen', 'seen', 'seen', 'seen', 'seen', 'seen', 'seen']	7	4	4	2	5	5	more	0,0,0,0,0,0,0	Mid-ILS	Pulp Fiction, Fight Club, The Shawshank Redemption, The Empire Strikes Back, Star Wars, American Beauty, Requiem for a Dream	['seen', 'seen', 'seen', 'seen', 'seen', 'seen', 'seen']	7	4	4	2	5	5	more	0,0,0,0,0,0,0	Low-ILS	The Godfather: Part II, The Lord of the Rings: The Fellowship of the Ring, Se7en, Forrest Gump, The Fugitive, The Shining, The Matrix	['seen', 'seen', 'seen', 'seen', 'seen', 'seen', 'seen']	7	4	4	2	5	5	more	0,0,0,0,0,0,0	Se7en	Forrest Gump	2	0	69,111612	72,626152	105,334479	4,743932	49,770701	264,205466	10,810611	212,703448	5	4	2	plot, actors, genre, image, title, runtime, year	I matched what was different by the type of movie like horror, action, and they also which movies were critically acclaimed.	fun! tysm
79277	('Group1=', 1, ', Group2=', 3, ', Group3=', 2, 'ComparisonGroup=', 2)	2022-03-31 13:46:25.083334	2022-03-31 13:49:51.819022	206,735688	False	2	26-35	male	3	Low-ILS	The Godfather: Part II, The Lord of the Rings: The Fellowship of the Ring, Se7en, Forrest Gump, The Fugitive, The Shining, The Matrix	['heard', 'seen', 'seen', 'seen', 'heard', 'seen', 'seen']	2	4	4	3	5	4	more	0,0,0,0,0,0,0	High-ILS	The Sixth Sense, Schindler’s List, The Silence of the Lambs, The Godfather, Fight Club, Fargo, The Green Mile	['seen', 'seen', 'seen', 'heard', 'seen', 'seen', 'seen']	2	4	4	3	5	5	more	0,0,0,0,0,0,0	Mid-ILS	Pulp Fiction, Fight Club, The Shawshank Redemption, The Empire Strikes Back, Star Wars, American Beauty, Requiem for a Dream	['heard', 'seen', 'seen', 'seen', 'heard', 'seen', 'seen']	2	4	4	2	5	5	more	0,0,0,0,0,0,0	The Fugitive	Forrest Gump	1	0	54,508162	39,899933	22,488329	5,597903	29,732716	31,855169	12,638709	9,900804	4	4	2	genre, plot, actors, title, image, year, runtime	Basically what the movie was all about and the main theme of the movie is what I used to determine how diverse it was.	
96766	('Group1=', 2, ', Group2=', 3, ', Group3=', 1, 'ComparisonGroup=', 2)	2022-03-31 14:42:59.805118	2022-03-31 14:47:30.469306	270,664188	False	2	26-35	female	4	Mid-ILS	Pulp Fiction, Fight Club, The Shawshank Redemption, The Empire Strikes Back, Star Wars, American Beauty, Requiem for a Dream	['seen', 'seen', 'heard', 'never', 'seen', 'seen', 'seen']	6	4	3	3	4	5	more	0,0,0,0,0,0,0	High-ILS	The Sixth Sense, Schindler’s List, The Silence of the Lambs, The Godfather, Fight Club, Fargo, The Green Mile	['seen', 'heard', 'seen', 'heard', 'seen', 'seen', 'heard']	6	2	2	4	4	5	more	0,0,0,0,0,0,0	Low-ILS	The Godfather: Part II, The Lord of the Rings: The Fellowship of the Ring, Se7en, Forrest Gump, The Fugitive, The Shining, The Matrix	['seen', 'seen', 'heard', 'never', 'seen', 'seen', 'seen']	6	4	4	2	5	5	more	0,0,0,0,0,0,0	The Fugitive	Forrest Gump	1	0	90,509601	39,241658	28,779131	6,10391	39,483458	31,724609	20,691108	14,018128	5	4	3	genre	If they are in the same category such as rom-com, comedy, action, thriller, horror, etc. If they are in different categories then it is a diverse list of movies.	
57814	('Group1=', 2, ', Group2=', 1, ', Group3=', 3, 'ComparisonGroup=', 2)	2022-03-31 14:40:49.202421	2022-03-31 14:45:45.530988	296,328567	False	2	36-45	male	4	Mid-ILS	Pulp Fiction, Fight Club, The Shawshank Redemption, The Empire Strikes Back, Star Wars, American Beauty, Requiem for a Dream	['seen', 'seen', 'seen', 'seen', 'seen', 'seen', 'never']	2	5	5	2	5	5	more	0,0,0,0,0,0,0	Low-ILS	The Godfather: Part II, The Lord of the Rings: The Fellowship of the Ring, Se7en, Forrest Gump, The Fugitive, The Shining, The Matrix	['seen', 'seen', 'seen', 'seen', 'seen', 'seen', 'seen']	2	5	5	1	5	5	more	0,0,0,0,0,0,0	High-ILS	The Sixth Sense, Schindler’s List, The Silence of the Lambs, The Godfather, Fight Club, Fargo, The Green Mile	['seen', 'seen', 'seen', 'seen', 'seen', 'seen', 'never']	2	5	5	1	5	5	more	0,0,0,0,0,0,0	The Fugitive	Forrest Gump	1	0	66,813062	38,648923	30,815155	13,402285	81,419919	39,422536	15,772804	9,929744	5	5	1	genre, plot, actors, image, title, runtime, year	When i think of a movie being diverse, I think of the genre of the movie such as Action or Horror. I think the main difference in a movie is the genre, as a Horror movie cannot be considered similar to a Action movie in anyway. 	
3321	('Group1=', 2, ', Group2=', 3, ', Group3=', 1, 'ComparisonGroup=', 2)	2022-03-31 13:46:27.211654	2022-03-31 13:52:22.556178	355,344524	False	2	46-55	male	5	Mid-ILS	Pulp Fiction, Fight Club, The Shawshank Redemption, The Empire Strikes Back, Star Wars, American Beauty, Requiem for a Dream	['seen', 'seen', 'heard', 'seen', 'seen', 'seen', 'heard']	2	4	4	2	4	5	more	0,0,0,0,0,0,0	High-ILS	The Sixth Sense, Schindler’s List, The Silence of the Lambs, The Godfather, Fight Club, Fargo, The Green Mile	['seen', 'seen', 'seen', 'seen', 'seen', 'seen', 'heard']	2	3	3	4	4	5	more	0,0,0,0,0,0,0	Low-ILS	The Godfather: Part II, The Lord of the Rings: The Fellowship of the Ring, Se7en, Forrest Gump, The Fugitive, The Shining, The Matrix	['seen', 'seen', 'heard', 'seen', 'seen', 'seen', 'heard']	2	4	4	3	4	5	more	0,0,0,0,0,0,0	The Fugitive	Forrest Gump	2	0	83,606038	57,689636	57,167711	10,478693	90,855999	31,935695	12,992906	10,389781	4	5	2	genre	 A list is diverse if it contains movies from more than one genre (preferably several).  For example: action, horror, comedy, drama.	
7836	('Group1=', 1, ', Group2=', 3, ', Group3=', 2, 'ComparisonGroup=', 2)	2022-03-31 13:39:07.917453	2022-03-31 13:45:36.300856	388,383403	False	2	26-35	female	4	Low-ILS	The Godfather: Part II, The Lord of the Rings: The Fellowship of the Ring, Se7en, Forrest Gump, The Fugitive, The Shining, The Matrix	['never', 'heard', 'never', 'seen', 'never', 'heard', 'seen']	1	4	4	3	4	5	more	0,0,0,0,0,0,0	High-ILS	The Sixth Sense, Schindler’s List, The Silence of the Lambs, The Godfather, Fight Club, Fargo, The Green Mile	['heard', 'heard', 'heard', 'never', 'never', 'never', 'heard']	1	3	4	4	5	3	more	0,0,0,0,0,0,0	Mid-ILS	Pulp Fiction, Fight Club, The Shawshank Redemption, The Empire Strikes Back, Star Wars, American Beauty, Requiem for a Dream	['never', 'heard', 'never', 'seen', 'never', 'heard', 'seen']	1	3	4	3	4	3	more	0,0,0,0,0,0,0	The Fugitive	Forrest Gump	4	0	84,973552	45,163306	44,580072	11,260682	116,36172	50,03441	13,943813	21,915987	3	4	3	actors	The criteria I used is by reading the names of the movies and by seeing the pictures of it.	its good
56172	('Group1=', 3, ', Group2=', 2, ', Group3=', 1, 'ComparisonGroup=', 2)	2022-03-31 14:46:43.751234	2022-03-31 14:53:28.368015	404,616781	False	2	36-45	male	5	High-ILS	The Sixth Sense, Schindler’s List, The Silence of the Lambs, The Godfather, Fight Club, Fargo, The Green Mile	['seen', 'seen', 'seen', 'seen', 'seen', 'seen', 'seen']	5	4	4	2	5	5	more	0,0,0,0,0,0,0	Mid-ILS	Pulp Fiction, Fight Club, The Shawshank Redemption, The Empire Strikes Back, Star Wars, American Beauty, Requiem for a Dream	['seen', 'seen', 'seen', 'seen', 'seen', 'seen', 'seen']	5	5	5	1	4	5	more	0,0,0,0,0,0,0	Low-ILS	The Godfather: Part II, The Lord of the Rings: The Fellowship of the Ring, Se7en, Forrest Gump, The Fugitive, The Shining, The Matrix	['seen', 'seen', 'seen', 'seen', 'seen', 'seen', 'seen']	5	5	5	1	4	5	more	0,0,0,0,0,0,0	The Fugitive	Forrest Gump	1	0	72,980525	65,395051	48,534418	42,301361	91,773603	20,08113	41,117241	22,264828	5	5	1	genre, plot	 I tried to compare the storyline and genre of the movie choices.  There were a sufficient amount of variety in the choices presented.	No additional feedback.
71439	('Group1=', 1, ', Group2=', 3, ', Group3=', 2, 'ComparisonGroup=', 2)	2022-03-31 13:43:54.156085	2022-03-31 13:51:00.017655	425,86157	False	2	46-55	female	4	Low-ILS	The Godfather: Part II, The Lord of the Rings: The Fellowship of the Ring, Se7en, Forrest Gump, The Fugitive, The Shining, The Matrix	['heard', 'seen', 'heard', 'seen', 'seen', 'seen', 'seen']	2	4	4	2	5	5	more	0,0,0,0,0,0,0	High-ILS	The Sixth Sense, Schindler’s List, The Silence of the Lambs, The Godfather, Fight Club, Fargo, The Green Mile	['seen', 'seen', 'heard', 'heard', 'seen', 'heard', 'seen']	2	2	4	4	2	4	exactly	0,0,0,0,0,0,0	Mid-ILS	Pulp Fiction, Fight Club, The Shawshank Redemption, The Empire Strikes Back, Star Wars, American Beauty, Requiem for a Dream	['heard', 'seen', 'heard', 'seen', 'seen', 'seen', 'seen']	2	4	4	4	5	5	more	0,0,0,0,0,0,0	The Fugitive	Forrest Gump	1	0	75,965749	57,802259	38,830147	13,271421	121,689956	69,406668	27,017369	21,761902	4	3	4	genre	I looked to see if there was more then 1 different genre. 	
39218	('Group1=', 2, ', Group2=', 3, ', Group3=', 1, 'ComparisonGroup=', 2)	2022-03-31 15:55:00.812722	2022-03-31 16:04:02.328173	541,515451	False	2	26-35	female	5	Mid-ILS	Pulp Fiction, Fight Club, The Shawshank Redemption, The Empire Strikes Back, Star Wars, American Beauty, Requiem for a Dream	['never', 'never', 'seen', 'heard', 'heard', 'never', 'seen']	3	5	3	4	5	4	exactly	0,0,0,0,0,0,0	High-ILS	The Sixth Sense, Schindler’s List, The Silence of the Lambs, The Godfather, Fight Club, Fargo, The Green Mile	['never', 'heard', 'seen', 'heard', 'heard', 'heard', 'seen']	3	4	3	5	4	5	more	0,0,0,0,0,0,0	Low-ILS	The Godfather: Part II, The Lord of the Rings: The Fellowship of the Ring, Se7en, Forrest Gump, The Fugitive, The Shining, The Matrix	['never', 'never', 'seen', 'heard', 'heard', 'never', 'seen']	3	4	5	4	3	5	exactly	0,0,0,0,0,0,0	The Fugitive	Forrest Gump	5	0,1	67,29419	48,564878	46,970581	24,354291	246,966337	68,289823	14,333899	24,317595	4	5	3	title, genre, plot, image, year, actors, runtime	Partnerships between schools and community groups offer a clear benefit: They enhance learning opportunities by providing students with resources, experiences, and environments they would not otherwise have. Improves Time Management. Grades may go up and down, but students' time management is a learned skill that will shape their future habits. Helps Build Independence. ...Teaches Students to Be Proactive. Teaches Problem Solving Skills. .Helps Curate Their Interests.	good
89369	('Group1=', 1, ', Group2=', 2, ', Group3=', 3, 'ComparisonGroup=', 2)	2022-03-31 13:42:26.103658	2022-03-31 13:53:28.312168	662,20851	False	2	46-55	male	3	Low-ILS	The Godfather: Part II, The Lord of the Rings: The Fellowship of the Ring, Se7en, Forrest Gump, The Fugitive, The Shining, The Matrix	['seen', 'seen', 'seen', 'seen', 'heard', 'seen', 'seen']	1	2	2	4	2	3	more	0,0,0,0,0,0,0	Mid-ILS	Pulp Fiction, Fight Club, The Shawshank Redemption, The Empire Strikes Back, Star Wars, American Beauty, Requiem for a Dream	['seen', 'seen', 'seen', 'seen', 'seen', 'seen', 'seen']	1	4	3	2	4	4	more	0,0,0,0,0,0,0	High-ILS	The Sixth Sense, Schindler’s List, The Silence of the Lambs, The Godfather, Fight Club, Fargo, The Green Mile	['seen', 'seen', 'seen', 'seen', 'heard', 'seen', 'seen']	1	2	2	5	3	4	more	0,0,0,0,0,0,0	The Fugitive	Forrest Gump	2	0	154,268344	58,945117	58,999715	7,838846	251,933678	95,032637	23,796976	11,230222	4	4	2	plot, genre, actors, year	 A number of reasons.  There is the genre of the movies, Sci-fi, crime, drama.  Also, there are the audiences they are aimed at, even though they might be sci-fi compared with crime, the audience that might pick it could be similar.  Also, there are the types of audience, those that enjoy Indie movies, those that like quirky, foreign, or classics.	
7904	('Group1=', 1, ', Group2=', 3, ', Group3=', 2, 'ComparisonGroup=', 2)	2022-03-31 14:54:21.529409	2022-03-31 15:11:12.882148	1011,352739	False	2	26-35	male	4	Low-ILS	The Godfather: Part II, The Lord of the Rings: The Fellowship of the Ring, Se7en, Forrest Gump, The Fugitive, The Shining, The Matrix	['never', 'heard', 'seen', 'seen', 'never', 'seen', 'seen']	6	3	5	4	4	3	exactly	0,0,0,0,0,0,0	High-ILS	The Sixth Sense, Schindler’s List, The Silence of the Lambs, The Godfather, Fight Club, Fargo, The Green Mile	['heard', 'never', 'seen', 'heard', 'seen', 'seen', 'heard']	6	4	3	4	4	5	exactly	0,0,0,0,0,0,0	Mid-ILS	Pulp Fiction, Fight Club, The Shawshank Redemption, The Empire Strikes Back, Star Wars, American Beauty, Requiem for a Dream	['never', 'heard', 'seen', 'seen', 'never', 'seen', 'seen']	6	5	3	4	3	5	exactly	0,0,0,0,0,0,0	The Fugitive	Forrest Gump	3	0	375,086297	390,88103	24,851654	7,11531	167,26469	11,693634	13,196214	21,148487	3	4	4	image, runtime, actors, title, year, plot, genre	I have read the text.I chose the movie based on the quality of it and the story of the movie. The characters are also important.	
56064	('Group1=', 1, ', Group2=', 3, ', Group3=', 2, 'ComparisonGroup=', 2)	2022-03-31 15:03:01.443065	2022-03-31 15:23:22.459718	1221,016653	False	2	56-65	male	5	Low-ILS	The Godfather: Part II, The Lord of the Rings: The Fellowship of the Ring, Se7en, Forrest Gump, The Fugitive, The Shining, The Matrix	['heard', 'heard', 'seen', 'heard', 'seen', 'heard', 'heard']	3	5	5	4	5	3	exactly	0,0,0,0,0,0,0	High-ILS	The Sixth Sense, Schindler’s List, The Silence of the Lambs, The Godfather, Fight Club, Fargo, The Green Mile	['heard', 'seen', 'heard', 'never', 'seen', 'heard', 'heard']	3	4	5	3	4	4	exactly	0,0,0,0,0,0,0	Mid-ILS	Pulp Fiction, Fight Club, The Shawshank Redemption, The Empire Strikes Back, Star Wars, American Beauty, Requiem for a Dream	['heard', 'heard', 'seen', 'heard', 'seen', 'heard', 'heard']	3	4	3	4	5	4	more	0,0,0,0,0,0,0	The Fugitive	Forrest Gump	4	0	897,027984	50,164675	37,175925	9,067314	142,993792	29,617449	9,771416	44,931294	4	5	5	plot, runtime, title, image, year, actors, genre	The Bechdel Test, or Bechdel-Wallace Test, sometimes called the Mo Movie Measure or Bechdel Rule is a simple test which names the following three criteria	good
56142	('Group1=', 2, ', Group2=', 3, ', Group3=', 1, 'ComparisonGroup=', 1)	2022-03-31 13:41:22.539035	2022-03-31 13:44:59.835082	217,296047	False	2	26-35	male	2	Mid-ILS	Pulp Fiction, Fight Club, The Shawshank Redemption, The Empire Strikes Back, Star Wars, American Beauty, Requiem for a Dream	['seen', 'heard', 'heard', 'heard', 'heard', 'heard', 'heard']	3	4	5	3	4	4	more	0,0,0,0,0,0,0	High-ILS	The Sixth Sense, Schindler’s List, The Silence of the Lambs, The Godfather, Fight Club, Fargo, The Green Mile	['heard', 'heard', 'seen', 'heard', 'heard', 'heard', 'heard']	3	5	4	3	3	5	more	0,0,0,0,0,0,0	Low-ILS	The Godfather: Part II, The Lord of the Rings: The Fellowship of the Ring, Se7en, Forrest Gump, The Fugitive, The Shining, The Matrix	['seen', 'heard', 'heard', 'heard', 'heard', 'heard', 'heard']	3	5	5	3	4	4	more	0,0,0,0,0,0,0	The Lord of the Rings: The Fellowship of the Ring	The Shining	2	0	39,53619	32,131061	31,057548	7,308263	63,867427	24,444095	9,183968	9,683926	4	5	2	genre, plot, actors, title, year, image, runtime	I determined that lists were diverse if the movie titles selected span over different genres. I just tried to picture what i knew about each movie and also read some of the additional info, and then determined how similar i felt they were.	A1PTH9KTRO06EG
81975	('Group1=', 2, ', Group2=', 1, ', Group3=', 3, 'ComparisonGroup=', 1)	2022-03-31 14:42:39.559723	2022-03-31 14:47:15.564408	276,004685	False	2	36-45	male	3	Mid-ILS	Pulp Fiction, Fight Club, The Shawshank Redemption, The Empire Strikes Back, Star Wars, American Beauty, Requiem for a Dream	['never', 'heard', 'seen', 'never', 'heard', 'heard', 'never']	3	3	4	4	3	4	exactly	0,0,0,0,0,0,0	Low-ILS	The Godfather: Part II, The Lord of the Rings: The Fellowship of the Ring, Se7en, Forrest Gump, The Fugitive, The Shining, The Matrix	['heard', 'heard', 'seen', 'seen', 'never', 'heard', 'never']	3	4	3	2	3	4	exactly	0,0,0,0,0,0,0	High-ILS	The Sixth Sense, Schindler’s List, The Silence of the Lambs, The Godfather, Fight Club, Fargo, The Green Mile	['never', 'heard', 'seen', 'never', 'heard', 'heard', 'never']	3	3	4	4	3	4	exactly	0,0,0,0,0,0,0	The Lord of the Rings: The Fellowship of the Ring	The Shining	4	0	40,790732	41,200846	28,12876	7,542142	54,448016	68,991096	18,529267	16,018005	4	3	2	genre, runtime, year, plot, actors, title, image	i usually select the movies in my favorite lists. and i use this method to choose the movie list given	nice survey
78891	('Group1=', 2, ', Group2=', 1, ', Group3=', 3, 'ComparisonGroup=', 1)	2022-03-31 15:19:29.978281	2022-03-31 15:24:12.278654	282,300373	False	2	36-45	male	4	Mid-ILS	Pulp Fiction, Fight Club, The Shawshank Redemption, The Empire Strikes Back, Star Wars, American Beauty, Requiem for a Dream	['seen', 'seen', 'seen', 'heard', 'seen', 'seen', 'seen']	3	4	5	2	4	5	more	0,0,0,0,0,0,0	Low-ILS	The Godfather: Part II, The Lord of the Rings: The Fellowship of the Ring, Se7en, Forrest Gump, The Fugitive, The Shining, The Matrix	['seen', 'heard', 'seen', 'seen', 'seen', 'seen', 'seen']	3	4	4	2	3	5	more	0,0,0,0,0,0,0	High-ILS	The Sixth Sense, Schindler’s List, The Silence of the Lambs, The Godfather, Fight Club, Fargo, The Green Mile	['seen', 'seen', 'seen', 'heard', 'seen', 'seen', 'seen']	3	4	3	3	4	5	more	0,0,0,0,0,0,0	The Lord of the Rings: The Fellowship of the Ring	The Shining	2	0	36,422174	43,118621	30,820093	7,454771	83,489619	57,770742	15,588321	7,512339	4	3	2	genre	I think the list of movies is diverse if it includes different types of genres and plot points in general. Different themes across the board make it diverse to me, like not having a bunch of cop or police movies for example.	
28643	('Group1=', 1, ', Group2=', 3, ', Group3=', 2, 'ComparisonGroup=', 1)	2022-03-31 14:35:46.465758	2022-03-31 14:40:42.825359	296,359601	False	2	26-35	male	4	Low-ILS	The Godfather: Part II, The Lord of the Rings: The Fellowship of the Ring, Se7en, Forrest Gump, The Fugitive, The Shining, The Matrix	['heard', 'heard', 'heard', 'seen', 'heard', 'heard', 'heard']	3	4	4	4	4	4	exactly	0,0,0,0,0,0,0	High-ILS	The Sixth Sense, Schindler’s List, The Silence of the Lambs, The Godfather, Fight Club, Fargo, The Green Mile	['never', 'heard', 'seen', 'heard', 'never', 'heard', 'heard']	3	4	4	4	5	4	more	1,0,0,0,0,0,0	Mid-ILS	Pulp Fiction, Fight Club, The Shawshank Redemption, The Empire Strikes Back, Star Wars, American Beauty, Requiem for a Dream	['heard', 'heard', 'heard', 'seen', 'heard', 'heard', 'heard']	3	4	4	5	5	4	exactly	0,0,0,0,0,0,0	The Lord of the Rings: The Fellowship of the Ring	The Shining	5	0	77,891661	38,374286	29,629568	7,770117	34,582866	60,966763	22,535234	24,482097	4	4	4	genre	I hve read the text films will be judged on originality, creativity, plot, pacing, structure, characters, cinematography and entertainment value as well as on effectiveness of the message and the ability of the film maker to reach an audience.	nice
58848	('Group1=', 1, ', Group2=', 2, ', Group3=', 3, 'ComparisonGroup=', 1)	2022-03-31 13:47:07.363409	2022-03-31 13:52:16.909254	309,545845	False	2	46-55	male	5	Low-ILS	The Godfather: Part II, The Lord of the Rings: The Fellowship of the Ring, Se7en, Forrest Gump, The Fugitive, The Shining, The Matrix	['seen', 'seen', 'seen', 'seen', 'heard', 'never', 'seen']	4	5	5	2	2	5	more	0,0,0,0,0,0,0	Mid-ILS	Pulp Fiction, Fight Club, The Shawshank Redemption, The Empire Strikes Back, Star Wars, American Beauty, Requiem for a Dream	['never', 'seen', 'seen', 'heard', 'seen', 'seen', 'heard']	4	5	5	1	3	5	more	0,0,0,0,0,0,0	High-ILS	The Sixth Sense, Schindler’s List, The Silence of the Lambs, The Godfather, Fight Club, Fargo, The Green Mile	['seen', 'seen', 'seen', 'seen', 'heard', 'never', 'seen']	4	4	3	3	3	4	exactly	0,0,0,0,0,0,0	The Lord of the Rings: The Fellowship of the Ring	The Shining	1	0	56,74005	42,386897	32,354452	36,959817	98,97736	15,396176	16,874863	9,506186	5	5	1	genre, plot, title, actors, image, runtime, year	The genre it was in. Like, Lord of Rings and Forest Gump are completely different.	
14238	('Group1=', 1, ', Group2=', 2, ', Group3=', 3, 'ComparisonGroup=', 1)	2022-03-31 13:55:55.250057	2022-03-31 14:01:41.425733	346,175676	False	2	36-45	female	3	Low-ILS	The Godfather: Part II, The Lord of the Rings: The Fellowship of the Ring, Se7en, Forrest Gump, The Fugitive, The Shining, The Matrix	['heard', 'seen', 'seen', 'seen', 'heard', 'seen', 'seen']	4	3	3	4	3	4	more	0,0,0,0,0,0,0	Mid-ILS	Pulp Fiction, Fight Club, The Shawshank Redemption, The Empire Strikes Back, Star Wars, American Beauty, Requiem for a Dream	['seen', 'seen', 'seen', 'seen', 'seen', 'seen', 'seen']	4	4	4	2	2	4	more	0,0,0,0,0,0,0	High-ILS	The Sixth Sense, Schindler’s List, The Silence of the Lambs, The Godfather, Fight Club, Fargo, The Green Mile	['heard', 'seen', 'seen', 'seen', 'heard', 'seen', 'seen']	4	4	4	2	3	4	more	0,0,0,0,0,0,0	The Lord of the Rings: The Fellowship of the Ring	The Shining	1	1,1	67,847147	43,686422	44,441745	22,99984	95,063792	39,556326	19,315616	13,150493	4	4	3	genre, plot	I looked at what genres the movies were in, thought about what the movies were about, what emotion they were trying to elicit, and judged how similar or different the movies presented were. 	
67734	('Group1=', 3, ', Group2=', 2, ', Group3=', 1, 'ComparisonGroup=', 1)	2022-03-31 13:45:02.735389	2022-03-31 13:51:31.504708	388,769319	False	2	36-45	male	5	High-ILS	The Sixth Sense, Schindler’s List, The Silence of the Lambs, The Godfather, Fight Club, Fargo, The Green Mile	['seen', 'seen', 'seen', 'seen', 'seen', 'heard', 'seen']	6	5	5	2	4	3	more	4,0,0,0,0,0,0	Mid-ILS	Pulp Fiction, Fight Club, The Shawshank Redemption, The Empire Strikes Back, Star Wars, American Beauty, Requiem for a Dream	['seen', 'seen', 'seen', 'seen', 'seen', 'seen', 'seen']	6	5	5	1	4	5	more	0,0,0,0,0,0,0	Low-ILS	The Godfather: Part II, The Lord of the Rings: The Fellowship of the Ring, Se7en, Forrest Gump, The Fugitive, The Shining, The Matrix	['seen', 'seen', 'seen', 'seen', 'seen', 'heard', 'seen']	6	5	5	1	5	5	more	0,0,0,0,0,0,0	The Lord of the Rings: The Fellowship of the Ring	The Shining	1	0	137,095512	43,282321	40,660905	12,838504	67,378767	44,639056	23,096125	19,691421	2	2	3	genre, plot, title, runtime, image, actors, year	I was comparing, not only a genre, but what the movie was about and mainly if it was a fiction or not. For example, Matrix and Godfather are highly diverse movies :)	Thank You
21781	('Group1=', 3, ', Group2=', 2, ', Group3=', 1, 'ComparisonGroup=', 1)	2022-03-31 15:01:41.896609	2022-03-31 15:08:14.523070	392,626461	False	2	26-35	female	4	High-ILS	The Sixth Sense, Schindler’s List, The Silence of the Lambs, The Godfather, Fight Club, Fargo, The Green Mile	['seen', 'heard', 'heard', 'heard', 'seen', 'heard', 'seen']	7	4	4	3	3	4	exactly	0,0,0,0,0,0,0	Mid-ILS	Pulp Fiction, Fight Club, The Shawshank Redemption, The Empire Strikes Back, Star Wars, American Beauty, Requiem for a Dream	['heard', 'seen', 'seen', 'heard', 'seen', 'seen', 'heard']	7	3	4	4	3	4	more	0,0,0,0,0,0,0	Low-ILS	The Godfather: Part II, The Lord of the Rings: The Fellowship of the Ring, Se7en, Forrest Gump, The Fugitive, The Shining, The Matrix	['seen', 'heard', 'heard', 'heard', 'seen', 'heard', 'seen']	7	4	4	3	3	4	exactly	0,0,0,0,0,0,0	The Lord of the Rings: The Fellowship of the Ring	The Shining	4	1	75,79047	32,360956	32,457387	11,775633	149,447723	58,668432	11,320856	20,689021	4	3	4	actors, title, runtime, image, plot, year, genre	This movies are somewhat familiar and good movies. It is gives a entertainment and happiness to me.	
26759	('Group1=', 1, ', Group2=', 2, ', Group3=', 3, 'ComparisonGroup=', 1)	2022-03-31 14:11:18.318702	2022-03-31 14:18:15.883217	417,564515	False	2	>65	female	4	Low-ILS	The Godfather: Part II, The Lord of the Rings: The Fellowship of the Ring, Se7en, Forrest Gump, The Fugitive, The Shining, The Matrix	['seen', 'heard', 'seen', 'seen', 'seen', 'seen', 'heard']	4	4	4	3	2	5	more	0,0,0,0,0,0,0	Mid-ILS	Pulp Fiction, Fight Club, The Shawshank Redemption, The Empire Strikes Back, Star Wars, American Beauty, Requiem for a Dream	['heard', 'heard', 'seen', 'seen', 'seen', 'seen', 'never']	4	4	3	4	5	5	more	0,0,0,0,0,0,0	High-ILS	The Sixth Sense, Schindler’s List, The Silence of the Lambs, The Godfather, Fight Club, Fargo, The Green Mile	['seen', 'heard', 'seen', 'seen', 'seen', 'seen', 'heard']	4	4	4	4	3	5	more	0,0,0,0,0,0,0	The Lord of the Rings: The Fellowship of the Ring	The Shining	2	0	84,293867	58,041196	53,75699	13,970179	86,172982	80,640521	23,724515	16,824242	5	3	2	genre, plot, title, image, actors, year, runtime	I'm guessing in each, I looked at how gory they were, fantasies or how popular they were in general.	none but thank you
49090	('Group1=', 1, ', Group2=', 3, ', Group3=', 2, 'ComparisonGroup=', 1)	2022-03-31 14:50:10.426852	2022-03-31 14:57:17.681781	427,254929	False	2	>65	female	5	Low-ILS	The Godfather: Part II, The Lord of the Rings: The Fellowship of the Ring, Se7en, Forrest Gump, The Fugitive, The Shining, The Matrix	['seen', 'heard', 'never', 'seen', 'seen', 'seen', 'heard']	4	4	4	2	4	4	more	0,0,0,0,0,0,0	High-ILS	The Sixth Sense, Schindler’s List, The Silence of the Lambs, The Godfather, Fight Club, Fargo, The Green Mile	['heard', 'never', 'heard', 'seen', 'never', 'never', 'seen']	4	5	5	2	3	3	more	0,0,0,0,0,0,0	Mid-ILS	Pulp Fiction, Fight Club, The Shawshank Redemption, The Empire Strikes Back, Star Wars, American Beauty, Requiem for a Dream	['seen', 'heard', 'never', 'seen', 'seen', 'seen', 'heard']	4	5	5	2	4	4	more	0,0,0,0,0,0,0	The Lord of the Rings: The Fellowship of the Ring	The Shining	2	0	106,461636	98,442805	60,939405	13,698134	44,100561	60,586622	18,627797	24,26606	4	4	2	actors, plot, genre, image, title, runtime, year	and some are love stories, some are drama movies, they are very different from each other.	none
16600	('Group1=', 2, ', Group2=', 1, ', Group3=', 3, 'ComparisonGroup=', 1)	2022-03-31 13:58:43.295026	2022-03-31 14:05:52.071109	428,776083	False	2	56-65	female	4	Mid-ILS	Pulp Fiction, Fight Club, The Shawshank Redemption, The Empire Strikes Back, Star Wars, American Beauty, Requiem for a Dream	['seen', 'heard', 'seen', 'seen', 'seen', 'seen', 'seen']	1	4	4	2	2	5	more	0,0,0,0,0,0,0	Low-ILS	The Godfather: Part II, The Lord of the Rings: The Fellowship of the Ring, Se7en, Forrest Gump, The Fugitive, The Shining, The Matrix	['seen', 'seen', 'seen', 'seen', 'seen', 'seen', 'seen']	1	4	4	2	5	5	more	0,0,0,0,0,0,0	High-ILS	The Sixth Sense, Schindler’s List, The Silence of the Lambs, The Godfather, Fight Club, Fargo, The Green Mile	['seen', 'heard', 'seen', 'seen', 'seen', 'seen', 'seen']	1	4	4	2	2	5	more	0,0,0,0,0,0,0	The Lord of the Rings: The Fellowship of the Ring	The Shining	1	1,1	79,786416	48,327638	66,306138	23,902812	134,078845	30,171482	31,44927	14,672199	4	5	1	genre	I primarily used the genre of the movies to form my opinion about whether they were very similar or not. 	
27619	('Group1=', 1, ', Group2=', 2, ', Group3=', 3, 'ComparisonGroup=', 1)	2022-03-31 13:53:40.410447	2022-03-31 14:01:31.502938	471,092491	False	2	36-45	male	3	Low-ILS	The Godfather: Part II, The Lord of the Rings: The Fellowship of the Ring, Se7en, Forrest Gump, The Fugitive, The Shining, The Matrix	['heard', 'never', 'heard', 'seen', 'never', 'heard', 'never']	4	4	3	4	3	3	exactly	0,0,0,0,0,0,0	Mid-ILS	Pulp Fiction, Fight Club, The Shawshank Redemption, The Empire Strikes Back, Star Wars, American Beauty, Requiem for a Dream	['never', 'heard', 'seen', 'never', 'never', 'heard', 'never']	4	4	4	3	4	3	exactly	0,0,0,0,0,0,0	High-ILS	The Sixth Sense, Schindler’s List, The Silence of the Lambs, The Godfather, Fight Club, Fargo, The Green Mile	['heard', 'never', 'heard', 'seen', 'never', 'heard', 'never']	4	3	4	3	2	3	exactly	0,0,0,0,0,0,0	The Lord of the Rings: The Fellowship of the Ring	The Shining	3	0	64,069974	35,617678	34,913138	31,502397	161,22578	24,041938	94,661657	24,899502	4	3	2	actors, year, runtime, image, title, plot, genre	my favorite movie list i select the list given. this method i use to select the movies	nice survey
68150	('Group1=', 3, ', Group2=', 2, ', Group3=', 1, 'ComparisonGroup=', 1)	2022-03-31 13:40:28.262937	2022-03-31 13:48:57.957846	509,694909	False	2	26-35	non-binary	5	High-ILS	The Sixth Sense, Schindler’s List, The Silence of the Lambs, The Godfather, Fight Club, Fargo, The Green Mile	['seen', 'heard', 'seen', 'seen', 'seen', 'never', 'seen']	4	5	5	2	3	5	more	0,0,0,0,0,0,0	Mid-ILS	Pulp Fiction, Fight Club, The Shawshank Redemption, The Empire Strikes Back, Star Wars, American Beauty, Requiem for a Dream	['seen', 'seen', 'seen', 'seen', 'seen', 'heard', 'never']	4	5	5	1	5	5	more	0,0,0,0,0,0,0	Low-ILS	The Godfather: Part II, The Lord of the Rings: The Fellowship of the Ring, Se7en, Forrest Gump, The Fugitive, The Shining, The Matrix	['seen', 'heard', 'seen', 'seen', 'seen', 'never', 'seen']	4	5	4	1	5	5	more	0,0,0,0,0,0,0	The Lord of the Rings: The Fellowship of the Ring	The Shining	1	0	67,780958	59,513632	30,549232	8,048568	224,288409	67,169242	30,520806	21,614807	5	5	3	plot	Knowledge about the diversity of the list of films is only possible if they have been watched previously, or by a quick read in the synopsis of the film, you can also classify or imagine what will become of a film by the director, as they follow their own cinematographic language.	Nice layout.
65201	('Group1=', 3, ', Group2=', 2, ', Group3=', 1, 'ComparisonGroup=', 1)	2022-03-31 13:41:56.818918	2022-03-31 13:52:17.879784	621,060866	False	2	19-25	female	4	High-ILS	The Sixth Sense, Schindler’s List, The Silence of the Lambs, The Godfather, Fight Club, Fargo, The Green Mile	['seen', 'heard', 'seen', 'seen', 'seen', 'heard', 'seen']	4	4	5	2	4	5	more	0,0,0,0,0,0,0	Mid-ILS	Pulp Fiction, Fight Club, The Shawshank Redemption, The Empire Strikes Back, Star Wars, American Beauty, Requiem for a Dream	['seen', 'seen', 'seen', 'seen', 'seen', 'seen', 'seen']	4	4	5	4	4	5	more	0,0,0,0,0,0,0	Low-ILS	The Godfather: Part II, The Lord of the Rings: The Fellowship of the Ring, Se7en, Forrest Gump, The Fugitive, The Shining, The Matrix	['seen', 'heard', 'seen', 'seen', 'seen', 'heard', 'seen']	4	4	5	4	4	5	more	0,0,0,0,0,0,0	The Lord of the Rings: The Fellowship of the Ring	The Shining	4	0	196,998217	322,661022	25,997428	4,494987	45,200445	8,936265	8,269939	8,341635	4	4	5	genre, actors, plot, title, year, runtime, image	It's the genre, actors, plot, overall ambience, feeling, these are all the things that to me determine whether the movies in a list are diverse	
8409	('Group1=', 2, ', Group2=', 1, ', Group3=', 3, 'ComparisonGroup=', 1)	2022-03-31 15:43:49.891043	2022-03-31 15:54:16.631976	626,740933	False	2	56-65	male	5	Mid-ILS	Pulp Fiction, Fight Club, The Shawshank Redemption, The Empire Strikes Back, Star Wars, American Beauty, Requiem for a Dream	['seen', 'seen', 'seen', 'seen', 'seen', 'heard', 'heard']	7	4	4	2	4	2	more	0,0,0,0,0,0,0	Low-ILS	The Godfather: Part II, The Lord of the Rings: The Fellowship of the Ring, Se7en, Forrest Gump, The Fugitive, The Shining, The Matrix	['seen', 'seen', 'heard', 'seen', 'seen', 'seen', 'seen']	7	4	4	2	4	2	more	0,0,0,0,0,0,0	High-ILS	The Sixth Sense, Schindler’s List, The Silence of the Lambs, The Godfather, Fight Club, Fargo, The Green Mile	['seen', 'seen', 'seen', 'seen', 'seen', 'heard', 'heard']	7	4	4	2	4	2	more	0,0,0,0,0,0,0	The Lord of the Rings: The Fellowship of the Ring	The Shining	1	0	148,302408	75,342865	69,927642	24,205498	194,027095	54,812638	22,324902	37,630921	4	4	2	genre, plot, actors	I analyzed the choices by genre.  I categorized some as Science Fiction, Horror, Drama, Action Adventure and Thriller.  If their were at least three of these present among the choices, I thought it was diverse.	
30240	('Group1=', 1, ', Group2=', 3, ', Group3=', 2, 'ComparisonGroup=', 1)	2022-03-31 14:39:55.914837	2022-03-31 14:53:28.513448	812,598611	False	2	26-35	male	4	Low-ILS	The Godfather: Part II, The Lord of the Rings: The Fellowship of the Ring, Se7en, Forrest Gump, The Fugitive, The Shining, The Matrix	['seen', 'seen', 'heard', 'never', 'heard', 'heard', 'seen']	6	4	5	4	5	4	exactly	0,0,0,0,0,0,0	High-ILS	The Sixth Sense, Schindler’s List, The Silence of the Lambs, The Godfather, Fight Club, Fargo, The Green Mile	['never', 'heard', 'heard', 'seen', 'heard', 'heard', 'never']	6	4	4	5	4	4	exactly	0,0,0,0,0,0,0	Mid-ILS	Pulp Fiction, Fight Club, The Shawshank Redemption, The Empire Strikes Back, Star Wars, American Beauty, Requiem for a Dream	['seen', 'seen', 'heard', 'never', 'heard', 'heard', 'seen']	6	4	4	5	5	4	exactly	0,0,0,0,0,0,0	The Lord of the Rings: The Fellowship of the Ring	The Shining	2	0	226,300275	74,40634	31,925248	16,448972	192,276058	236,076654	12,289913	22,759386	4	5	4	genre, image, title	I USED TO WATCH THE MOVIES WITH SCIENCE FICTION AND THRILLER MOVIES I GIVE THE OPINION WITH THAT CRITIRIA.	GOOD
90947	('Group1=', 1, ', Group2=', 3, ', Group3=', 2, 'ComparisonGroup=', 1)	2022-03-31 13:45:52.435011	2022-03-31 13:59:31.306363	818,871352	False	2	56-65	male	2	Low-ILS	The Godfather: Part II, The Lord of the Rings: The Fellowship of the Ring, Se7en, Forrest Gump, The Fugitive, The Shining, The Matrix	['seen', 'heard', 'heard', 'seen', 'seen', 'heard', 'heard']	7	4	4	2	4	4	more	0,0,0,0,0,0,0	High-ILS	The Sixth Sense, Schindler’s List, The Silence of the Lambs, The Godfather, Fight Club, Fargo, The Green Mile	['heard', 'seen', 'heard', 'seen', 'heard', 'seen', 'seen']	7	2	2	4	2	3	none	0,0,0,0,0,0,0	Mid-ILS	Pulp Fiction, Fight Club, The Shawshank Redemption, The Empire Strikes Back, Star Wars, American Beauty, Requiem for a Dream	['seen', 'heard', 'heard', 'seen', 'seen', 'heard', 'heard']	7	4	3	3	4	5	more	0,0,0,0,0,0,0	The Lord of the Rings: The Fellowship of the Ring	The Shining	1	0	462,659716	70,422047	52,311822	13,141783	133,093744	40,664932	25,845716	20,612528	3	3	3	actors	 Who is in the led. For example if the lead is a woman.  The rest of the cast being from different ethnicities.  Male, vs female. 	
53298	('Group1=', 2, ', Group2=', 1, ', Group3=', 3, 'ComparisonGroup=', 1)	2022-03-31 13:49:13.442612	2022-03-31 14:05:03.440293	949,997681	False	2	36-45	male	2	Mid-ILS	Pulp Fiction, Fight Club, The Shawshank Redemption, The Empire Strikes Back, Star Wars, American Beauty, Requiem for a Dream	['seen', 'seen', 'seen', 'heard', 'heard', 'heard', 'heard']	3	4	4	2	4	5	more	0,0,0,0,0,0,0	Low-ILS	The Godfather: Part II, The Lord of the Rings: The Fellowship of the Ring, Se7en, Forrest Gump, The Fugitive, The Shining, The Matrix	['heard', 'seen', 'seen', 'seen', 'seen', 'heard', 'seen']	3	5	5	2	2	3	more	0,0,0,0,0,0,0	High-ILS	The Sixth Sense, Schindler’s List, The Silence of the Lambs, The Godfather, Fight Club, Fargo, The Green Mile	['seen', 'seen', 'seen', 'heard', 'heard', 'heard', 'heard']	3	2	2	4	4	4	more	0,0,0,0,0,0,0	The Lord of the Rings: The Fellowship of the Ring	The Shining	2	0	396,845651	207,291319	114,423984	75,182447	90,61843	38,052824	18,411612	9,045775	4	4	2	genre	I determined what genre the movie was from such as Action, Comedy, Drama, etc. Then I looked at the popularity of the movies.	
27361	('Group1=', 2, ', Group2=', 3, ', Group3=', 1, 'ComparisonGroup=', 3)	2022-03-31 15:41:53.934657	2022-03-31 15:45:17.794002	203,859345	False	2	36-45	male	4	Mid-ILS	Pulp Fiction, Fight Club, The Shawshank Redemption, The Empire Strikes Back, Star Wars, American Beauty, Requiem for a Dream	['seen', 'seen', 'heard', 'heard', 'heard', 'heard', 'heard']	2	4	4	4	4	4	more	0,0,0,0,0,0,0	High-ILS	The Sixth Sense, Schindler’s List, The Silence of the Lambs, The Godfather, Fight Club, Fargo, The Green Mile	['seen', 'seen', 'seen', 'seen', 'seen', 'heard', 'seen']	2	4	4	4	4	4	more	0,0,0,0,0,0,0	Low-ILS	The Godfather: Part II, The Lord of the Rings: The Fellowship of the Ring, Se7en, Forrest Gump, The Fugitive, The Shining, The Matrix	['seen', 'seen', 'heard', 'heard', 'heard', 'heard', 'heard']	2	4	4	4	4	4	more	0,0,0,0,0,0,0	The Matrix	The Godfather: Part II	2	0	51,650177	30,479561	22,610834	9,196428	51,797663	11,864883	15,660284	10,478631	4	4	2	genre	 I use the general genre to determine the differences in the movies	
22326	('Group1=', 2, ', Group2=', 1, ', Group3=', 3, 'ComparisonGroup=', 3)	2022-03-31 13:49:36.186676	2022-03-31 13:53:46.738543	250,551867	False	2	19-25	female	2	Mid-ILS	Pulp Fiction, Fight Club, The Shawshank Redemption, The Empire Strikes Back, Star Wars, American Beauty, Requiem for a Dream	['heard', 'heard', 'heard', 'seen', 'seen', 'heard', 'seen']	6	4	3	2	3	2	more	0,0,0,0,0,1,1	Low-ILS	The Godfather: Part II, The Lord of the Rings: The Fellowship of the Ring, Se7en, Forrest Gump, The Fugitive, The Shining, The Matrix	['heard', 'heard', 'heard', 'seen', 'heard', 'seen', 'heard']	6	3	3	3	4	3	more	0,0,0,0,0,0,0	High-ILS	The Sixth Sense, Schindler’s List, The Silence of the Lambs, The Godfather, Fight Club, Fargo, The Green Mile	['heard', 'heard', 'heard', 'seen', 'seen', 'heard', 'seen']	6	2	2	4	5	4	more	0,0,1,0,0,0,0	The Matrix	The Godfather: Part II	2	0	63,314928	34,239436	48,938188	6,907976	58,190802	24,057854	8,883866	5,887487	4	4	2	genre, actors, image	I determined if a list of movies was diverse primarily by looking at the genre but also by looking at the diversity of the cast.	
40648	('Group1=', 3, ', Group2=', 2, ', Group3=', 1, 'ComparisonGroup=', 3)	2022-03-31 13:59:32.215356	2022-03-31 14:04:12.485177	280,269821	False	2	46-55	male	5	High-ILS	The Sixth Sense, Schindler’s List, The Silence of the Lambs, The Godfather, Fight Club, Fargo, The Green Mile	['seen', 'seen', 'seen', 'seen', 'seen', 'heard', 'seen']	4	5	5	4	4	4	more	0,0,0,0,0,0,0	Mid-ILS	Pulp Fiction, Fight Club, The Shawshank Redemption, The Empire Strikes Back, Star Wars, American Beauty, Requiem for a Dream	['seen', 'seen', 'seen', 'seen', 'seen', 'seen', 'heard']	4	5	5	5	4	4	more	0,0,0,0,0,0,0	Low-ILS	The Godfather: Part II, The Lord of the Rings: The Fellowship of the Ring, Se7en, Forrest Gump, The Fugitive, The Shining, The Matrix	['seen', 'seen', 'seen', 'seen', 'seen', 'heard', 'seen']	4	5	5	5	4	4	more	0,0,0,0,0,0,0	The Matrix	The Godfather: Part II	1	0	64,774912	50,929432	55,895394	9,488951	61,400729	12,685581	11,259381	13,704356	5	5	5	genre	the genre of the movie determines diversity. There was no other determining factor that I considered.	
77430	('Group1=', 2, ', Group2=', 3, ', Group3=', 1, 'ComparisonGroup=', 3)	2022-03-31 14:42:08.874494	2022-03-31 14:47:20.226096	311,351602	False	2	26-35	male	3	Mid-ILS	Pulp Fiction, Fight Club, The Shawshank Redemption, The Empire Strikes Back, Star Wars, American Beauty, Requiem for a Dream	['seen', 'seen', 'seen', 'seen', 'seen', 'seen', 'seen']	4	4	4	2	5	5	more	0,0,0,0,0,0,0	High-ILS	The Sixth Sense, Schindler’s List, The Silence of the Lambs, The Godfather, Fight Club, Fargo, The Green Mile	['seen', 'seen', 'seen', 'seen', 'seen', 'seen', 'seen']	4	4	4	2	4	5	more	0,0,0,0,0,0,0	Low-ILS	The Godfather: Part II, The Lord of the Rings: The Fellowship of the Ring, Se7en, Forrest Gump, The Fugitive, The Shining, The Matrix	['seen', 'seen', 'seen', 'seen', 'seen', 'seen', 'seen']	4	4	4	2	4	5	more	0,0,0,0,0,0,0	The Matrix	The Godfather: Part II	1	0	37,018707	40,304142	40,436791	6,468106	55,409565	97,97608	18,022122	15,553377	5	5	1	genre	I consider a list of movies to be diverse if a variety of genres and time periods are represented.	no comments
87422	('Group1=', 3, ', Group2=', 2, ', Group3=', 1, 'ComparisonGroup=', 3)	2022-03-31 14:56:17.655040	2022-03-31 15:03:13.487124	415,832084	False	2	26-35	female	3	High-ILS	The Sixth Sense, Schindler’s List, The Silence of the Lambs, The Godfather, Fight Club, Fargo, The Green Mile	['heard', 'seen', 'heard', 'heard', 'heard', 'heard', 'seen']	3	4	4	2	3	3	more	0,0,0,0,0,0,0	Mid-ILS	Pulp Fiction, Fight Club, The Shawshank Redemption, The Empire Strikes Back, Star Wars, American Beauty, Requiem for a Dream	['heard', 'heard', 'heard', 'heard', 'heard', 'heard', 'heard']	3	4	4	2	3	3	more	0,0,0,0,0,0,0	Low-ILS	The Godfather: Part II, The Lord of the Rings: The Fellowship of the Ring, Se7en, Forrest Gump, The Fugitive, The Shining, The Matrix	['heard', 'seen', 'heard', 'heard', 'heard', 'heard', 'seen']	3	4	4	1	4	5	more	0,0,0,0,0,0,0	The Matrix	The Godfather: Part II	3	0	108,21107	79,625177	79,955494	6,583703	70,900357	44,193443	15,464835	10,799199	4	2	3	genre	I based the diversity judgment off of the genre I thought each movie would fall under.	
62858	('Group1=', 3, ', Group2=', 1, ', Group3=', 2, 'ComparisonGroup=', 3)	2022-03-31 13:39:22.836615	2022-03-31 13:47:25.819842	482,983227	False	2	26-35	male	5	High-ILS	The Sixth Sense, Schindler’s List, The Silence of the Lambs, The Godfather, Fight Club, Fargo, The Green Mile	['seen', 'seen', 'seen', 'seen', 'seen', 'seen', 'seen']	4	4	5	4	5	4	more	0,0,0,0,0,0,0	Low-ILS	The Godfather: Part II, The Lord of the Rings: The Fellowship of the Ring, Se7en, Forrest Gump, The Fugitive, The Shining, The Matrix	['seen', 'seen', 'seen', 'seen', 'seen', 'seen', 'seen']	4	4	5	4	5	4	more	0,0,0,0,0,0,0	Mid-ILS	Pulp Fiction, Fight Club, The Shawshank Redemption, The Empire Strikes Back, Star Wars, American Beauty, Requiem for a Dream	['seen', 'seen', 'seen', 'seen', 'seen', 'seen', 'seen']	4	4	5	4	5	4	more	0,0,0,0,0,0,0	The Matrix	The Godfather: Part II	1	0	84,529098	28,729589	25,49099	44,489761	153,371966	89,162035	19,619005	37,391048	4	5	4	actors	with the movie which the two movies looks similar. But the two movies The Matrix and The God Father Part II is not similar because the The Godfather, adapted from the 1969 novel by Mario Puzo.	This survey is very Interesting and easy to understand.
90025	('Group1=', 1, ', Group2=', 3, ', Group3=', 2, 'ComparisonGroup=', 3)	2022-03-31 15:16:43.091548	2022-03-31 15:27:23.979903	640,888355	False	2	46-55	male	4	Low-ILS	The Godfather: Part II, The Lord of the Rings: The Fellowship of the Ring, Se7en, Forrest Gump, The Fugitive, The Shining, The Matrix	['never', 'seen', 'seen', 'seen', 'heard', 'seen', 'seen']	7	4	4	2	4	4	more	0,0,0,0,0,0,2	High-ILS	The Sixth Sense, Schindler’s List, The Silence of the Lambs, The Godfather, Fight Club, Fargo, The Green Mile	['heard', 'heard', 'seen', 'heard', 'seen', 'heard', 'heard']	7	5	4	3	4	4	more	0,0,0,0,0,0,0	Mid-ILS	Pulp Fiction, Fight Club, The Shawshank Redemption, The Empire Strikes Back, Star Wars, American Beauty, Requiem for a Dream	['never', 'seen', 'seen', 'seen', 'heard', 'seen', 'seen']	7	4	4	2	4	4	more	0,0,0,0,0,0,0	The Matrix	The Godfather: Part II	1	0	136,887544	75,291226	45,689877	18,449162	207,939443	110,346998	25,20936	20,935907	4	4	2	genre, plot, actors, image, title, runtime, year	 Movies I consider to be diverse are those that do not fall into the same category or gene as the others.  For example, a sci-fi movie would be diverse in comparison to a musical or romance film. 	Thank you! 
38393	('Group1=', 2, ', Group2=', 3, ', Group3=', 1, 'ComparisonGroup=', 3)	2022-03-31 13:52:08.382192	2022-03-31 14:04:37.326330	748,944138	False	2	26-35	male	4	Mid-ILS	Pulp Fiction, Fight Club, The Shawshank Redemption, The Empire Strikes Back, Star Wars, American Beauty, Requiem for a Dream	['seen', 'seen', 'seen', 'heard', 'heard', 'seen', 'seen']	2	4	4	2	4	4	more	0,0,0,0,0,0,0	High-ILS	The Sixth Sense, Schindler’s List, The Silence of the Lambs, The Godfather, Fight Club, Fargo, The Green Mile	['seen', 'seen', 'seen', 'seen', 'seen', 'seen', 'seen']	2	4	4	2	4	4	more	0,0,0,0,0,0,0	Low-ILS	The Godfather: Part II, The Lord of the Rings: The Fellowship of the Ring, Se7en, Forrest Gump, The Fugitive, The Shining, The Matrix	['seen', 'seen', 'seen', 'heard', 'heard', 'seen', 'seen']	2	4	4	2	4	4	more	0,0,0,0,0,0,0	The Matrix	The Godfather: Part II	1	1	73,668717	44,249633	49,707982	24,5887	420,095358	63,835101	28,241044	44,36082	4	4	2	genre, year	My criteria for determining cinematic diversity is the genre and period in which it was produced, basically.	
97887	('Group1=', 2, ', Group2=', 3, ', Group3=', 1, 'ComparisonGroup=', 3)	2022-03-31 14:48:56.074925	2022-03-31 15:02:33.195774	817,120849	False	2	46-55	male	2	Mid-ILS	Pulp Fiction, Fight Club, The Shawshank Redemption, The Empire Strikes Back, Star Wars, American Beauty, Requiem for a Dream	['never', 'heard', 'never', 'never', 'seen', 'never', 'never']	4	4	5	4	3	4	more	0,0,0,0,0,0,0	High-ILS	The Sixth Sense, Schindler’s List, The Silence of the Lambs, The Godfather, Fight Club, Fargo, The Green Mile	['never', 'heard', 'heard', 'never', 'heard', 'never', 'heard']	4	4	5	4	3	4	exactly	0,0,0,0,0,0,0	Low-ILS	The Godfather: Part II, The Lord of the Rings: The Fellowship of the Ring, Se7en, Forrest Gump, The Fugitive, The Shining, The Matrix	['never', 'heard', 'never', 'never', 'seen', 'never', 'never']	4	4	5	3	4	5	more	0,0,0,0,0,0,0	The Matrix	The Godfather: Part II	3	0	145,05138	69,473432	30,389406	13,047921	363,356989	105,308599	11,746281	78,472415	4	5	4	actors	Filim will be judged on originality, plot, crativity,screenplay. And somtimes directors also importent	none
83267	('Group1=', 1, ', Group2=', 2, ', Group3=', 3, 'ComparisonGroup=', 3)	2022-03-31 13:40:51.601867	2022-03-31 13:56:35.777708	944,175841	False	2	36-45	female	4	Low-ILS	The Godfather: Part II, The Lord of the Rings: The Fellowship of the Ring, Se7en, Forrest Gump, The Fugitive, The Shining, The Matrix	['seen', 'never', 'heard', 'heard', 'never', 'never', 'heard']	5	4	4	2	3	4	more	1,0,1,1,0,0,2	Mid-ILS	Pulp Fiction, Fight Club, The Shawshank Redemption, The Empire Strikes Back, Star Wars, American Beauty, Requiem for a Dream	['never', 'heard', 'heard', 'never', 'seen', 'never', 'never']	5	4	4	2	3	4	more	0,0,0,0,0,0,0	High-ILS	The Sixth Sense, Schindler’s List, The Silence of the Lambs, The Godfather, Fight Club, Fargo, The Green Mile	['seen', 'never', 'heard', 'heard', 'never', 'never', 'heard']	5	4	5	1	2	4	more	0,0,0,0,0,0,0	The Matrix	The Godfather: Part II	2	2,2	304,266594	66,256944	59,744837	91,39668	311,457435	49,458844	21,2947	40,177947	4	4	2	image, genre, plot, title, year, runtime, actors	The movies are diverse because of it genres, story surroundings and environment. And they are different because of the time and year of the movie.	This is interesting to do.
3697	('Group1=', 3, ', Group2=', 2, ', Group3=', 1, 'ComparisonGroup=', 3)	2022-03-31 13:45:55.782557	2022-03-31 14:03:32.511341	1056,728784	False	2	26-35	female	3	High-ILS	The Sixth Sense, Schindler’s List, The Silence of the Lambs, The Godfather, Fight Club, Fargo, The Green Mile	['seen', 'heard', 'seen', 'heard', 'never', 'heard', 'seen']	6	4	3	2	4	3	more	0,0,0,0,0,0,0	Mid-ILS	Pulp Fiction, Fight Club, The Shawshank Redemption, The Empire Strikes Back, Star Wars, American Beauty, Requiem for a Dream	['heard', 'heard', 'heard', 'never', 'seen', 'never', 'never']	6	5	5	2	5	4	exactly	0,0,0,0,0,0,0	Low-ILS	The Godfather: Part II, The Lord of the Rings: The Fellowship of the Ring, Se7en, Forrest Gump, The Fugitive, The Shining, The Matrix	['seen', 'heard', 'seen', 'heard', 'never', 'heard', 'seen']	6	4	4	3	5	5	more	0,0,0,0,0,0,0	The Matrix	The Godfather: Part II	2	0	146,26876	156,073212	42,689308	13,608697	276,296598	69,685427	32,031836	319,945619	5	5	2	genre, plot	The plot of the movie, the genre, and the personalities of the characters create the diversity of a movie.	It would be helpful to add a horror movie, a comedy, romantic comedy, and film featuring minorities (besides the one showing Morgan Freeman) if the goal is to truly be diverse. There are plenty of Black, Asian, or Latin movies to chose from.
81155	('Group1=', 2, ', Group2=', 3, ', Group3=', 1, 'ComparisonGroup=', 3)	2022-03-31 15:51:28.480064	2022-03-31 16:17:41.115385	1572,635321	False	2	46-55	male	3	Mid-ILS	Pulp Fiction, Fight Club, The Shawshank Redemption, The Empire Strikes Back, Star Wars, American Beauty, Requiem for a Dream	['heard', 'heard', 'heard', 'heard', 'seen', 'never', 'heard']	4	3	3	2	4	4	exactly	0,0,0,0,0,0,0	High-ILS	The Sixth Sense, Schindler’s List, The Silence of the Lambs, The Godfather, Fight Club, Fargo, The Green Mile	['heard', 'never', 'heard', 'seen', 'heard', 'heard', 'seen']	4	3	3	2	4	5	exactly	0,0,0,0,0,0,0	Low-ILS	The Godfather: Part II, The Lord of the Rings: The Fellowship of the Ring, Se7en, Forrest Gump, The Fugitive, The Shining, The Matrix	['heard', 'heard', 'heard', 'heard', 'seen', 'never', 'heard']	4	3	4	2	5	5	exactly	0,0,0,0,0,0,0	The Matrix	The Godfather: Part II	4	0,1	196,352739	102,234295	93,144567	39,585689	532,364481	430,055498	47,666403	131,093676	4	3	3	title, actors, genre, image, plot, runtime, year	Movies are a part of entertainment and a relaxing method to be done.	
