id	group	start time	end time	duration	pressed back	attention check	age	gender	movie enthusiast	treatment	movie order	movie familiarity	selection	diversity	variety	similarity	easiness	confidence	amount	poster clicks	decision time	logtime	Sum (div+var+sim)	inversed similarity	ILS
83021	('Group1=', 2, ', Group2=', 3, ', Group3=', 1, 'ComparisonGroup=', 4)	2022-03-31 14:58:57.144365	2022-03-31 15:02:10.624430	193,480065	False	2	26-35	female	2	High-ILS	The Sixth Sense, Schindler’s List, The Silence of the Lambs, The Godfather, Fight Club, Fargo, The Green Mile	['seen', 'heard', 'seen', 'heard', 'seen', 'seen', 'seen']	6	4	4	2	2	4	more	0,0,0,0,0,0,0	27,432021	1,438257805	12	4	0.42
90141	('Group1=', 1, ', Group2=', 2, ', Group3=', 3, 'ComparisonGroup=', 4)	2022-03-31 15:41:35.825136	2022-03-31 15:44:51.663552	195,838416	False	2	26-35	female	5	High-ILS	The Sixth Sense, Schindler’s List, The Silence of the Lambs, The Godfather, Fight Club, Fargo, The Green Mile	['heard', 'seen', 'seen', 'seen', 'heard', 'seen', 'seen']	3	4	4	3	4	4	more	0,0,0,0,0,0,0	24,684532	1,392424898	11	3	0.42
61690	('Group1=', 2, ', Group2=', 1, ', Group3=', 3, 'ComparisonGroup=', 4)	2022-03-31 15:22:15.704537	2022-03-31 15:25:35.230543	199,526006	False	2	56-65	male	5	High-ILS	The Sixth Sense, Schindler’s List, The Silence of the Lambs, The Godfather, Fight Club, Fargo, The Green Mile	['heard', 'seen', 'heard', 'heard', 'seen', 'seen', 'heard']	5	5	4	5	4	5	exactly	0,0,0,0,0,0,0	23,016375	1,362036925	10	1	0.42
27361	('Group1=', 2, ', Group2=', 3, ', Group3=', 1, 'ComparisonGroup=', 3)	2022-03-31 15:41:53.934657	2022-03-31 15:45:17.794002	203,859345	False	2	36-45	male	4	High-ILS	The Sixth Sense, Schindler’s List, The Silence of the Lambs, The Godfather, Fight Club, Fargo, The Green Mile	['seen', 'seen', 'seen', 'seen', 'seen', 'heard', 'seen']	2	4	4	4	4	4	more	0,0,0,0,0,0,0	30,479561	1,484008708	10	2	0.42
79277	('Group1=', 1, ', Group2=', 3, ', Group3=', 2, 'ComparisonGroup=', 2)	2022-03-31 13:46:25.083334	2022-03-31 13:49:51.819022	206,735688	False	2	26-35	male	3	High-ILS	The Sixth Sense, Schindler’s List, The Silence of the Lambs, The Godfather, Fight Club, Fargo, The Green Mile	['seen', 'seen', 'seen', 'heard', 'seen', 'seen', 'seen']	2	4	4	3	5	5	more	0,0,0,0,0,0,0	39,899933	1,600972166	11	3	0.42
56142	('Group1=', 2, ', Group2=', 3, ', Group3=', 1, 'ComparisonGroup=', 1)	2022-03-31 13:41:22.539035	2022-03-31 13:44:59.835082	217,296047	False	2	26-35	male	2	High-ILS	The Sixth Sense, Schindler’s List, The Silence of the Lambs, The Godfather, Fight Club, Fargo, The Green Mile	['heard', 'heard', 'seen', 'heard', 'heard', 'heard', 'heard']	3	5	4	3	3	5	more	0,0,0,0,0,0,0	32,131061	1,506925067	12	3	0.42
22326	('Group1=', 2, ', Group2=', 1, ', Group3=', 3, 'ComparisonGroup=', 3)	2022-03-31 13:49:36.186676	2022-03-31 13:53:46.738543	250,551867	False	2	19-25	female	2	High-ILS	The Sixth Sense, Schindler’s List, The Silence of the Lambs, The Godfather, Fight Club, Fargo, The Green Mile	['heard', 'heard', 'heard', 'seen', 'seen', 'heard', 'seen']	6	2	2	4	5	4	more	0,0,1,0,0,0,0	48,938188	1,689647885	6	2	0.42
41992	('Group1=', 2, ', Group2=', 1, ', Group3=', 3, 'ComparisonGroup=', 4)	2022-03-31 13:49:43.616202	2022-03-31 13:54:00.296459	256,680257	False	2	36-45	male	4	High-ILS	The Sixth Sense, Schindler’s List, The Silence of the Lambs, The Godfather, Fight Club, Fargo, The Green Mile	['seen', 'seen', 'seen', 'seen', 'seen', 'heard', 'seen']	4	4	4	2	4	4	more	0,0,0,0,0,0,0	38,506866	1,585538174	12	4	0.42
14132	('Group1=', 2, ', Group2=', 3, ', Group3=', 1, 'ComparisonGroup=', 4)	2022-03-31 14:43:19.924115	2022-03-31 14:47:50.070867	270,146752	False	2	36-45	male	4	High-ILS	The Sixth Sense, Schindler’s List, The Silence of the Lambs, The Godfather, Fight Club, Fargo, The Green Mile	['seen', 'seen', 'seen', 'seen', 'seen', 'heard', 'heard']	1	4	4	2	5	5	more	0,0,0,0,0,0,0	29,659412	1,472162537	12	4	0.42
96766	('Group1=', 2, ', Group2=', 3, ', Group3=', 1, 'ComparisonGroup=', 2)	2022-03-31 14:42:59.805118	2022-03-31 14:47:30.469306	270,664188	False	2	26-35	female	4	High-ILS	The Sixth Sense, Schindler’s List, The Silence of the Lambs, The Godfather, Fight Club, Fargo, The Green Mile	['seen', 'heard', 'seen', 'heard', 'seen', 'seen', 'heard']	6	2	2	4	4	5	more	0,0,0,0,0,0,0	39,241658	1,593747348	6	2	0.42
81975	('Group1=', 2, ', Group2=', 1, ', Group3=', 3, 'ComparisonGroup=', 1)	2022-03-31 14:42:39.559723	2022-03-31 14:47:15.564408	276,004685	False	2	36-45	male	3	High-ILS	The Sixth Sense, Schindler’s List, The Silence of the Lambs, The Godfather, Fight Club, Fargo, The Green Mile	['never', 'heard', 'seen', 'never', 'heard', 'heard', 'never']	3	3	4	4	3	4	exactly	0,0,0,0,0,0,0	28,12876	1,449150588	9	2	0.42
40648	('Group1=', 3, ', Group2=', 2, ', Group3=', 1, 'ComparisonGroup=', 3)	2022-03-31 13:59:32.215356	2022-03-31 14:04:12.485177	280,269821	False	2	46-55	male	5	High-ILS	The Sixth Sense, Schindler’s List, The Silence of the Lambs, The Godfather, Fight Club, Fargo, The Green Mile	['seen', 'seen', 'seen', 'seen', 'seen', 'heard', 'seen']	4	5	5	4	4	4	more	0,0,0,0,0,0,0	64,774912	1,811406832	12	2	0.42
78891	('Group1=', 2, ', Group2=', 1, ', Group3=', 3, 'ComparisonGroup=', 1)	2022-03-31 15:19:29.978281	2022-03-31 15:24:12.278654	282,300373	False	2	36-45	male	4	High-ILS	The Sixth Sense, Schindler’s List, The Silence of the Lambs, The Godfather, Fight Club, Fargo, The Green Mile	['seen', 'seen', 'seen', 'heard', 'seen', 'seen', 'seen']	3	4	3	3	4	5	more	0,0,0,0,0,0,0	30,820093	1,488833945	10	3	0.42
57814	('Group1=', 2, ', Group2=', 1, ', Group3=', 3, 'ComparisonGroup=', 2)	2022-03-31 14:40:49.202421	2022-03-31 14:45:45.530988	296,328567	False	2	36-45	male	4	High-ILS	The Sixth Sense, Schindler’s List, The Silence of the Lambs, The Godfather, Fight Club, Fargo, The Green Mile	['seen', 'seen', 'seen', 'seen', 'seen', 'seen', 'never']	2	5	5	1	5	5	more	0,0,0,0,0,0,0	30,815155	1,488764357	15	5	0.42
28643	('Group1=', 1, ', Group2=', 3, ', Group3=', 2, 'ComparisonGroup=', 1)	2022-03-31 14:35:46.465758	2022-03-31 14:40:42.825359	296,359601	False	2	26-35	male	4	High-ILS	The Sixth Sense, Schindler’s List, The Silence of the Lambs, The Godfather, Fight Club, Fargo, The Green Mile	['never', 'heard', 'seen', 'heard', 'never', 'heard', 'heard']	3	4	4	4	5	4	more	1,0,0,0,0,0,0	38,374286	1,584040308	10	2	0.42
38328	('Group1=', 1, ', Group2=', 3, ', Group3=', 2, 'ComparisonGroup=', 4)	2022-03-31 13:40:39.703908	2022-03-31 13:45:44.387851	304,683943	False	2	26-35	male	5	High-ILS	The Sixth Sense, Schindler’s List, The Silence of the Lambs, The Godfather, Fight Club, Fargo, The Green Mile	['seen', 'seen', 'seen', 'seen', 'seen', 'heard', 'seen']	4	4	3	3	4	5	more	0,0,0,0,0,0,0	33,506143	1,525124438	10	3	0.42
58848	('Group1=', 1, ', Group2=', 2, ', Group3=', 3, 'ComparisonGroup=', 1)	2022-03-31 13:47:07.363409	2022-03-31 13:52:16.909254	309,545845	False	2	46-55	male	5	High-ILS	The Sixth Sense, Schindler’s List, The Silence of the Lambs, The Godfather, Fight Club, Fargo, The Green Mile	['seen', 'seen', 'seen', 'seen', 'heard', 'never', 'seen']	4	4	3	3	3	4	exactly	0,0,0,0,0,0,0	32,354452	1,509934048	10	3	0.42
77430	('Group1=', 2, ', Group2=', 3, ', Group3=', 1, 'ComparisonGroup=', 3)	2022-03-31 14:42:08.874494	2022-03-31 14:47:20.226096	311,351602	False	2	26-35	male	3	High-ILS	The Sixth Sense, Schindler’s List, The Silence of the Lambs, The Godfather, Fight Club, Fargo, The Green Mile	['seen', 'seen', 'seen', 'seen', 'seen', 'seen', 'seen']	4	4	4	2	4	5	more	0,0,0,0,0,0,0	40,304142	1,60534968	12	4	0.42
31734	('Group1=', 2, ', Group2=', 1, ', Group3=', 3, 'ComparisonGroup=', 4)	2022-03-31 13:48:31.890786	2022-03-31 13:53:45.551833	313,661047	False	2	36-45	male	4	High-ILS	The Sixth Sense, Schindler’s List, The Silence of the Lambs, The Godfather, Fight Club, Fargo, The Green Mile	['seen', 'seen', 'seen', 'seen', 'seen', 'seen', 'seen']	6	4	4	2	3	2	more	0,0,0,0,0,0,0	32,932197	1,517620705	12	4	0.42
47875	('Group1=', 2, ', Group2=', 3, ', Group3=', 1, 'ComparisonGroup=', 4)	2022-03-31 15:02:07.497909	2022-03-31 15:07:51.613523	344,115614	False	2	26-35	female	2	High-ILS	The Sixth Sense, Schindler’s List, The Silence of the Lambs, The Godfather, Fight Club, Fargo, The Green Mile	['seen', 'never', 'heard', 'heard', 'heard', 'heard', 'seen']	5	4	4	2	2	5	more	0,0,0,0,0,0,0	36,367581	1,560714415	12	4	0.42
14238	('Group1=', 1, ', Group2=', 2, ', Group3=', 3, 'ComparisonGroup=', 1)	2022-03-31 13:55:55.250057	2022-03-31 14:01:41.425733	346,175676	False	2	36-45	female	3	High-ILS	The Sixth Sense, Schindler’s List, The Silence of the Lambs, The Godfather, Fight Club, Fargo, The Green Mile	['heard', 'seen', 'seen', 'seen', 'heard', 'seen', 'seen']	4	4	4	2	3	4	more	0,0,0,0,0,0,0	44,441745	1,647791103	12	4	0.42
3321	('Group1=', 2, ', Group2=', 3, ', Group3=', 1, 'ComparisonGroup=', 2)	2022-03-31 13:46:27.211654	2022-03-31 13:52:22.556178	355,344524	False	2	46-55	male	5	High-ILS	The Sixth Sense, Schindler’s List, The Silence of the Lambs, The Godfather, Fight Club, Fargo, The Green Mile	['seen', 'seen', 'seen', 'seen', 'seen', 'seen', 'heard']	2	3	3	4	4	5	more	0,0,0,0,0,0,0	57,689636	1,761097799	8	2	0.42
14829	('Group1=', 1, ', Group2=', 2, ', Group3=', 3, 'ComparisonGroup=', 4)	2022-03-31 14:27:12.887316	2022-03-31 14:33:22.285731	369,398415	False	2	26-35	male	5	High-ILS	The Sixth Sense, Schindler’s List, The Silence of the Lambs, The Godfather, Fight Club, Fargo, The Green Mile	['seen', 'seen', 'heard', 'seen', 'heard', 'seen', 'seen']	3	2	2	4	4	4	more	0,0,0,0,0,0,0	43,016906	1,63363917	6	2	0.42
85869	('Group1=', 3, ', Group2=', 2, ', Group3=', 1, 'ComparisonGroup=', 4)	2022-03-31 13:52:28.690892	2022-03-31 13:58:50.546767	381,855875	False	2	46-55	male	3	High-ILS	The Sixth Sense, Schindler’s List, The Silence of the Lambs, The Godfather, Fight Club, Fargo, The Green Mile	['heard', 'seen', 'seen', 'seen', 'seen', 'seen', 'heard']	5	3	3	4	4	5	more	0,0,0,0,0,0,0	62,27215	1,79429386	8	2	0.42
45868	('Group1=', 1, ', Group2=', 3, ', Group3=', 2, 'ComparisonGroup=', 4)	2022-03-31 13:44:40.634496	2022-03-31 13:51:08.389803	387,755307	False	2	36-45	female	4	High-ILS	The Sixth Sense, Schindler’s List, The Silence of the Lambs, The Godfather, Fight Club, Fargo, The Green Mile	['seen', 'heard', 'seen', 'heard', 'seen', 'heard', 'seen']	3	5	5	1	2	5	more	0,0,0,0,0,0,0	45,843821	1,661280808	15	5	0.42
7836	('Group1=', 1, ', Group2=', 3, ', Group3=', 2, 'ComparisonGroup=', 2)	2022-03-31 13:39:07.917453	2022-03-31 13:45:36.300856	388,383403	False	2	26-35	female	4	High-ILS	The Sixth Sense, Schindler’s List, The Silence of the Lambs, The Godfather, Fight Club, Fargo, The Green Mile	['heard', 'heard', 'heard', 'never', 'never', 'never', 'heard']	1	3	4	4	5	3	more	0,0,0,0,0,0,0	45,163306	1,654785725	9	2	0.42
67734	('Group1=', 3, ', Group2=', 2, ', Group3=', 1, 'ComparisonGroup=', 1)	2022-03-31 13:45:02.735389	2022-03-31 13:51:31.504708	388,769319	False	2	36-45	male	5	High-ILS	The Sixth Sense, Schindler’s List, The Silence of the Lambs, The Godfather, Fight Club, Fargo, The Green Mile	['seen', 'seen', 'seen', 'seen', 'seen', 'heard', 'seen']	6	5	5	2	4	3	more	4,0,0,0,0,0,0	137,095512	2,137023238	14	4	0.42
21781	('Group1=', 3, ', Group2=', 2, ', Group3=', 1, 'ComparisonGroup=', 1)	2022-03-31 15:01:41.896609	2022-03-31 15:08:14.523070	392,626461	False	2	26-35	female	4	High-ILS	The Sixth Sense, Schindler’s List, The Silence of the Lambs, The Godfather, Fight Club, Fargo, The Green Mile	['seen', 'heard', 'heard', 'heard', 'seen', 'heard', 'seen']	7	4	4	3	3	4	exactly	0,0,0,0,0,0,0	75,79047	1,8796146	11	3	0.42
56172	('Group1=', 3, ', Group2=', 2, ', Group3=', 1, 'ComparisonGroup=', 2)	2022-03-31 14:46:43.751234	2022-03-31 14:53:28.368015	404,616781	False	2	36-45	male	5	High-ILS	The Sixth Sense, Schindler’s List, The Silence of the Lambs, The Godfather, Fight Club, Fargo, The Green Mile	['seen', 'seen', 'seen', 'seen', 'seen', 'seen', 'seen']	5	4	4	2	5	5	more	0,0,0,0,0,0,0	72,980525	1,863206983	12	4	0.42
87422	('Group1=', 3, ', Group2=', 2, ', Group3=', 1, 'ComparisonGroup=', 3)	2022-03-31 14:56:17.655040	2022-03-31 15:03:13.487124	415,832084	False	2	26-35	female	3	High-ILS	The Sixth Sense, Schindler’s List, The Silence of the Lambs, The Godfather, Fight Club, Fargo, The Green Mile	['heard', 'seen', 'heard', 'heard', 'heard', 'heard', 'seen']	3	4	4	2	3	3	more	0,0,0,0,0,0,0	108,21107	2,034271691	12	4	0.42
26759	('Group1=', 1, ', Group2=', 2, ', Group3=', 3, 'ComparisonGroup=', 1)	2022-03-31 14:11:18.318702	2022-03-31 14:18:15.883217	417,564515	False	2	>65	female	4	High-ILS	The Sixth Sense, Schindler’s List, The Silence of the Lambs, The Godfather, Fight Club, Fargo, The Green Mile	['seen', 'heard', 'seen', 'seen', 'seen', 'seen', 'heard']	4	4	4	4	3	5	more	0,0,0,0,0,0,0	53,75699	1,730434943	10	2	0.42
71439	('Group1=', 1, ', Group2=', 3, ', Group3=', 2, 'ComparisonGroup=', 2)	2022-03-31 13:43:54.156085	2022-03-31 13:51:00.017655	425,86157	False	2	46-55	female	4	High-ILS	The Sixth Sense, Schindler’s List, The Silence of the Lambs, The Godfather, Fight Club, Fargo, The Green Mile	['seen', 'seen', 'heard', 'heard', 'seen', 'heard', 'seen']	2	2	4	4	2	4	exactly	0,0,0,0,0,0,0	57,802259	1,761944812	8	2	0.42
49090	('Group1=', 1, ', Group2=', 3, ', Group3=', 2, 'ComparisonGroup=', 1)	2022-03-31 14:50:10.426852	2022-03-31 14:57:17.681781	427,254929	False	2	>65	female	5	High-ILS	The Sixth Sense, Schindler’s List, The Silence of the Lambs, The Godfather, Fight Club, Fargo, The Green Mile	['heard', 'never', 'heard', 'seen', 'never', 'never', 'seen']	4	5	5	2	3	3	more	0,0,0,0,0,0,0	98,442805	1,99318398	14	4	0.42
16600	('Group1=', 2, ', Group2=', 1, ', Group3=', 3, 'ComparisonGroup=', 1)	2022-03-31 13:58:43.295026	2022-03-31 14:05:52.071109	428,776083	False	2	56-65	female	4	High-ILS	The Sixth Sense, Schindler’s List, The Silence of the Lambs, The Godfather, Fight Club, Fargo, The Green Mile	['seen', 'heard', 'seen', 'seen', 'seen', 'seen', 'seen']	1	4	4	2	2	5	more	0,0,0,0,0,0,0	66,306138	1,821553733	12	4	0.42
27619	('Group1=', 1, ', Group2=', 2, ', Group3=', 3, 'ComparisonGroup=', 1)	2022-03-31 13:53:40.410447	2022-03-31 14:01:31.502938	471,092491	False	2	36-45	male	3	High-ILS	The Sixth Sense, Schindler’s List, The Silence of the Lambs, The Godfather, Fight Club, Fargo, The Green Mile	['heard', 'never', 'heard', 'seen', 'never', 'heard', 'never']	4	3	4	3	2	3	exactly	0,0,0,0,0,0,0	34,913138	1,542988885	10	3	0.42
62858	('Group1=', 3, ', Group2=', 1, ', Group3=', 2, 'ComparisonGroup=', 3)	2022-03-31 13:39:22.836615	2022-03-31 13:47:25.819842	482,983227	False	2	26-35	male	5	High-ILS	The Sixth Sense, Schindler’s List, The Silence of the Lambs, The Godfather, Fight Club, Fargo, The Green Mile	['seen', 'seen', 'seen', 'seen', 'seen', 'seen', 'seen']	4	4	5	4	5	4	more	0,0,0,0,0,0,0	84,529098	1,927006235	11	2	0.42
12978	('Group1=', 2, ', Group2=', 1, ', Group3=', 3, 'ComparisonGroup=', 4)	2022-03-31 15:01:23.980078	2022-03-31 15:09:38.354217	494,374139	False	2	56-65	female	5	High-ILS	The Sixth Sense, Schindler’s List, The Silence of the Lambs, The Godfather, Fight Club, Fargo, The Green Mile	['seen', 'seen', 'heard', 'seen', 'seen', 'seen', 'seen']	3	5	5	1	5	4	more	0,0,0,0,0,0,0	84,294548	1,925799486	15	5	0.42
31963	('Group1=', 3, ', Group2=', 2, ', Group3=', 1, 'ComparisonGroup=', 4)	2022-03-31 13:39:45.570964	2022-03-31 13:48:08.283459	502,712495	False	2	36-45	female	4	High-ILS	The Sixth Sense, Schindler’s List, The Silence of the Lambs, The Godfather, Fight Club, Fargo, The Green Mile	['heard', 'seen', 'never', 'heard', 'never', 'never', 'heard']	2	4	4	3	5	4	more	0,0,0,0,0,0,0	76,395832	1,883069665	11	3	0.42
68150	('Group1=', 3, ', Group2=', 2, ', Group3=', 1, 'ComparisonGroup=', 1)	2022-03-31 13:40:28.262937	2022-03-31 13:48:57.957846	509,694909	False	2	26-35	non-binary	5	High-ILS	The Sixth Sense, Schindler’s List, The Silence of the Lambs, The Godfather, Fight Club, Fargo, The Green Mile	['seen', 'heard', 'seen', 'seen', 'seen', 'never', 'seen']	4	5	5	2	3	5	more	0,0,0,0,0,0,0	67,780958	1,831107703	14	4	0.42
39218	('Group1=', 2, ', Group2=', 3, ', Group3=', 1, 'ComparisonGroup=', 2)	2022-03-31 15:55:00.812722	2022-03-31 16:04:02.328173	541,515451	False	2	26-35	female	5	High-ILS	The Sixth Sense, Schindler’s List, The Silence of the Lambs, The Godfather, Fight Club, Fargo, The Green Mile	['never', 'heard', 'seen', 'heard', 'heard', 'heard', 'seen']	3	4	3	5	4	5	more	0,0,0,0,0,0,0	48,564878	1,686322302	8	1	0.42
65201	('Group1=', 3, ', Group2=', 2, ', Group3=', 1, 'ComparisonGroup=', 1)	2022-03-31 13:41:56.818918	2022-03-31 13:52:17.879784	621,060866	False	2	19-25	female	4	High-ILS	The Sixth Sense, Schindler’s List, The Silence of the Lambs, The Godfather, Fight Club, Fargo, The Green Mile	['seen', 'heard', 'seen', 'seen', 'seen', 'heard', 'seen']	4	4	5	2	4	5	more	0,0,0,0,0,0,0	196,998217	2,294462295	13	4	0.42
8409	('Group1=', 2, ', Group2=', 1, ', Group3=', 3, 'ComparisonGroup=', 1)	2022-03-31 15:43:49.891043	2022-03-31 15:54:16.631976	626,740933	False	2	56-65	male	5	High-ILS	The Sixth Sense, Schindler’s List, The Silence of the Lambs, The Godfather, Fight Club, Fargo, The Green Mile	['seen', 'seen', 'seen', 'seen', 'seen', 'heard', 'heard']	7	4	4	2	4	2	more	0,0,0,0,0,0,0	69,927642	1,844648884	12	4	0.42
90025	('Group1=', 1, ', Group2=', 3, ', Group3=', 2, 'ComparisonGroup=', 3)	2022-03-31 15:16:43.091548	2022-03-31 15:27:23.979903	640,888355	False	2	46-55	male	4	High-ILS	The Sixth Sense, Schindler’s List, The Silence of the Lambs, The Godfather, Fight Club, Fargo, The Green Mile	['heard', 'heard', 'seen', 'heard', 'seen', 'heard', 'heard']	7	5	4	3	4	4	more	0,0,0,0,0,0,0	75,291226	1,876744369	12	3	0.42
89369	('Group1=', 1, ', Group2=', 2, ', Group3=', 3, 'ComparisonGroup=', 2)	2022-03-31 13:42:26.103658	2022-03-31 13:53:28.312168	662,20851	False	2	46-55	male	3	High-ILS	The Sixth Sense, Schindler’s List, The Silence of the Lambs, The Godfather, Fight Club, Fargo, The Green Mile	['seen', 'seen', 'seen', 'seen', 'heard', 'seen', 'seen']	1	2	2	5	3	4	more	0,0,0,0,0,0,0	58,999715	1,770849914	5	1	0.42
38393	('Group1=', 2, ', Group2=', 3, ', Group3=', 1, 'ComparisonGroup=', 3)	2022-03-31 13:52:08.382192	2022-03-31 14:04:37.326330	748,944138	False	2	26-35	male	4	High-ILS	The Sixth Sense, Schindler’s List, The Silence of the Lambs, The Godfather, Fight Club, Fargo, The Green Mile	['seen', 'seen', 'seen', 'seen', 'seen', 'seen', 'seen']	2	4	4	2	4	4	more	0,0,0,0,0,0,0	44,249633	1,645909673	12	4	0.42
29088	('Group1=', 3, ', Group2=', 2, ', Group3=', 1, 'ComparisonGroup=', 4)	2022-03-31 13:39:18.127155	2022-03-31 13:52:27.611143	789,483988	False	2	26-35	female	5	High-ILS	The Sixth Sense, Schindler’s List, The Silence of the Lambs, The Godfather, Fight Club, Fargo, The Green Mile	['seen', 'seen', 'seen', 'seen', 'seen', 'seen', 'seen']	7	4	4	2	5	5	more	0,0,0,0,0,0,0	69,111612	1,839551023	12	4	0.42
30240	('Group1=', 1, ', Group2=', 3, ', Group3=', 2, 'ComparisonGroup=', 1)	2022-03-31 14:39:55.914837	2022-03-31 14:53:28.513448	812,598611	False	2	26-35	male	4	High-ILS	The Sixth Sense, Schindler’s List, The Silence of the Lambs, The Godfather, Fight Club, Fargo, The Green Mile	['never', 'heard', 'heard', 'seen', 'heard', 'heard', 'never']	6	4	4	5	4	4	exactly	0,0,0,0,0,0,0	74,40634	1,871609942	9	1	0.42
97887	('Group1=', 2, ', Group2=', 3, ', Group3=', 1, 'ComparisonGroup=', 3)	2022-03-31 14:48:56.074925	2022-03-31 15:02:33.195774	817,120849	False	2	46-55	male	2	High-ILS	The Sixth Sense, Schindler’s List, The Silence of the Lambs, The Godfather, Fight Club, Fargo, The Green Mile	['never', 'heard', 'heard', 'never', 'heard', 'never', 'heard']	4	4	5	4	3	4	exactly	0,0,0,0,0,0,0	69,473432	1,841818754	11	2	0.42
90947	('Group1=', 1, ', Group2=', 3, ', Group3=', 2, 'ComparisonGroup=', 1)	2022-03-31 13:45:52.435011	2022-03-31 13:59:31.306363	818,871352	False	2	56-65	male	2	High-ILS	The Sixth Sense, Schindler’s List, The Silence of the Lambs, The Godfather, Fight Club, Fargo, The Green Mile	['heard', 'seen', 'heard', 'seen', 'heard', 'seen', 'seen']	7	2	2	4	2	3	none	0,0,0,0,0,0,0	70.422047	1,847708645	6	2	0.42
83267	('Group1=', 1, ', Group2=', 2, ', Group3=', 3, 'ComparisonGroup=', 3)	2022-03-31 13:40:51.601867	2022-03-31 13:56:35.777708	944,175841	False	2	36-45	female	4	High-ILS	The Sixth Sense, Schindler’s List, The Silence of the Lambs, The Godfather, Fight Club, Fargo, The Green Mile	['seen', 'never', 'heard', 'heard', 'never', 'never', 'heard']	5	4	5	1	2	4	more	0,0,0,0,0,0,0	59,744837	1,776300381	14	5	0.42
53298	('Group1=', 2, ', Group2=', 1, ', Group3=', 3, 'ComparisonGroup=', 1)	2022-03-31 13:49:13.442612	2022-03-31 14:05:03.440293	949,997681	False	2	36-45	male	2	High-ILS	The Sixth Sense, Schindler’s List, The Silence of the Lambs, The Godfather, Fight Club, Fargo, The Green Mile	['seen', 'seen', 'seen', 'heard', 'heard', 'heard', 'heard']	3	2	2	4	4	4	more	0,0,0,0,0,0,0	114,423984	2,058517065	6	2	0.42
7904	('Group1=', 1, ', Group2=', 3, ', Group3=', 2, 'ComparisonGroup=', 2)	2022-03-31 14:54:21.529409	2022-03-31 15:11:12.882148	1011,352739	False	2	26-35	male	4	High-ILS	The Sixth Sense, Schindler’s List, The Silence of the Lambs, The Godfather, Fight Club, Fargo, The Green Mile	['heard', 'never', 'seen', 'heard', 'seen', 'seen', 'heard']	6	4	3	4	4	5	exactly	0,0,0,0,0,0,0	390,88103	2,592044594	9	2	0.42
3697	('Group1=', 3, ', Group2=', 2, ', Group3=', 1, 'ComparisonGroup=', 3)	2022-03-31 13:45:55.782557	2022-03-31 14:03:32.511341	1056,728784	False	2	26-35	female	3	High-ILS	The Sixth Sense, Schindler’s List, The Silence of the Lambs, The Godfather, Fight Club, Fargo, The Green Mile	['seen', 'heard', 'seen', 'heard', 'never', 'heard', 'seen']	6	4	3	2	4	3	more	0,0,0,0,0,0,0	146,26876	2,16515158	11	4	0.42
56064	('Group1=', 1, ', Group2=', 3, ', Group3=', 2, 'ComparisonGroup=', 2)	2022-03-31 15:03:01.443065	2022-03-31 15:23:22.459718	1221,016653	False	2	56-65	male	5	High-ILS	The Sixth Sense, Schindler’s List, The Silence of the Lambs, The Godfather, Fight Club, Fargo, The Green Mile	['heard', 'seen', 'heard', 'never', 'seen', 'heard', 'heard']	3	4	5	3	4	4	exactly	0,0,0,0,0,0,0	50,164675	1,700398003	12	3	0.42
81155	('Group1=', 2, ', Group2=', 3, ', Group3=', 1, 'ComparisonGroup=', 3)	2022-03-31 15:51:28.480064	2022-03-31 16:17:41.115385	1572,635321	False	2	46-55	male	3	High-ILS	The Sixth Sense, Schindler’s List, The Silence of the Lambs, The Godfather, Fight Club, Fargo, The Green Mile	['heard', 'never', 'heard', 'seen', 'heard', 'heard', 'seen']	4	3	3	2	4	5	exactly	0,0,0,0,0,0,0	102,234295	2,009596606	10	4	0.42
83021	('Group1=', 2, ', Group2=', 3, ', Group3=', 1, 'ComparisonGroup=', 4)	2022-03-31 14:58:57.144365	2022-03-31 15:02:10.624430	193,480065	False	2	26-35	female	2	Low-ILS	The Godfather: Part II, The Lord of the Rings: The Fellowship of the Ring, Se7en, Forrest Gump, The Fugitive, The Shining, The Matrix	['seen', 'seen', 'seen', 'heard', 'heard', 'seen', 'seen']	6	5	5	2	2	5	more	0,0,0,0,0,0,0	31,7262	1,501418058	14	4	0.12
90141	('Group1=', 1, ', Group2=', 2, ', Group3=', 3, 'ComparisonGroup=', 4)	2022-03-31 15:41:35.825136	2022-03-31 15:44:51.663552	195,838416	False	2	26-35	female	5	Low-ILS	The Godfather: Part II, The Lord of the Rings: The Fellowship of the Ring, Se7en, Forrest Gump, The Fugitive, The Shining, The Matrix	['heard', 'seen', 'seen', 'seen', 'heard', 'seen', 'seen']	3	4	4	3	4	5	more	0,0,0,0,0,0,0	50,177073	1,700505324	11	3	0.12
61690	('Group1=', 2, ', Group2=', 1, ', Group3=', 3, 'ComparisonGroup=', 4)	2022-03-31 15:22:15.704537	2022-03-31 15:25:35.230543	199,526006	False	2	56-65	male	5	Low-ILS	The Godfather: Part II, The Lord of the Rings: The Fellowship of the Ring, Se7en, Forrest Gump, The Fugitive, The Shining, The Matrix	['seen', 'heard', 'seen', 'heard', 'heard', 'heard', 'seen']	5	3	4	5	5	4	exactly	0,0,0,0,0,0,0	20,972389	1,321647904	8	1	0.12
27361	('Group1=', 2, ', Group2=', 3, ', Group3=', 1, 'ComparisonGroup=', 3)	2022-03-31 15:41:53.934657	2022-03-31 15:45:17.794002	203,859345	False	2	36-45	male	4	Low-ILS	The Godfather: Part II, The Lord of the Rings: The Fellowship of the Ring, Se7en, Forrest Gump, The Fugitive, The Shining, The Matrix	['seen', 'seen', 'heard', 'heard', 'heard', 'heard', 'heard']	2	4	4	4	4	4	more	0,0,0,0,0,0,0	22,610834	1,354316582	10	2	0.12
79277	('Group1=', 1, ', Group2=', 3, ', Group3=', 2, 'ComparisonGroup=', 2)	2022-03-31 13:46:25.083334	2022-03-31 13:49:51.819022	206,735688	False	2	26-35	male	3	Low-ILS	The Godfather: Part II, The Lord of the Rings: The Fellowship of the Ring, Se7en, Forrest Gump, The Fugitive, The Shining, The Matrix	['heard', 'seen', 'seen', 'seen', 'heard', 'seen', 'seen']	2	4	4	3	5	4	more	0,0,0,0,0,0,0	54,508162	1,736461538	11	3	0.12
56142	('Group1=', 2, ', Group2=', 3, ', Group3=', 1, 'ComparisonGroup=', 1)	2022-03-31 13:41:22.539035	2022-03-31 13:44:59.835082	217,296047	False	2	26-35	male	2	Low-ILS	The Godfather: Part II, The Lord of the Rings: The Fellowship of the Ring, Se7en, Forrest Gump, The Fugitive, The Shining, The Matrix	['seen', 'heard', 'heard', 'heard', 'heard', 'heard', 'heard']	3	5	5	3	4	4	more	0,0,0,0,0,0,0	31,057548	1,492167165	13	3	0.12
22326	('Group1=', 2, ', Group2=', 1, ', Group3=', 3, 'ComparisonGroup=', 3)	2022-03-31 13:49:36.186676	2022-03-31 13:53:46.738543	250,551867	False	2	19-25	female	2	Low-ILS	The Godfather: Part II, The Lord of the Rings: The Fellowship of the Ring, Se7en, Forrest Gump, The Fugitive, The Shining, The Matrix	['heard', 'heard', 'heard', 'seen', 'heard', 'seen', 'heard']	6	3	3	3	4	3	more	0,0,0,0,0,0,0	34,239436	1,534526602	9	3	0.12
41992	('Group1=', 2, ', Group2=', 1, ', Group3=', 3, 'ComparisonGroup=', 4)	2022-03-31 13:49:43.616202	2022-03-31 13:54:00.296459	256,680257	False	2	36-45	male	4	Low-ILS	The Godfather: Part II, The Lord of the Rings: The Fellowship of the Ring, Se7en, Forrest Gump, The Fugitive, The Shining, The Matrix	['seen', 'seen', 'seen', 'seen', 'seen', 'seen', 'seen']	4	4	4	2	4	4	more	0,0,0,0,0,0,0	30,267381	1,480974844	12	4	0.12
14132	('Group1=', 2, ', Group2=', 3, ', Group3=', 1, 'ComparisonGroup=', 4)	2022-03-31 14:43:19.924115	2022-03-31 14:47:50.070867	270,146752	False	2	36-45	male	4	Low-ILS	The Godfather: Part II, The Lord of the Rings: The Fellowship of the Ring, Se7en, Forrest Gump, The Fugitive, The Shining, The Matrix	['seen', 'seen', 'seen', 'seen', 'seen', 'heard', 'heard']	1	5	5	1	5	5	more	0,0,0,0,0,0,0	42,353724	1,626891602	15	5	0.12
96766	('Group1=', 2, ', Group2=', 3, ', Group3=', 1, 'ComparisonGroup=', 2)	2022-03-31 14:42:59.805118	2022-03-31 14:47:30.469306	270,664188	False	2	26-35	female	4	Low-ILS	The Godfather: Part II, The Lord of the Rings: The Fellowship of the Ring, Se7en, Forrest Gump, The Fugitive, The Shining, The Matrix	['seen', 'seen', 'heard', 'never', 'seen', 'seen', 'seen']	6	4	4	2	5	5	more	0,0,0,0,0,0,0	28,779131	1,459077676	12	4	0.12
81975	('Group1=', 2, ', Group2=', 1, ', Group3=', 3, 'ComparisonGroup=', 1)	2022-03-31 14:42:39.559723	2022-03-31 14:47:15.564408	276,004685	False	2	36-45	male	3	Low-ILS	The Godfather: Part II, The Lord of the Rings: The Fellowship of the Ring, Se7en, Forrest Gump, The Fugitive, The Shining, The Matrix	['heard', 'heard', 'seen', 'seen', 'never', 'heard', 'never']	3	4	3	2	3	4	exactly	0,0,0,0,0,0,0	41,200846	1,614906134	11	4	0.12
40648	('Group1=', 3, ', Group2=', 2, ', Group3=', 1, 'ComparisonGroup=', 3)	2022-03-31 13:59:32.215356	2022-03-31 14:04:12.485177	280,269821	False	2	46-55	male	5	Low-ILS	The Godfather: Part II, The Lord of the Rings: The Fellowship of the Ring, Se7en, Forrest Gump, The Fugitive, The Shining, The Matrix	['seen', 'seen', 'seen', 'seen', 'seen', 'heard', 'seen']	4	5	5	5	4	4	more	0,0,0,0,0,0,0	55,895394	1,747376022	11	1	0.12
78891	('Group1=', 2, ', Group2=', 1, ', Group3=', 3, 'ComparisonGroup=', 1)	2022-03-31 15:19:29.978281	2022-03-31 15:24:12.278654	282,300373	False	2	36-45	male	4	Low-ILS	The Godfather: Part II, The Lord of the Rings: The Fellowship of the Ring, Se7en, Forrest Gump, The Fugitive, The Shining, The Matrix	['seen', 'heard', 'seen', 'seen', 'seen', 'seen', 'seen']	3	4	4	2	3	5	more	0,0,0,0,0,0,0	43,118621	1,634664863	12	4	0.12
57814	('Group1=', 2, ', Group2=', 1, ', Group3=', 3, 'ComparisonGroup=', 2)	2022-03-31 14:40:49.202421	2022-03-31 14:45:45.530988	296,328567	False	2	36-45	male	4	Low-ILS	The Godfather: Part II, The Lord of the Rings: The Fellowship of the Ring, Se7en, Forrest Gump, The Fugitive, The Shining, The Matrix	['seen', 'seen', 'seen', 'seen', 'seen', 'seen', 'seen']	2	5	5	1	5	5	more	0,0,0,0,0,0,0	38,648923	1,587137396	15	5	0.12
28643	('Group1=', 1, ', Group2=', 3, ', Group3=', 2, 'ComparisonGroup=', 1)	2022-03-31 14:35:46.465758	2022-03-31 14:40:42.825359	296,359601	False	2	26-35	male	4	Low-ILS	The Godfather: Part II, The Lord of the Rings: The Fellowship of the Ring, Se7en, Forrest Gump, The Fugitive, The Shining, The Matrix	['heard', 'heard', 'heard', 'seen', 'heard', 'heard', 'heard']	3	4	4	4	4	4	exactly	0,0,0,0,0,0,0	77,891661	1,891490965	10	2	0.12
38328	('Group1=', 1, ', Group2=', 3, ', Group3=', 2, 'ComparisonGroup=', 4)	2022-03-31 13:40:39.703908	2022-03-31 13:45:44.387851	304,683943	False	2	26-35	male	5	Low-ILS	The Godfather: Part II, The Lord of the Rings: The Fellowship of the Ring, Se7en, Forrest Gump, The Fugitive, The Shining, The Matrix	['seen', 'seen', 'seen', 'seen', 'seen', 'seen', 'seen']	4	4	4	2	5	5	more	0,0,0,0,0,0,0	62,983397	1,799226081	12	4	0.12
58848	('Group1=', 1, ', Group2=', 2, ', Group3=', 3, 'ComparisonGroup=', 1)	2022-03-31 13:47:07.363409	2022-03-31 13:52:16.909254	309,545845	False	2	46-55	male	5	Low-ILS	The Godfather: Part II, The Lord of the Rings: The Fellowship of the Ring, Se7en, Forrest Gump, The Fugitive, The Shining, The Matrix	['seen', 'seen', 'seen', 'seen', 'heard', 'never', 'seen']	4	5	5	2	2	5	more	0,0,0,0,0,0,0	56,74005	1,753889714	14	4	0.12
77430	('Group1=', 2, ', Group2=', 3, ', Group3=', 1, 'ComparisonGroup=', 3)	2022-03-31 14:42:08.874494	2022-03-31 14:47:20.226096	311,351602	False	2	26-35	male	3	Low-ILS	The Godfather: Part II, The Lord of the Rings: The Fellowship of the Ring, Se7en, Forrest Gump, The Fugitive, The Shining, The Matrix	['seen', 'seen', 'seen', 'seen', 'seen', 'seen', 'seen']	4	4	4	2	4	5	more	0,0,0,0,0,0,0	40,436791	1,606776683	12	4	0.12
31734	('Group1=', 2, ', Group2=', 1, ', Group3=', 3, 'ComparisonGroup=', 4)	2022-03-31 13:48:31.890786	2022-03-31 13:53:45.551833	313,661047	False	2	36-45	male	4	Low-ILS	The Godfather: Part II, The Lord of the Rings: The Fellowship of the Ring, Se7en, Forrest Gump, The Fugitive, The Shining, The Matrix	['heard', 'seen', 'seen', 'seen', 'never', 'seen', 'seen']	6	4	4	2	3	4	more	0,0,0,0,0,0,0	32,615573	1,513425013	12	4	0.12
47875	('Group1=', 2, ', Group2=', 3, ', Group3=', 1, 'ComparisonGroup=', 4)	2022-03-31 15:02:07.497909	2022-03-31 15:07:51.613523	344,115614	False	2	26-35	female	2	Low-ILS	The Godfather: Part II, The Lord of the Rings: The Fellowship of the Ring, Se7en, Forrest Gump, The Fugitive, The Shining, The Matrix	['heard', 'never', 'never', 'seen', 'seen', 'heard', 'never']	5	4	4	4	2	4	more	0,0,0,0,0,0,0	93,965501	1,972968434	10	2	0.12
14238	('Group1=', 1, ', Group2=', 2, ', Group3=', 3, 'ComparisonGroup=', 1)	2022-03-31 13:55:55.250057	2022-03-31 14:01:41.425733	346,175676	False	2	36-45	female	3	Low-ILS	The Godfather: Part II, The Lord of the Rings: The Fellowship of the Ring, Se7en, Forrest Gump, The Fugitive, The Shining, The Matrix	['heard', 'seen', 'seen', 'seen', 'heard', 'seen', 'seen']	4	3	3	4	3	4	more	0,0,0,0,0,0,0	67,847147	1,83153159	8	2	0.12
3321	('Group1=', 2, ', Group2=', 3, ', Group3=', 1, 'ComparisonGroup=', 2)	2022-03-31 13:46:27.211654	2022-03-31 13:52:22.556178	355,344524	False	2	46-55	male	5	Low-ILS	The Godfather: Part II, The Lord of the Rings: The Fellowship of the Ring, Se7en, Forrest Gump, The Fugitive, The Shining, The Matrix	['seen', 'seen', 'heard', 'seen', 'seen', 'seen', 'heard']	2	4	4	3	4	5	more	0,0,0,0,0,0,0	57,167711	1,757150803	11	3	0.12
14829	('Group1=', 1, ', Group2=', 2, ', Group3=', 3, 'ComparisonGroup=', 4)	2022-03-31 14:27:12.887316	2022-03-31 14:33:22.285731	369,398415	False	2	26-35	male	5	Low-ILS	The Godfather: Part II, The Lord of the Rings: The Fellowship of the Ring, Se7en, Forrest Gump, The Fugitive, The Shining, The Matrix	['seen', 'seen', 'heard', 'seen', 'heard', 'seen', 'seen']	3	4	4	3	4	4	more	0,0,0,0,0,0,0	56,339451	1,750812611	11	3	0.12
85869	('Group1=', 3, ', Group2=', 2, ', Group3=', 1, 'ComparisonGroup=', 4)	2022-03-31 13:52:28.690892	2022-03-31 13:58:50.546767	381,855875	False	2	46-55	male	3	Low-ILS	The Godfather: Part II, The Lord of the Rings: The Fellowship of the Ring, Se7en, Forrest Gump, The Fugitive, The Shining, The Matrix	['heard', 'seen', 'seen', 'seen', 'seen', 'seen', 'heard']	5	5	5	1	4	5	more	0,0,0,0,0,0,0	32,993439	1,518427586	15	5	0.12
45868	('Group1=', 1, ', Group2=', 3, ', Group3=', 2, 'ComparisonGroup=', 4)	2022-03-31 13:44:40.634496	2022-03-31 13:51:08.389803	387,755307	False	2	36-45	female	4	Low-ILS	The Godfather: Part II, The Lord of the Rings: The Fellowship of the Ring, Se7en, Forrest Gump, The Fugitive, The Shining, The Matrix	['heard', 'heard', 'seen', 'seen', 'heard', 'seen', 'seen']	3	4	5	1	4	5	more	0,0,0,0,0,0,0	81,24984	1,909822514	14	5	0.12
7836	('Group1=', 1, ', Group2=', 3, ', Group3=', 2, 'ComparisonGroup=', 2)	2022-03-31 13:39:07.917453	2022-03-31 13:45:36.300856	388,383403	False	2	26-35	female	4	Low-ILS	The Godfather: Part II, The Lord of the Rings: The Fellowship of the Ring, Se7en, Forrest Gump, The Fugitive, The Shining, The Matrix	['never', 'heard', 'never', 'seen', 'never', 'heard', 'seen']	1	4	4	3	4	5	more	0,0,0,0,0,0,0	84,973552	1,929283773	11	3	0.12
67734	('Group1=', 3, ', Group2=', 2, ', Group3=', 1, 'ComparisonGroup=', 1)	2022-03-31 13:45:02.735389	2022-03-31 13:51:31.504708	388,769319	False	2	36-45	male	5	Low-ILS	The Godfather: Part II, The Lord of the Rings: The Fellowship of the Ring, Se7en, Forrest Gump, The Fugitive, The Shining, The Matrix	['seen', 'seen', 'seen', 'seen', 'seen', 'heard', 'seen']	6	5	5	1	5	5	more	0,0,0,0,0,0,0	40,660905	1,609177041	15	5	0.12
21781	('Group1=', 3, ', Group2=', 2, ', Group3=', 1, 'ComparisonGroup=', 1)	2022-03-31 15:01:41.896609	2022-03-31 15:08:14.523070	392,626461	False	2	26-35	female	4	Low-ILS	The Godfather: Part II, The Lord of the Rings: The Fellowship of the Ring, Se7en, Forrest Gump, The Fugitive, The Shining, The Matrix	['seen', 'heard', 'heard', 'heard', 'seen', 'heard', 'seen']	7	4	4	3	3	4	exactly	0,0,0,0,0,0,0	32,457387	1,511313554	11	3	0.12
56172	('Group1=', 3, ', Group2=', 2, ', Group3=', 1, 'ComparisonGroup=', 2)	2022-03-31 14:46:43.751234	2022-03-31 14:53:28.368015	404,616781	False	2	36-45	male	5	Low-ILS	The Godfather: Part II, The Lord of the Rings: The Fellowship of the Ring, Se7en, Forrest Gump, The Fugitive, The Shining, The Matrix	['seen', 'seen', 'seen', 'seen', 'seen', 'seen', 'seen']	5	5	5	1	4	5	more	0,0,0,0,0,0,0	48,534418	1,686049826	15	5	0.12
87422	('Group1=', 3, ', Group2=', 2, ', Group3=', 1, 'ComparisonGroup=', 3)	2022-03-31 14:56:17.655040	2022-03-31 15:03:13.487124	415,832084	False	2	26-35	female	3	Low-ILS	The Godfather: Part II, The Lord of the Rings: The Fellowship of the Ring, Se7en, Forrest Gump, The Fugitive, The Shining, The Matrix	['heard', 'seen', 'heard', 'heard', 'heard', 'heard', 'seen']	3	4	4	1	4	5	more	0,0,0,0,0,0,0	79,955494	1,902848311	13	5	0.12
26759	('Group1=', 1, ', Group2=', 2, ', Group3=', 3, 'ComparisonGroup=', 1)	2022-03-31 14:11:18.318702	2022-03-31 14:18:15.883217	417,564515	False	2	>65	female	4	Low-ILS	The Godfather: Part II, The Lord of the Rings: The Fellowship of the Ring, Se7en, Forrest Gump, The Fugitive, The Shining, The Matrix	['seen', 'heard', 'seen', 'seen', 'seen', 'seen', 'heard']	4	4	4	3	2	5	more	0,0,0,0,0,0,0	84,293867	1,925795978	11	3	0.12
71439	('Group1=', 1, ', Group2=', 3, ', Group3=', 2, 'ComparisonGroup=', 2)	2022-03-31 13:43:54.156085	2022-03-31 13:51:00.017655	425,86157	False	2	46-55	female	4	Low-ILS	The Godfather: Part II, The Lord of the Rings: The Fellowship of the Ring, Se7en, Forrest Gump, The Fugitive, The Shining, The Matrix	['heard', 'seen', 'heard', 'seen', 'seen', 'seen', 'seen']	2	4	4	2	5	5	more	0,0,0,0,0,0,0	75,965749	1,880617824	12	4	0.12
49090	('Group1=', 1, ', Group2=', 3, ', Group3=', 2, 'ComparisonGroup=', 1)	2022-03-31 14:50:10.426852	2022-03-31 14:57:17.681781	427,254929	False	2	>65	female	5	Low-ILS	The Godfather: Part II, The Lord of the Rings: The Fellowship of the Ring, Se7en, Forrest Gump, The Fugitive, The Shining, The Matrix	['seen', 'heard', 'never', 'seen', 'seen', 'seen', 'heard']	4	4	4	2	4	4	more	0,0,0,0,0,0,0	106,461636	2,027193136	12	4	0.12
16600	('Group1=', 2, ', Group2=', 1, ', Group3=', 3, 'ComparisonGroup=', 1)	2022-03-31 13:58:43.295026	2022-03-31 14:05:52.071109	428,776083	False	2	56-65	female	4	Low-ILS	The Godfather: Part II, The Lord of the Rings: The Fellowship of the Ring, Se7en, Forrest Gump, The Fugitive, The Shining, The Matrix	['seen', 'seen', 'seen', 'seen', 'seen', 'seen', 'seen']	1	4	4	2	5	5	more	0,0,0,0,0,0,0	48,327638	1,68419557	12	4	0.12
27619	('Group1=', 1, ', Group2=', 2, ', Group3=', 3, 'ComparisonGroup=', 1)	2022-03-31 13:53:40.410447	2022-03-31 14:01:31.502938	471,092491	False	2	36-45	male	3	Low-ILS	The Godfather: Part II, The Lord of the Rings: The Fellowship of the Ring, Se7en, Forrest Gump, The Fugitive, The Shining, The Matrix	['heard', 'never', 'heard', 'seen', 'never', 'heard', 'never']	4	4	3	4	3	3	exactly	0,0,0,0,0,0,0	64,069974	1,806654548	9	2	0.12
62858	('Group1=', 3, ', Group2=', 1, ', Group3=', 2, 'ComparisonGroup=', 3)	2022-03-31 13:39:22.836615	2022-03-31 13:47:25.819842	482,983227	False	2	26-35	male	5	Low-ILS	The Godfather: Part II, The Lord of the Rings: The Fellowship of the Ring, Se7en, Forrest Gump, The Fugitive, The Shining, The Matrix	['seen', 'seen', 'seen', 'seen', 'seen', 'seen', 'seen']	4	4	5	4	5	4	more	0,0,0,0,0,0,0	28,729589	1,458329413	11	2	0.12
12978	('Group1=', 2, ', Group2=', 1, ', Group3=', 3, 'ComparisonGroup=', 4)	2022-03-31 15:01:23.980078	2022-03-31 15:09:38.354217	494,374139	False	2	56-65	female	5	Low-ILS	The Godfather: Part II, The Lord of the Rings: The Fellowship of the Ring, Se7en, Forrest Gump, The Fugitive, The Shining, The Matrix	['seen', 'seen', 'heard', 'seen', 'never', 'seen', 'seen']	3	4	4	2	5	4	more	0,0,0,0,0,0,0	47,285712	1,674729933	12	4	0.12
31963	('Group1=', 3, ', Group2=', 2, ', Group3=', 1, 'ComparisonGroup=', 4)	2022-03-31 13:39:45.570964	2022-03-31 13:48:08.283459	502,712495	False	2	36-45	female	4	Low-ILS	The Godfather: Part II, The Lord of the Rings: The Fellowship of the Ring, Se7en, Forrest Gump, The Fugitive, The Shining, The Matrix	['heard', 'seen', 'never', 'heard', 'never', 'never', 'heard']	2	4	3	4	4	5	more	0,0,0,0,0,0,0	190,463111	2,279810874	9	2	0.12
68150	('Group1=', 3, ', Group2=', 2, ', Group3=', 1, 'ComparisonGroup=', 1)	2022-03-31 13:40:28.262937	2022-03-31 13:48:57.957846	509,694909	False	2	26-35	non-binary	5	Low-ILS	The Godfather: Part II, The Lord of the Rings: The Fellowship of the Ring, Se7en, Forrest Gump, The Fugitive, The Shining, The Matrix	['seen', 'heard', 'seen', 'seen', 'seen', 'never', 'seen']	4	5	4	1	5	5	more	0,0,0,0,0,0,0	30,549232	1,485000297	14	5	0.12
39218	('Group1=', 2, ', Group2=', 3, ', Group3=', 1, 'ComparisonGroup=', 2)	2022-03-31 15:55:00.812722	2022-03-31 16:04:02.328173	541,515451	False	2	26-35	female	5	Low-ILS	The Godfather: Part II, The Lord of the Rings: The Fellowship of the Ring, Se7en, Forrest Gump, The Fugitive, The Shining, The Matrix	['never', 'never', 'seen', 'heard', 'heard', 'never', 'seen']	3	4	5	4	3	5	exactly	0,0,0,0,0,0,0	46,970581	1,671825932	11	2	0.12
65201	('Group1=', 3, ', Group2=', 2, ', Group3=', 1, 'ComparisonGroup=', 1)	2022-03-31 13:41:56.818918	2022-03-31 13:52:17.879784	621,060866	False	2	19-25	female	4	Low-ILS	The Godfather: Part II, The Lord of the Rings: The Fellowship of the Ring, Se7en, Forrest Gump, The Fugitive, The Shining, The Matrix	['seen', 'heard', 'seen', 'seen', 'seen', 'heard', 'seen']	4	4	5	4	4	5	more	0,0,0,0,0,0,0	25,997428	1,414930384	11	2	0.12
8409	('Group1=', 2, ', Group2=', 1, ', Group3=', 3, 'ComparisonGroup=', 1)	2022-03-31 15:43:49.891043	2022-03-31 15:54:16.631976	626,740933	False	2	56-65	male	5	Low-ILS	The Godfather: Part II, The Lord of the Rings: The Fellowship of the Ring, Se7en, Forrest Gump, The Fugitive, The Shining, The Matrix	['seen', 'seen', 'heard', 'seen', 'seen', 'seen', 'seen']	7	4	4	2	4	2	more	0,0,0,0,0,0,0	75,342865	1,877042131	12	4	0.12
90025	('Group1=', 1, ', Group2=', 3, ', Group3=', 2, 'ComparisonGroup=', 3)	2022-03-31 15:16:43.091548	2022-03-31 15:27:23.979903	640,888355	False	2	46-55	male	4	Low-ILS	The Godfather: Part II, The Lord of the Rings: The Fellowship of the Ring, Se7en, Forrest Gump, The Fugitive, The Shining, The Matrix	['never', 'seen', 'seen', 'seen', 'heard', 'seen', 'seen']	7	4	4	2	4	4	more	0,0,0,0,0,0,2	136,887544	2,136363932	12	4	0.12
89369	('Group1=', 1, ', Group2=', 2, ', Group3=', 3, 'ComparisonGroup=', 2)	2022-03-31 13:42:26.103658	2022-03-31 13:53:28.312168	662,20851	False	2	46-55	male	3	Low-ILS	The Godfather: Part II, The Lord of the Rings: The Fellowship of the Ring, Se7en, Forrest Gump, The Fugitive, The Shining, The Matrix	['seen', 'seen', 'seen', 'seen', 'heard', 'seen', 'seen']	1	2	2	4	2	3	more	0,0,0,0,0,0,0	154,268344	2,188276818	6	2	0.12
38393	('Group1=', 2, ', Group2=', 3, ', Group3=', 1, 'ComparisonGroup=', 3)	2022-03-31 13:52:08.382192	2022-03-31 14:04:37.326330	748,944138	False	2	26-35	male	4	Low-ILS	The Godfather: Part II, The Lord of the Rings: The Fellowship of the Ring, Se7en, Forrest Gump, The Fugitive, The Shining, The Matrix	['seen', 'seen', 'seen', 'heard', 'heard', 'seen', 'seen']	2	4	4	2	4	4	more	0,0,0,0,0,0,0	49,707982	1,696426132	12	4	0.12
29088	('Group1=', 3, ', Group2=', 2, ', Group3=', 1, 'ComparisonGroup=', 4)	2022-03-31 13:39:18.127155	2022-03-31 13:52:27.611143	789,483988	False	2	26-35	female	5	Low-ILS	The Godfather: Part II, The Lord of the Rings: The Fellowship of the Ring, Se7en, Forrest Gump, The Fugitive, The Shining, The Matrix	['seen', 'seen', 'seen', 'seen', 'seen', 'seen', 'seen']	7	4	4	2	5	5	more	0,0,0,0,0,0,0	105,334479	2,022570552	12	4	0.12
30240	('Group1=', 1, ', Group2=', 3, ', Group3=', 2, 'ComparisonGroup=', 1)	2022-03-31 14:39:55.914837	2022-03-31 14:53:28.513448	812,598611	False	2	26-35	male	4	Low-ILS	The Godfather: Part II, The Lord of the Rings: The Fellowship of the Ring, Se7en, Forrest Gump, The Fugitive, The Shining, The Matrix	['seen', 'seen', 'heard', 'never', 'heard', 'heard', 'seen']	6	4	5	4	5	4	exactly	0,0,0,0,0,0,0	226,300275	2,354685082	11	2	0.12
97887	('Group1=', 2, ', Group2=', 3, ', Group3=', 1, 'ComparisonGroup=', 3)	2022-03-31 14:48:56.074925	2022-03-31 15:02:33.195774	817,120849	False	2	46-55	male	2	Low-ILS	The Godfather: Part II, The Lord of the Rings: The Fellowship of the Ring, Se7en, Forrest Gump, The Fugitive, The Shining, The Matrix	['never', 'heard', 'never', 'never', 'seen', 'never', 'never']	4	4	5	3	4	5	more	0,0,0,0,0,0,0	30,389406	1,482722211	12	3	0.12
90947	('Group1=', 1, ', Group2=', 3, ', Group3=', 2, 'ComparisonGroup=', 1)	2022-03-31 13:45:52.435011	2022-03-31 13:59:31.306363	818,871352	False	2	56-65	male	2	Low-ILS	The Godfather: Part II, The Lord of the Rings: The Fellowship of the Ring, Se7en, Forrest Gump, The Fugitive, The Shining, The Matrix	['seen', 'heard', 'heard', 'seen', 'seen', 'heard', 'heard']	7	4	4	2	4	4	more	0,0,0,0,0,0,0	462,659716	2,665261687	12	4	0.12
83267	('Group1=', 1, ', Group2=', 2, ', Group3=', 3, 'ComparisonGroup=', 3)	2022-03-31 13:40:51.601867	2022-03-31 13:56:35.777708	944,175841	False	2	36-45	female	4	Low-ILS	The Godfather: Part II, The Lord of the Rings: The Fellowship of the Ring, Se7en, Forrest Gump, The Fugitive, The Shining, The Matrix	['seen', 'never', 'heard', 'heard', 'never', 'never', 'heard']	5	4	4	2	3	4	more	1,0,1,1,0,0,2	304,266594	2,483254273	12	4	0.12
53298	('Group1=', 2, ', Group2=', 1, ', Group3=', 3, 'ComparisonGroup=', 1)	2022-03-31 13:49:13.442612	2022-03-31 14:05:03.440293	949,997681	False	2	36-45	male	2	Low-ILS	The Godfather: Part II, The Lord of the Rings: The Fellowship of the Ring, Se7en, Forrest Gump, The Fugitive, The Shining, The Matrix	['heard', 'seen', 'seen', 'seen', 'seen', 'heard', 'seen']	3	5	5	2	2	3	more	0,0,0,0,0,0,0	207,291319	2,316581115	14	4	0.12
7904	('Group1=', 1, ', Group2=', 3, ', Group3=', 2, 'ComparisonGroup=', 2)	2022-03-31 14:54:21.529409	2022-03-31 15:11:12.882148	1011,352739	False	2	26-35	male	4	Low-ILS	The Godfather: Part II, The Lord of the Rings: The Fellowship of the Ring, Se7en, Forrest Gump, The Fugitive, The Shining, The Matrix	['never', 'heard', 'seen', 'seen', 'never', 'seen', 'seen']	6	3	5	4	4	3	exactly	0,0,0,0,0,0,0	375,086297	2,574131198	10	2	0.12
3697	('Group1=', 3, ', Group2=', 2, ', Group3=', 1, 'ComparisonGroup=', 3)	2022-03-31 13:45:55.782557	2022-03-31 14:03:32.511341	1056,728784	False	2	26-35	female	3	Low-ILS	The Godfather: Part II, The Lord of the Rings: The Fellowship of the Ring, Se7en, Forrest Gump, The Fugitive, The Shining, The Matrix	['seen', 'heard', 'seen', 'heard', 'never', 'heard', 'seen']	6	4	4	3	5	5	more	0,0,0,0,0,0,0	42,689308	1,630319115	11	3	0.12
56064	('Group1=', 1, ', Group2=', 3, ', Group3=', 2, 'ComparisonGroup=', 2)	2022-03-31 15:03:01.443065	2022-03-31 15:23:22.459718	1221,016653	False	2	56-65	male	5	Low-ILS	The Godfather: Part II, The Lord of the Rings: The Fellowship of the Ring, Se7en, Forrest Gump, The Fugitive, The Shining, The Matrix	['heard', 'heard', 'seen', 'heard', 'seen', 'heard', 'heard']	3	5	5	4	5	3	exactly	0,0,0,0,0,0,0	897,027984	2,952805992	12	2	0.12
81155	('Group1=', 2, ', Group2=', 3, ', Group3=', 1, 'ComparisonGroup=', 3)	2022-03-31 15:51:28.480064	2022-03-31 16:17:41.115385	1572,635321	False	2	46-55	male	3	Low-ILS	The Godfather: Part II, The Lord of the Rings: The Fellowship of the Ring, Se7en, Forrest Gump, The Fugitive, The Shining, The Matrix	['heard', 'heard', 'heard', 'heard', 'seen', 'never', 'heard']	4	3	4	2	5	5	exactly	0,0,0,0,0,0,0	93,144567	1,969157528	11	4	0.12
83021	('Group1=', 2, ', Group2=', 3, ', Group3=', 1, 'ComparisonGroup=', 4)	2022-03-31 14:58:57.144365	2022-03-31 15:02:10.624430	193,480065	False	2	26-35	female	2	Mid-ILS	Pulp Fiction, Fight Club, The Shawshank Redemption, The Empire Strikes Back, Star Wars, American Beauty, Requiem for a Dream	['seen', 'seen', 'seen', 'heard', 'heard', 'seen', 'seen']	6	4	4	2	2	5	more	0,0,0,0,0,0,0	42,122111	1,624510128	12	4	0.27
90141	('Group1=', 1, ', Group2=', 2, ', Group3=', 3, 'ComparisonGroup=', 4)	2022-03-31 15:41:35.825136	2022-03-31 15:44:51.663552	195,838416	False	2	26-35	female	5	Mid-ILS	Pulp Fiction, Fight Club, The Shawshank Redemption, The Empire Strikes Back, Star Wars, American Beauty, Requiem for a Dream	['seen', 'seen', 'seen', 'seen', 'seen', 'seen', 'heard']	3	4	5	4	4	5	more	0,0,0,0,0,0,0	29,758783	1,473615167	11	2	0.27
61690	('Group1=', 2, ', Group2=', 1, ', Group3=', 3, 'ComparisonGroup=', 4)	2022-03-31 15:22:15.704537	2022-03-31 15:25:35.230543	199,526006	False	2	56-65	male	5	Mid-ILS	Pulp Fiction, Fight Club, The Shawshank Redemption, The Empire Strikes Back, Star Wars, American Beauty, Requiem for a Dream	['heard', 'seen', 'heard', 'heard', 'seen', 'seen', 'heard']	5	5	5	4	4	4	more	1,0,0,0,0,0,0	35,065615	1,54488146	12	2	0.27
27361	('Group1=', 2, ', Group2=', 3, ', Group3=', 1, 'ComparisonGroup=', 3)	2022-03-31 15:41:53.934657	2022-03-31 15:45:17.794002	203,859345	False	2	36-45	male	4	Mid-ILS	Pulp Fiction, Fight Club, The Shawshank Redemption, The Empire Strikes Back, Star Wars, American Beauty, Requiem for a Dream	['seen', 'seen', 'heard', 'heard', 'heard', 'heard', 'heard']	2	4	4	4	4	4	more	0,0,0,0,0,0,0	51,650177	1,713071814	10	2	0.27
79277	('Group1=', 1, ', Group2=', 3, ', Group3=', 2, 'ComparisonGroup=', 2)	2022-03-31 13:46:25.083334	2022-03-31 13:49:51.819022	206,735688	False	2	26-35	male	3	Mid-ILS	Pulp Fiction, Fight Club, The Shawshank Redemption, The Empire Strikes Back, Star Wars, American Beauty, Requiem for a Dream	['heard', 'seen', 'seen', 'seen', 'heard', 'seen', 'seen']	2	4	4	2	5	5	more	0,0,0,0,0,0,0	22,488329	1,351957186	12	4	0.27
56142	('Group1=', 2, ', Group2=', 3, ', Group3=', 1, 'ComparisonGroup=', 1)	2022-03-31 13:41:22.539035	2022-03-31 13:44:59.835082	217,296047	False	2	26-35	male	2	Mid-ILS	Pulp Fiction, Fight Club, The Shawshank Redemption, The Empire Strikes Back, Star Wars, American Beauty, Requiem for a Dream	['seen', 'heard', 'heard', 'heard', 'heard', 'heard', 'heard']	3	4	5	3	4	4	more	0,0,0,0,0,0,0	39,53619	1,596994815	12	3	0.27
22326	('Group1=', 2, ', Group2=', 1, ', Group3=', 3, 'ComparisonGroup=', 3)	2022-03-31 13:49:36.186676	2022-03-31 13:53:46.738543	250,551867	False	2	19-25	female	2	Mid-ILS	Pulp Fiction, Fight Club, The Shawshank Redemption, The Empire Strikes Back, Star Wars, American Beauty, Requiem for a Dream	['heard', 'heard', 'heard', 'seen', 'seen', 'heard', 'seen']	6	4	3	2	3	2	more	0,0,0,0,0,1,1	63,314928	1,801506117	11	4	0.27
41992	('Group1=', 2, ', Group2=', 1, ', Group3=', 3, 'ComparisonGroup=', 4)	2022-03-31 13:49:43.616202	2022-03-31 13:54:00.296459	256,680257	False	2	36-45	male	4	Mid-ILS	Pulp Fiction, Fight Club, The Shawshank Redemption, The Empire Strikes Back, Star Wars, American Beauty, Requiem for a Dream	['seen', 'seen', 'seen', 'seen', 'seen', 'heard', 'seen']	4	4	4	2	4	4	more	0,0,0,0,0,0,0	59,72905	1,776185607	12	4	0.27
14132	('Group1=', 2, ', Group2=', 3, ', Group3=', 1, 'ComparisonGroup=', 4)	2022-03-31 14:43:19.924115	2022-03-31 14:47:50.070867	270,146752	False	2	36-45	male	4	Mid-ILS	Pulp Fiction, Fight Club, The Shawshank Redemption, The Empire Strikes Back, Star Wars, American Beauty, Requiem for a Dream	['seen', 'seen', 'seen', 'seen', 'seen', 'heard', 'heard']	1	4	4	2	5	5	more	0,0,0,0,0,0,0	43,747424	1,640952485	12	4	0.27
96766	('Group1=', 2, ', Group2=', 3, ', Group3=', 1, 'ComparisonGroup=', 2)	2022-03-31 14:42:59.805118	2022-03-31 14:47:30.469306	270,664188	False	2	26-35	female	4	Mid-ILS	Pulp Fiction, Fight Club, The Shawshank Redemption, The Empire Strikes Back, Star Wars, American Beauty, Requiem for a Dream	['seen', 'seen', 'heard', 'never', 'seen', 'seen', 'seen']	6	4	3	3	4	5	more	0,0,0,0,0,0,0	90,509601	1,95669465	10	3	0.27
81975	('Group1=', 2, ', Group2=', 1, ', Group3=', 3, 'ComparisonGroup=', 1)	2022-03-31 14:42:39.559723	2022-03-31 14:47:15.564408	276,004685	False	2	36-45	male	3	Mid-ILS	Pulp Fiction, Fight Club, The Shawshank Redemption, The Empire Strikes Back, Star Wars, American Beauty, Requiem for a Dream	['never', 'heard', 'seen', 'never', 'heard', 'heard', 'never']	3	3	4	4	3	4	exactly	0,0,0,0,0,0,0	40,790732	1,610561499	9	2	0.27
40648	('Group1=', 3, ', Group2=', 2, ', Group3=', 1, 'ComparisonGroup=', 3)	2022-03-31 13:59:32.215356	2022-03-31 14:04:12.485177	280,269821	False	2	46-55	male	5	Mid-ILS	Pulp Fiction, Fight Club, The Shawshank Redemption, The Empire Strikes Back, Star Wars, American Beauty, Requiem for a Dream	['seen', 'seen', 'seen', 'seen', 'seen', 'seen', 'heard']	4	5	5	5	4	4	more	0,0,0,0,0,0,0	50,929432	1,706968833	11	1	0.27
78891	('Group1=', 2, ', Group2=', 1, ', Group3=', 3, 'ComparisonGroup=', 1)	2022-03-31 15:19:29.978281	2022-03-31 15:24:12.278654	282,300373	False	2	36-45	male	4	Mid-ILS	Pulp Fiction, Fight Club, The Shawshank Redemption, The Empire Strikes Back, Star Wars, American Beauty, Requiem for a Dream	['seen', 'seen', 'seen', 'heard', 'seen', 'seen', 'seen']	3	4	5	2	4	5	more	0,0,0,0,0,0,0	36,422174	1,561365865	13	4	0.27
57814	('Group1=', 2, ', Group2=', 1, ', Group3=', 3, 'ComparisonGroup=', 2)	2022-03-31 14:40:49.202421	2022-03-31 14:45:45.530988	296,328567	False	2	36-45	male	4	Mid-ILS	Pulp Fiction, Fight Club, The Shawshank Redemption, The Empire Strikes Back, Star Wars, American Beauty, Requiem for a Dream	['seen', 'seen', 'seen', 'seen', 'seen', 'seen', 'never']	2	5	5	2	5	5	more	0,0,0,0,0,0,0	66,813062	1,824861376	14	4	0.27
28643	('Group1=', 1, ', Group2=', 3, ', Group3=', 2, 'ComparisonGroup=', 1)	2022-03-31 14:35:46.465758	2022-03-31 14:40:42.825359	296,359601	False	2	26-35	male	4	Mid-ILS	Pulp Fiction, Fight Club, The Shawshank Redemption, The Empire Strikes Back, Star Wars, American Beauty, Requiem for a Dream	['heard', 'heard', 'heard', 'seen', 'heard', 'heard', 'heard']	3	4	4	5	5	4	exactly	0,0,0,0,0,0,0	29,629568	1,471725319	9	1	0.27
38328	('Group1=', 1, ', Group2=', 3, ', Group3=', 2, 'ComparisonGroup=', 4)	2022-03-31 13:40:39.703908	2022-03-31 13:45:44.387851	304,683943	False	2	26-35	male	5	Mid-ILS	Pulp Fiction, Fight Club, The Shawshank Redemption, The Empire Strikes Back, Star Wars, American Beauty, Requiem for a Dream	['seen', 'seen', 'seen', 'seen', 'seen', 'seen', 'seen']	4	4	5	2	4	5	more	0,0,0,0,0,0,0	31,229957	1,494571386	13	4	0.27
58848	('Group1=', 1, ', Group2=', 2, ', Group3=', 3, 'ComparisonGroup=', 1)	2022-03-31 13:47:07.363409	2022-03-31 13:52:16.909254	309,545845	False	2	46-55	male	5	Mid-ILS	Pulp Fiction, Fight Club, The Shawshank Redemption, The Empire Strikes Back, Star Wars, American Beauty, Requiem for a Dream	['never', 'seen', 'seen', 'heard', 'seen', 'seen', 'heard']	4	5	5	1	3	5	more	0,0,0,0,0,0,0	42,386897	1,627231625	15	5	0.27
77430	('Group1=', 2, ', Group2=', 3, ', Group3=', 1, 'ComparisonGroup=', 3)	2022-03-31 14:42:08.874494	2022-03-31 14:47:20.226096	311,351602	False	2	26-35	male	3	Mid-ILS	Pulp Fiction, Fight Club, The Shawshank Redemption, The Empire Strikes Back, Star Wars, American Beauty, Requiem for a Dream	['seen', 'seen', 'seen', 'seen', 'seen', 'seen', 'seen']	4	4	4	2	5	5	more	0,0,0,0,0,0,0	37,018707	1,568421246	12	4	0.27
31734	('Group1=', 2, ', Group2=', 1, ', Group3=', 3, 'ComparisonGroup=', 4)	2022-03-31 13:48:31.890786	2022-03-31 13:53:45.551833	313,661047	False	2	36-45	male	4	Mid-ILS	Pulp Fiction, Fight Club, The Shawshank Redemption, The Empire Strikes Back, Star Wars, American Beauty, Requiem for a Dream	['seen', 'seen', 'seen', 'seen', 'seen', 'seen', 'seen']	6	4	5	2	3	4	more	0,0,0,0,0,0,0	65,666998	1,817347163	13	4	0.27
47875	('Group1=', 2, ', Group2=', 3, ', Group3=', 1, 'ComparisonGroup=', 4)	2022-03-31 15:02:07.497909	2022-03-31 15:07:51.613523	344,115614	False	2	26-35	female	2	Mid-ILS	Pulp Fiction, Fight Club, The Shawshank Redemption, The Empire Strikes Back, Star Wars, American Beauty, Requiem for a Dream	['heard', 'never', 'never', 'seen', 'seen', 'heard', 'never']	5	4	4	3	4	4	more	0,0,0,0,0,0,0	87,892611	1,943952366	11	3	0.27
14238	('Group1=', 1, ', Group2=', 2, ', Group3=', 3, 'ComparisonGroup=', 1)	2022-03-31 13:55:55.250057	2022-03-31 14:01:41.425733	346,175676	False	2	36-45	female	3	Mid-ILS	Pulp Fiction, Fight Club, The Shawshank Redemption, The Empire Strikes Back, Star Wars, American Beauty, Requiem for a Dream	['seen', 'seen', 'seen', 'seen', 'seen', 'seen', 'seen']	4	4	4	2	2	4	more	0,0,0,0,0,0,0	43,686422	1,640346477	12	4	0.27
3321	('Group1=', 2, ', Group2=', 3, ', Group3=', 1, 'ComparisonGroup=', 2)	2022-03-31 13:46:27.211654	2022-03-31 13:52:22.556178	355,344524	False	2	46-55	male	5	Mid-ILS	Pulp Fiction, Fight Club, The Shawshank Redemption, The Empire Strikes Back, Star Wars, American Beauty, Requiem for a Dream	['seen', 'seen', 'heard', 'seen', 'seen', 'seen', 'heard']	2	4	4	2	4	5	more	0,0,0,0,0,0,0	83,606038	1,922237643	12	4	0.27
14829	('Group1=', 1, ', Group2=', 2, ', Group3=', 3, 'ComparisonGroup=', 4)	2022-03-31 14:27:12.887316	2022-03-31 14:33:22.285731	369,398415	False	2	26-35	male	5	Mid-ILS	Pulp Fiction, Fight Club, The Shawshank Redemption, The Empire Strikes Back, Star Wars, American Beauty, Requiem for a Dream	['seen', 'seen', 'seen', 'seen', 'seen', 'never', 'never']	3	3	2	2	4	4	more	0,0,0,0,0,0,0	50,430357	1,702692043	9	4	0.27
85869	('Group1=', 3, ', Group2=', 2, ', Group3=', 1, 'ComparisonGroup=', 4)	2022-03-31 13:52:28.690892	2022-03-31 13:58:50.546767	381,855875	False	2	46-55	male	3	Mid-ILS	Pulp Fiction, Fight Club, The Shawshank Redemption, The Empire Strikes Back, Star Wars, American Beauty, Requiem for a Dream	['seen', 'seen', 'seen', 'seen', 'seen', 'seen', 'heard']	5	4	4	3	4	5	more	0,0,0,0,0,0,0	35,766468	1,553476055	11	3	0.27
45868	('Group1=', 1, ', Group2=', 3, ', Group3=', 2, 'ComparisonGroup=', 4)	2022-03-31 13:44:40.634496	2022-03-31 13:51:08.389803	387,755307	False	2	36-45	female	4	Mid-ILS	Pulp Fiction, Fight Club, The Shawshank Redemption, The Empire Strikes Back, Star Wars, American Beauty, Requiem for a Dream	['heard', 'heard', 'seen', 'seen', 'heard', 'seen', 'seen']	3	5	4	2	2	5	more	0,0,0,0,0,0,0	36,568144	1,563102918	13	4	0.27
7836	('Group1=', 1, ', Group2=', 3, ', Group3=', 2, 'ComparisonGroup=', 2)	2022-03-31 13:39:07.917453	2022-03-31 13:45:36.300856	388,383403	False	2	26-35	female	4	Mid-ILS	Pulp Fiction, Fight Club, The Shawshank Redemption, The Empire Strikes Back, Star Wars, American Beauty, Requiem for a Dream	['never', 'heard', 'never', 'seen', 'never', 'heard', 'seen']	1	3	4	3	4	3	more	0,0,0,0,0,0,0	44,580072	1,649140766	10	3	0.27
67734	('Group1=', 3, ', Group2=', 2, ', Group3=', 1, 'ComparisonGroup=', 1)	2022-03-31 13:45:02.735389	2022-03-31 13:51:31.504708	388,769319	False	2	36-45	male	5	Mid-ILS	Pulp Fiction, Fight Club, The Shawshank Redemption, The Empire Strikes Back, Star Wars, American Beauty, Requiem for a Dream	['seen', 'seen', 'seen', 'seen', 'seen', 'seen', 'seen']	6	5	5	1	4	5	more	0,0,0,0,0,0,0	43,282321	1,636310542	15	5	0.27
21781	('Group1=', 3, ', Group2=', 2, ', Group3=', 1, 'ComparisonGroup=', 1)	2022-03-31 15:01:41.896609	2022-03-31 15:08:14.523070	392,626461	False	2	26-35	female	4	Mid-ILS	Pulp Fiction, Fight Club, The Shawshank Redemption, The Empire Strikes Back, Star Wars, American Beauty, Requiem for a Dream	['heard', 'seen', 'seen', 'heard', 'seen', 'seen', 'heard']	7	3	4	4	3	4	more	0,0,0,0,0,0,0	32,360956	1,510021343	9	2	0.27
56172	('Group1=', 3, ', Group2=', 2, ', Group3=', 1, 'ComparisonGroup=', 2)	2022-03-31 14:46:43.751234	2022-03-31 14:53:28.368015	404,616781	False	2	36-45	male	5	Mid-ILS	Pulp Fiction, Fight Club, The Shawshank Redemption, The Empire Strikes Back, Star Wars, American Beauty, Requiem for a Dream	['seen', 'seen', 'seen', 'seen', 'seen', 'seen', 'seen']	5	5	5	1	4	5	more	0,0,0,0,0,0,0	65,395051	1,815544883	15	5	0.27
87422	('Group1=', 3, ', Group2=', 2, ', Group3=', 1, 'ComparisonGroup=', 3)	2022-03-31 14:56:17.655040	2022-03-31 15:03:13.487124	415,832084	False	2	26-35	female	3	Mid-ILS	Pulp Fiction, Fight Club, The Shawshank Redemption, The Empire Strikes Back, Star Wars, American Beauty, Requiem for a Dream	['heard', 'heard', 'heard', 'heard', 'heard', 'heard', 'heard']	3	4	4	2	3	3	more	0,0,0,0,0,0,0	79,625177	1,901050411	12	4	0.27
26759	('Group1=', 1, ', Group2=', 2, ', Group3=', 3, 'ComparisonGroup=', 1)	2022-03-31 14:11:18.318702	2022-03-31 14:18:15.883217	417,564515	False	2	>65	female	4	Mid-ILS	Pulp Fiction, Fight Club, The Shawshank Redemption, The Empire Strikes Back, Star Wars, American Beauty, Requiem for a Dream	['heard', 'heard', 'seen', 'seen', 'seen', 'seen', 'never']	4	4	3	4	5	5	more	0,0,0,0,0,0,0	58,041196	1,763736353	9	2	0.27
71439	('Group1=', 1, ', Group2=', 3, ', Group3=', 2, 'ComparisonGroup=', 2)	2022-03-31 13:43:54.156085	2022-03-31 13:51:00.017655	425,86157	False	2	46-55	female	4	Mid-ILS	Pulp Fiction, Fight Club, The Shawshank Redemption, The Empire Strikes Back, Star Wars, American Beauty, Requiem for a Dream	['heard', 'seen', 'heard', 'seen', 'seen', 'seen', 'seen']	2	4	4	4	5	5	more	0,0,0,0,0,0,0	38,830147	1,589169035	10	2	0.27
49090	('Group1=', 1, ', Group2=', 3, ', Group3=', 2, 'ComparisonGroup=', 1)	2022-03-31 14:50:10.426852	2022-03-31 14:57:17.681781	427,254929	False	2	>65	female	5	Mid-ILS	Pulp Fiction, Fight Club, The Shawshank Redemption, The Empire Strikes Back, Star Wars, American Beauty, Requiem for a Dream	['seen', 'heard', 'never', 'seen', 'seen', 'seen', 'heard']	4	5	5	2	4	4	more	0,0,0,0,0,0,0	60,939405	1,78489821	14	4	0.27
16600	('Group1=', 2, ', Group2=', 1, ', Group3=', 3, 'ComparisonGroup=', 1)	2022-03-31 13:58:43.295026	2022-03-31 14:05:52.071109	428,776083	False	2	56-65	female	4	Mid-ILS	Pulp Fiction, Fight Club, The Shawshank Redemption, The Empire Strikes Back, Star Wars, American Beauty, Requiem for a Dream	['seen', 'heard', 'seen', 'seen', 'seen', 'seen', 'seen']	1	4	4	2	2	5	more	0,0,0,0,0,0,0	79,786416	1,901928957	12	4	0.27
27619	('Group1=', 1, ', Group2=', 2, ', Group3=', 3, 'ComparisonGroup=', 1)	2022-03-31 13:53:40.410447	2022-03-31 14:01:31.502938	471,092491	False	2	36-45	male	3	Mid-ILS	Pulp Fiction, Fight Club, The Shawshank Redemption, The Empire Strikes Back, Star Wars, American Beauty, Requiem for a Dream	['never', 'heard', 'seen', 'never', 'never', 'heard', 'never']	4	4	4	3	4	3	exactly	0,0,0,0,0,0,0	35,617678	1,551665603	11	3	0.27
62858	('Group1=', 3, ', Group2=', 1, ', Group3=', 2, 'ComparisonGroup=', 3)	2022-03-31 13:39:22.836615	2022-03-31 13:47:25.819842	482,983227	False	2	26-35	male	5	Mid-ILS	Pulp Fiction, Fight Club, The Shawshank Redemption, The Empire Strikes Back, Star Wars, American Beauty, Requiem for a Dream	['seen', 'seen', 'seen', 'seen', 'seen', 'seen', 'seen']	4	4	5	4	5	4	more	0,0,0,0,0,0,0	25,49099	1,406386703	11	2	0.27
12978	('Group1=', 2, ', Group2=', 1, ', Group3=', 3, 'ComparisonGroup=', 4)	2022-03-31 15:01:23.980078	2022-03-31 15:09:38.354217	494,374139	False	2	56-65	female	5	Mid-ILS	Pulp Fiction, Fight Club, The Shawshank Redemption, The Empire Strikes Back, Star Wars, American Beauty, Requiem for a Dream	['seen', 'seen', 'heard', 'seen', 'seen', 'seen', 'seen']	3	3	3	3	5	4	more	0,0,0,0,0,0,0	164,798354	2,21695287	9	3	0.27
31963	('Group1=', 3, ', Group2=', 2, ', Group3=', 1, 'ComparisonGroup=', 4)	2022-03-31 13:39:45.570964	2022-03-31 13:48:08.283459	502,712495	False	2	36-45	female	4	Mid-ILS	Pulp Fiction, Fight Club, The Shawshank Redemption, The Empire Strikes Back, Star Wars, American Beauty, Requiem for a Dream	['never', 'never', 'heard', 'seen', 'seen', 'never', 'heard']	2	4	3	4	5	4	more	0,0,0,0,0,0,0	33,370242	1,523359356	9	2	0.27
68150	('Group1=', 3, ', Group2=', 2, ', Group3=', 1, 'ComparisonGroup=', 1)	2022-03-31 13:40:28.262937	2022-03-31 13:48:57.957846	509,694909	False	2	26-35	non-binary	5	Mid-ILS	Pulp Fiction, Fight Club, The Shawshank Redemption, The Empire Strikes Back, Star Wars, American Beauty, Requiem for a Dream	['seen', 'seen', 'seen', 'seen', 'seen', 'heard', 'never']	4	5	5	1	5	5	more	0,0,0,0,0,0,0	59,513632	1,774616455	15	5	0.27
39218	('Group1=', 2, ', Group2=', 3, ', Group3=', 1, 'ComparisonGroup=', 2)	2022-03-31 15:55:00.812722	2022-03-31 16:04:02.328173	541,515451	False	2	26-35	female	5	Mid-ILS	Pulp Fiction, Fight Club, The Shawshank Redemption, The Empire Strikes Back, Star Wars, American Beauty, Requiem for a Dream	['never', 'never', 'seen', 'heard', 'heard', 'never', 'seen']	3	5	3	4	5	4	exactly	0,0,0,0,0,0,0	67,29419	1,82797757	10	2	0.27
65201	('Group1=', 3, ', Group2=', 2, ', Group3=', 1, 'ComparisonGroup=', 1)	2022-03-31 13:41:56.818918	2022-03-31 13:52:17.879784	621,060866	False	2	19-25	female	4	Mid-ILS	Pulp Fiction, Fight Club, The Shawshank Redemption, The Empire Strikes Back, Star Wars, American Beauty, Requiem for a Dream	['seen', 'seen', 'seen', 'seen', 'seen', 'seen', 'seen']	4	4	5	4	4	5	more	0,0,0,0,0,0,0	322,661022	2,508746505	11	2	0.27
8409	('Group1=', 2, ', Group2=', 1, ', Group3=', 3, 'ComparisonGroup=', 1)	2022-03-31 15:43:49.891043	2022-03-31 15:54:16.631976	626,740933	False	2	56-65	male	5	Mid-ILS	Pulp Fiction, Fight Club, The Shawshank Redemption, The Empire Strikes Back, Star Wars, American Beauty, Requiem for a Dream	['seen', 'seen', 'seen', 'seen', 'seen', 'heard', 'heard']	7	4	4	2	4	2	more	0,0,0,0,0,0,0	148,302408	2,171148203	12	4	0.27
90025	('Group1=', 1, ', Group2=', 3, ', Group3=', 2, 'ComparisonGroup=', 3)	2022-03-31 15:16:43.091548	2022-03-31 15:27:23.979903	640,888355	False	2	46-55	male	4	Mid-ILS	Pulp Fiction, Fight Club, The Shawshank Redemption, The Empire Strikes Back, Star Wars, American Beauty, Requiem for a Dream	['never', 'seen', 'seen', 'seen', 'heard', 'seen', 'seen']	7	4	4	2	4	4	more	0,0,0,0,0,0,0	45,689877	1,659819989	12	4	0.27
89369	('Group1=', 1, ', Group2=', 2, ', Group3=', 3, 'ComparisonGroup=', 2)	2022-03-31 13:42:26.103658	2022-03-31 13:53:28.312168	662,20851	False	2	46-55	male	3	Mid-ILS	Pulp Fiction, Fight Club, The Shawshank Redemption, The Empire Strikes Back, Star Wars, American Beauty, Requiem for a Dream	['seen', 'seen', 'seen', 'seen', 'seen', 'seen', 'seen']	1	4	3	2	4	4	more	0,0,0,0,0,0,0	58,945117	1,770447834	11	4	0.27
38393	('Group1=', 2, ', Group2=', 3, ', Group3=', 1, 'ComparisonGroup=', 3)	2022-03-31 13:52:08.382192	2022-03-31 14:04:37.326330	748,944138	False	2	26-35	male	4	Mid-ILS	Pulp Fiction, Fight Club, The Shawshank Redemption, The Empire Strikes Back, Star Wars, American Beauty, Requiem for a Dream	['seen', 'seen', 'seen', 'heard', 'heard', 'seen', 'seen']	2	4	4	2	4	4	more	0,0,0,0,0,0,0	73,668717	1,867283106	12	4	0.27
29088	('Group1=', 3, ', Group2=', 2, ', Group3=', 1, 'ComparisonGroup=', 4)	2022-03-31 13:39:18.127155	2022-03-31 13:52:27.611143	789,483988	False	2	26-35	female	5	Mid-ILS	Pulp Fiction, Fight Club, The Shawshank Redemption, The Empire Strikes Back, Star Wars, American Beauty, Requiem for a Dream	['seen', 'seen', 'seen', 'seen', 'seen', 'seen', 'seen']	7	4	4	2	5	5	more	0,0,0,0,0,0,0	72,626152	1,861093034	12	4	0.27
30240	('Group1=', 1, ', Group2=', 3, ', Group3=', 2, 'ComparisonGroup=', 1)	2022-03-31 14:39:55.914837	2022-03-31 14:53:28.513448	812,598611	False	2	26-35	male	4	Mid-ILS	Pulp Fiction, Fight Club, The Shawshank Redemption, The Empire Strikes Back, Star Wars, American Beauty, Requiem for a Dream	['seen', 'seen', 'heard', 'never', 'heard', 'heard', 'seen']	6	4	4	5	5	4	exactly	0,0,0,0,0,0,0	31,925248	1,50413428	9	1	0.27
97887	('Group1=', 2, ', Group2=', 3, ', Group3=', 1, 'ComparisonGroup=', 3)	2022-03-31 14:48:56.074925	2022-03-31 15:02:33.195774	817,120849	False	2	46-55	male	2	Mid-ILS	Pulp Fiction, Fight Club, The Shawshank Redemption, The Empire Strikes Back, Star Wars, American Beauty, Requiem for a Dream	['never', 'heard', 'never', 'never', 'seen', 'never', 'never']	4	4	5	4	3	4	more	0,0,0,0,0,0,0	145,05138	2,161521865	11	2	0.27
90947	('Group1=', 1, ', Group2=', 3, ', Group3=', 2, 'ComparisonGroup=', 1)	2022-03-31 13:45:52.435011	2022-03-31 13:59:31.306363	818,871352	False	2	56-65	male	2	Mid-ILS	Pulp Fiction, Fight Club, The Shawshank Redemption, The Empire Strikes Back, Star Wars, American Beauty, Requiem for a Dream	['seen', 'heard', 'heard', 'seen', 'seen', 'heard', 'heard']	7	4	3	3	4	5	more	0,0,0,0,0,0,0	52,311822	1,718599847	10	3	0.27
83267	('Group1=', 1, ', Group2=', 2, ', Group3=', 3, 'ComparisonGroup=', 3)	2022-03-31 13:40:51.601867	2022-03-31 13:56:35.777708	944,175841	False	2	36-45	female	4	Mid-ILS	Pulp Fiction, Fight Club, The Shawshank Redemption, The Empire Strikes Back, Star Wars, American Beauty, Requiem for a Dream	['never', 'heard', 'heard', 'never', 'seen', 'never', 'never']	5	4	4	2	3	4	more	0,0,0,0,0,0,0	66,256944	1,821231401	12	4	0.27
53298	('Group1=', 2, ', Group2=', 1, ', Group3=', 3, 'ComparisonGroup=', 1)	2022-03-31 13:49:13.442612	2022-03-31 14:05:03.440293	949,997681	False	2	36-45	male	2	Mid-ILS	Pulp Fiction, Fight Club, The Shawshank Redemption, The Empire Strikes Back, Star Wars, American Beauty, Requiem for a Dream	['seen', 'seen', 'seen', 'heard', 'heard', 'heard', 'heard']	3	4	4	2	4	5	more	0,0,0,0,0,0,0	396,845651	2,598621625	12	4	0.27
7904	('Group1=', 1, ', Group2=', 3, ', Group3=', 2, 'ComparisonGroup=', 2)	2022-03-31 14:54:21.529409	2022-03-31 15:11:12.882148	1011,352739	False	2	26-35	male	4	Mid-ILS	Pulp Fiction, Fight Club, The Shawshank Redemption, The Empire Strikes Back, Star Wars, American Beauty, Requiem for a Dream	['never', 'heard', 'seen', 'seen', 'never', 'seen', 'seen']	6	5	3	4	3	5	exactly	0,0,0,0,0,0,0	24,851654	1,395355298	10	2	0.27
3697	('Group1=', 3, ', Group2=', 2, ', Group3=', 1, 'ComparisonGroup=', 3)	2022-03-31 13:45:55.782557	2022-03-31 14:03:32.511341	1056,728784	False	2	26-35	female	3	Mid-ILS	Pulp Fiction, Fight Club, The Shawshank Redemption, The Empire Strikes Back, Star Wars, American Beauty, Requiem for a Dream	['heard', 'heard', 'heard', 'never', 'seen', 'never', 'never']	6	5	5	2	5	4	exactly	0,0,0,0,0,0,0	156,073212	2,193328368	14	4	0.27
56064	('Group1=', 1, ', Group2=', 3, ', Group3=', 2, 'ComparisonGroup=', 2)	2022-03-31 15:03:01.443065	2022-03-31 15:23:22.459718	1221,016653	False	2	56-65	male	5	Mid-ILS	Pulp Fiction, Fight Club, The Shawshank Redemption, The Empire Strikes Back, Star Wars, American Beauty, Requiem for a Dream	['heard', 'heard', 'seen', 'heard', 'seen', 'heard', 'heard']	3	4	3	4	5	4	more	0,0,0,0,0,0,0	37,175925	1,570261783	9	2	0.27
81155	('Group1=', 2, ', Group2=', 3, ', Group3=', 1, 'ComparisonGroup=', 3)	2022-03-31 15:51:28.480064	2022-03-31 16:17:41.115385	1572,635321	False	2	46-55	male	3	Mid-ILS	Pulp Fiction, Fight Club, The Shawshank Redemption, The Empire Strikes Back, Star Wars, American Beauty, Requiem for a Dream	['heard', 'heard', 'heard', 'heard', 'seen', 'never', 'heard']	4	3	3	2	4	4	exactly	0,0,0,0,0,0,0	196,352739	2,293036964	10	4	0.27
