id	group	start time	end time	duration	pressed back	attention check	age	gender	cooking enthusiast	restrictions	treatment1	order1	familiarity1	selection1	diversity1	variety1	similarity1	easiness1confidence1	confidence1	amount1	poster clicks1	treatment2	order2	familiarity2	selection2	diversity2	variety2	similarity2	easiness2	confidence2	amount2	poster clicks2	treatment3	order3	familiarity3	selection3	diversity3	variety3	similarity3	easiness3	confidence3	amount3	poster clicks3	comparison 1	comparison 2	comparison similarity	poster clicks comparison	decision time1	decision time2	decision time3	decision time comparison	decision time freetext	decision time ranking	decision time landing page questions	decision time demographics	discovery	interests	distraction	ranking	freetext	feedback
6704	('Group1=', 3, ', Group2=', 1, ', Group3=', 2, 'ComparisonGroup=', 4)	2022-03-30 13:44:09.859215	2022-03-30 13:47:23.810125	193,95091	False	2	26-35	female	4--5	vegetarian	Low-ILS	"[[[[[[['', 'Roasted Brussels Sprouts'], 'Shrimp Scampi Bake'], 'Pico de Gallo Chicken Quesadillas'], 'Chocolate Covered Strawberries'], 'Roasted Garlic Cauliflower'], 'Sirloin Steak with Garlic Butter'], ""Mom's Zucchini Bread""]"	['never', 'similar', 'similar', 'never', 'never', 'never', 'never']	4	4	4	3	4	4	exactly	0,0,0,0,0,0,0	High-ILS	[[[[[[['', 'Donut Muffins'], 'Brown Sugar Smokies'], 'Good Old Fashioned Pancakes'], 'Best Big, Fat, Chewy Chocolate Chip Cookie'], 'Peanut Butter Cup Cookies'], 'Best Chocolate Chip Cookies'], 'Banana Crumb Muffins']	['similar', 'similar', 'similar', 'similar', 'similar', 'similar', 'never']	5	4	3	4	4	4	exactly	0,0,0,0,0,0,0	Mid-ILS	"[[[[[[['', 'Roasted Brussels Sprouts'], 'Mushrooms with a Soy Sauce Glaze'], 'Meatball Nirvana'], 'Donut Muffins'], ""Janet's Rich Banana Bread""], 'Pico de Gallo Chicken Quesadillas'], 'Chicken Pot Pie']"	['similar', 'similar', 'similar', 'similar', 'similar', 'similar', 'never']	5	3	4	5	4	5	none	0,0,0,0,0,0,0	Chicken Pot Pie	Janet's Rich Banana Bread	4	0	35,412201	33,465132	19,124903	7,883266	53,435208	13,410449	9,364739	20,900713	3	4	4	title	AND I LIKE IT VERY MUCH . IT WAS GOOD	GOOD
77986	('Group1=', 1, ', Group2=', 3, ', Group3=', 2, 'ComparisonGroup=', 4)	2022-03-30 14:30:46.059844	2022-03-30 14:34:29.611473	223,551629	False	2	46-55	female	4--5	vegan	High-ILS	[[[[[[['', 'Donut Muffins'], 'Brown Sugar Smokies'], 'Good Old Fashioned Pancakes'], 'Best Big, Fat, Chewy Chocolate Chip Cookie'], 'Peanut Butter Cup Cookies'], 'Best Chocolate Chip Cookies'], 'Banana Crumb Muffins']	['prepared', 'similar', 'prepared', 'never', 'similar', 'similar', 'similar']	5	3	4	4	5	4	exactly	0,0,0,0,0,0,0	Low-ILS	"[[[[[[['', 'Roasted Brussels Sprouts'], 'Shrimp Scampi Bake'], 'Pico de Gallo Chicken Quesadillas'], 'Chocolate Covered Strawberries'], 'Roasted Garlic Cauliflower'], 'Sirloin Steak with Garlic Butter'], ""Mom's Zucchini Bread""]"	['similar', 'similar', 'prepared', 'similar', 'similar', 'similar', 'prepared']	6	3	4	5	4	4	more	0,0,0,0,0,0,0	Mid-ILS	"[[[[[[['', 'Roasted Brussels Sprouts'], 'Mushrooms with a Soy Sauce Glaze'], 'Meatball Nirvana'], 'Donut Muffins'], ""Janet's Rich Banana Bread""], 'Pico de Gallo Chicken Quesadillas'], 'Chicken Pot Pie']"	['prepared', 'never', 'similar', 'similar', 'prepared', 'never', 'never']	6	3	4	4	5	5	exactly	0,0,0,0,0,0,0	Chicken Pot Pie	Janet's Rich Banana Bread	4	0	31,183093	18,259875	32,069989	6,264937	65,890433	6,438295	17,824116	44,810287	2	3	3	title	it was good   and i like it very much. it was help full .	nice
25861	('Group1=', 3, ', Group2=', 2, ', Group3=', 1, 'ComparisonGroup=', 4)	2022-03-30 13:27:07.961750	2022-03-30 13:32:12.788574	304,826824	False	2	26-35	male	2--3	none	Low-ILS	"[[[[[[['', 'Roasted Brussels Sprouts'], 'Shrimp Scampi Bake'], 'Pico de Gallo Chicken Quesadillas'], 'Chocolate Covered Strawberries'], 'Roasted Garlic Cauliflower'], 'Sirloin Steak with Garlic Butter'], ""Mom's Zucchini Bread""]"	['never', 'never', 'never', 'never', 'never', 'similar', 'never']	6	4	5	1	3	4	more	0,0,0,0,0,0,0	Mid-ILS	"[[[[[[['', 'Roasted Brussels Sprouts'], 'Mushrooms with a Soy Sauce Glaze'], 'Meatball Nirvana'], 'Donut Muffins'], ""Janet's Rich Banana Bread""], 'Pico de Gallo Chicken Quesadillas'], 'Chicken Pot Pie']"	['never', 'never', 'never', 'never', 'never', 'never', 'never']	3	5	4	1	3	4	exactly	0,0,0,0,0,0,0	High-ILS	[[[[[[['', 'Donut Muffins'], 'Brown Sugar Smokies'], 'Good Old Fashioned Pancakes'], 'Best Big, Fat, Chewy Chocolate Chip Cookie'], 'Peanut Butter Cup Cookies'], 'Best Chocolate Chip Cookies'], 'Banana Crumb Muffins']	['never', 'never', 'similar', 'similar', 'similar', 'similar', 'never']	4	2	2	5	4	4	more	0,0,0,0,0,0,0	Chicken Pot Pie	Janet's Rich Banana Bread	2	0	46,347986	29,928923	30,473562	5,8295	58,911916	13,023572	108,14694	12,074327	4	3	1	ingredients	Recipes are diverse when they contain a different set of ingredients used to make different type of things. If they both have chicken as a protein but go about it in different ways I would still consider it diverse.	
80649	('Group1=', 3, ', Group2=', 1, ', Group3=', 2, 'ComparisonGroup=', 4)	2022-03-30 14:41:50.149278	2022-03-30 14:47:08.852870	318,703592	False	2	26-35	male	2--3	none	Low-ILS	"[[[[[[['', 'Roasted Brussels Sprouts'], 'Shrimp Scampi Bake'], 'Pico de Gallo Chicken Quesadillas'], 'Chocolate Covered Strawberries'], 'Roasted Garlic Cauliflower'], 'Sirloin Steak with Garlic Butter'], ""Mom's Zucchini Bread""]"	['similar', 'prepared', 'never', 'prepared', 'similar', 'prepared', 'never']	3	5	5	2	2	4	more	0,0,0,0,0,0,0	High-ILS	[[[[[[['', 'Donut Muffins'], 'Brown Sugar Smokies'], 'Good Old Fashioned Pancakes'], 'Best Big, Fat, Chewy Chocolate Chip Cookie'], 'Peanut Butter Cup Cookies'], 'Best Chocolate Chip Cookies'], 'Banana Crumb Muffins']	['never', 'never', 'prepared', 'prepared', 'similar', 'prepared', 'similar']	7	2	2	4	2	4	more	0,0,0,0,0,0,0	Mid-ILS	"[[[[[[['', 'Roasted Brussels Sprouts'], 'Mushrooms with a Soy Sauce Glaze'], 'Meatball Nirvana'], 'Donut Muffins'], ""Janet's Rich Banana Bread""], 'Pico de Gallo Chicken Quesadillas'], 'Chicken Pot Pie']"	['prepared', 'never', 'similar', 'similar', 'prepared', 'never', 'prepared']	2	5	5	2	2	3	more	0,0,0,0,0,0,0	Chicken Pot Pie	Janet's Rich Banana Bread	2	1,1	61,175571	38,520932	42,084175	12,488268	83,451745	53,949078	15,378882	11,532057	5	5	3	ingredients, nutrients, cuisine, duration, instructions, title, image, reviews	I believe that the criterion for diversity in a recipe is dependent on the ingredients used. For instance, using a protein as the central ingredient versus a vegetable-heavy dish or baked goods - all being three separate and diverse categories. 	Thank you
68034	('Group1=', 1, ', Group2=', 3, ', Group3=', 2, 'ComparisonGroup=', 4)	2022-03-30 15:29:30.498587	2022-03-30 15:35:07.605422	337,106835	False	2	26-35	female	2--3	none	High-ILS	[[[[[[['', 'Donut Muffins'], 'Brown Sugar Smokies'], 'Good Old Fashioned Pancakes'], 'Best Big, Fat, Chewy Chocolate Chip Cookie'], 'Peanut Butter Cup Cookies'], 'Best Chocolate Chip Cookies'], 'Banana Crumb Muffins']	['never', 'similar', 'prepared', 'prepared', 'similar', 'prepared', 'similar']	1	2	2	4	2	5	more	1,1,0,0,0,0,0	Low-ILS	"[[[[[[['', 'Roasted Brussels Sprouts'], 'Shrimp Scampi Bake'], 'Pico de Gallo Chicken Quesadillas'], 'Chocolate Covered Strawberries'], 'Roasted Garlic Cauliflower'], 'Sirloin Steak with Garlic Butter'], ""Mom's Zucchini Bread""]"	['similar', 'never', 'never', 'similar', 'prepared', 'similar', 'prepared']	5	5	5	1	1	5	more	0,0,0,0,0,0,0	Mid-ILS	"[[[[[[['', 'Roasted Brussels Sprouts'], 'Mushrooms with a Soy Sauce Glaze'], 'Meatball Nirvana'], 'Donut Muffins'], ""Janet's Rich Banana Bread""], 'Pico de Gallo Chicken Quesadillas'], 'Chicken Pot Pie']"	['similar', 'never', 'prepared', 'never', 'prepared', 'similar', 'similar']	5	5	5	1	4	5	more	0,0,0,0,0,0,0	Chicken Pot Pie	Janet's Rich Banana Bread	1	0	92,422035	46,231636	39,770722	8,833331	76,764201	47,204016	15,109293	10,647054	4	2	5	cuisine, ingredients	I think that when I was thinking of it, if a list was diverse, it would have sweet AND savory dishes together, and not just one type. On top of that, I also thought about variety of ingredients, meaning meat dishes with vegetable dishes, etc. 	
26118	('Group1=', 1, ', Group2=', 2, ', Group3=', 3, 'ComparisonGroup=', 4)	2022-03-30 13:32:10.429654	2022-03-30 13:38:10.305157	359,875503	False	2	46-55	male	4--5	none	High-ILS	[[[[[[['', 'Donut Muffins'], 'Brown Sugar Smokies'], 'Good Old Fashioned Pancakes'], 'Best Big, Fat, Chewy Chocolate Chip Cookie'], 'Peanut Butter Cup Cookies'], 'Best Chocolate Chip Cookies'], 'Banana Crumb Muffins']	['similar', 'never', 'prepared', 'prepared', 'similar', 'prepared', 'prepared']	4	2	2	4	4	4	more	0,0,0,0,0,0,0	Mid-ILS	"[[[[[[['', 'Roasted Brussels Sprouts'], 'Mushrooms with a Soy Sauce Glaze'], 'Meatball Nirvana'], 'Donut Muffins'], ""Janet's Rich Banana Bread""], 'Pico de Gallo Chicken Quesadillas'], 'Chicken Pot Pie']"	['prepared', 'prepared', 'similar', 'never', 'similar', 'similar', 'prepared']	6	4	5	1	2	4	more	0,0,0,0,0,0,0	Low-ILS	"[[[[[[['', 'Roasted Brussels Sprouts'], 'Shrimp Scampi Bake'], 'Pico de Gallo Chicken Quesadillas'], 'Chocolate Covered Strawberries'], 'Roasted Garlic Cauliflower'], 'Sirloin Steak with Garlic Butter'], ""Mom's Zucchini Bread""]"	['similar', 'similar', 'prepared', 'similar', 'similar', 'prepared', 'similar']	5	4	4	2	4	4	more	0,0,0,0,0,0,0	Chicken Pot Pie	Janet's Rich Banana Bread	2	1,1	84,037615	49,88876	37,029842	22,509476	82,937975	52,208497	16,200436	14,935548	4	4	2	ingredients, cuisine, image, title	 I gauged diversity by meal type (typical breakfast, lunch, or dinner), ethnic background, and ingredients.  Those were the primary criteria and the only ones I can think of.	Thanks for the HIT!  I did my best and hope the data is useful!
69180	('Group1=', 3, ', Group2=', 1, ', Group3=', 2, 'ComparisonGroup=', 4)	2022-03-30 15:11:12.099294	2022-03-30 15:21:04.220682	592,121388	False	2	26-35	male	4--5	gluten	Low-ILS	"[[[[[[['', 'Roasted Brussels Sprouts'], 'Shrimp Scampi Bake'], 'Pico de Gallo Chicken Quesadillas'], 'Chocolate Covered Strawberries'], 'Roasted Garlic Cauliflower'], 'Sirloin Steak with Garlic Butter'], ""Mom's Zucchini Bread""]"	['similar', 'similar', 'prepared', 'prepared', 'never', 'prepared', 'prepared']	7	4	4	4	4	4	exactly	0,0,0,0,0,0,0	High-ILS	[[[[[[['', 'Donut Muffins'], 'Brown Sugar Smokies'], 'Good Old Fashioned Pancakes'], 'Best Big, Fat, Chewy Chocolate Chip Cookie'], 'Peanut Butter Cup Cookies'], 'Best Chocolate Chip Cookies'], 'Banana Crumb Muffins']	['never', 'never', 'never', 'similar', 'similar', 'similar', 'never']	4	4	4	4	4	4	exactly	0,0,0,0,0,0,0	Mid-ILS	"[[[[[[['', 'Roasted Brussels Sprouts'], 'Mushrooms with a Soy Sauce Glaze'], 'Meatball Nirvana'], 'Donut Muffins'], ""Janet's Rich Banana Bread""], 'Pico de Gallo Chicken Quesadillas'], 'Chicken Pot Pie']"	['similar', 'similar', 'similar', 'never', 'never', 'prepared', 'prepared']	6	4	4	4	4	4	more	0,0,0,0,0,0,0	Chicken Pot Pie	Janet's Rich Banana Bread	4	0	404,260027	30,613022	22,755475	9,816535	73,080431	17,628084	11,447962	21,908429	4	4	4	title, ingredients, reviews, nutrients, duration, instructions, cuisine, image	Both recipes are Chicken Pot Pie Janet's Rich Banana Bread good and nice and tasty to eat and also easy to prepare and they are slightly new to me. 	Good
64388	('Group1=', 1, ', Group2=', 2, ', Group3=', 3, 'ComparisonGroup=', 4)	2022-03-30 13:23:54.880974	2022-03-30 13:34:13.059234	618,17826	False	2	36-45	female	>5	none	High-ILS	[[[[[[['', 'Donut Muffins'], 'Brown Sugar Smokies'], 'Good Old Fashioned Pancakes'], 'Best Big, Fat, Chewy Chocolate Chip Cookie'], 'Peanut Butter Cup Cookies'], 'Best Chocolate Chip Cookies'], 'Banana Crumb Muffins']	['never', 'never', 'similar', 'similar', 'prepared', 'prepared', 'never']	6	4	5	3	4	4	more	0,0,0,0,0,0,0	Mid-ILS	"[[[[[[['', 'Roasted Brussels Sprouts'], 'Mushrooms with a Soy Sauce Glaze'], 'Meatball Nirvana'], 'Donut Muffins'], ""Janet's Rich Banana Bread""], 'Pico de Gallo Chicken Quesadillas'], 'Chicken Pot Pie']"	['never', 'never', 'never', 'never', 'similar', 'similar', 'prepared']	7	4	4	4	5	5	exactly	0,0,0,0,0,0,0	Low-ILS	"[[[[[[['', 'Roasted Brussels Sprouts'], 'Shrimp Scampi Bake'], 'Pico de Gallo Chicken Quesadillas'], 'Chocolate Covered Strawberries'], 'Roasted Garlic Cauliflower'], 'Sirloin Steak with Garlic Butter'], ""Mom's Zucchini Bread""]"	['never', 'similar', 'similar', 'never', 'prepared', 'never', 'similar']	7	5	5	2	4	5	more	0,0,0,0,0,0,0	Chicken Pot Pie	Janet's Rich Banana Bread	2	0	143,788496	88,781535	44,230317	10,162838	191,016484	69,415864	20,132792	50,527373	4	4	2	ingredients, nutrients, cuisine, duration, instructions, title, image, reviews	I first find out the raw materials used for the preparation of the dishes then I classify the dishes based on the output of the dishes and the images shown.	The survey is interesting and I like it to complete.
87500	('Group1=', 1, ', Group2=', 2, ', Group3=', 3, 'ComparisonGroup=', 4)	2022-03-30 13:29:22.539464	2022-03-30 13:41:57.962664	755,4232	False	2	36-45	male	>5	none	High-ILS	[[[[[[['', 'Donut Muffins'], 'Brown Sugar Smokies'], 'Good Old Fashioned Pancakes'], 'Best Big, Fat, Chewy Chocolate Chip Cookie'], 'Peanut Butter Cup Cookies'], 'Best Chocolate Chip Cookies'], 'Banana Crumb Muffins']	['never', 'never', 'prepared', 'prepared', 'never', 'similar', 'never']	4	2	4	4	3	3	more	0,0,0,0,0,0,0	Mid-ILS	"[[[[[[['', 'Roasted Brussels Sprouts'], 'Mushrooms with a Soy Sauce Glaze'], 'Meatball Nirvana'], 'Donut Muffins'], ""Janet's Rich Banana Bread""], 'Pico de Gallo Chicken Quesadillas'], 'Chicken Pot Pie']"	['prepared', 'never', 'similar', 'never', 'similar', 'similar', 'similar']	3	4	3	2	4	4	more	0,0,0,0,0,0,0	Low-ILS	"[[[[[[['', 'Roasted Brussels Sprouts'], 'Shrimp Scampi Bake'], 'Pico de Gallo Chicken Quesadillas'], 'Chocolate Covered Strawberries'], 'Roasted Garlic Cauliflower'], 'Sirloin Steak with Garlic Butter'], ""Mom's Zucchini Bread""]"	['prepared', 'similar', 'similar', 'never', 'never', 'never', 'never']	2	4	3	2	3	4	more	0,0,0,0,0,0,0	Chicken Pot Pie	Janet's Rich Banana Bread	2	1	167,767307	114,533767	76,450009	20,215108	159,654198	97,161318	97,155501	22,316558	2	2	4	image, cuisine	I determined what kind of dish that it was, if it was a main, a side or a desert.   	
69664	('Group1=', 1, ', Group2=', 2, ', Group3=', 3, 'ComparisonGroup=', 4)	2022-03-30 13:37:21.226591	2022-03-30 13:51:10.574473	829,347882	False	2	56-65	female	4--5	vegetarian	High-ILS	[[[[[[['', 'Donut Muffins'], 'Brown Sugar Smokies'], 'Good Old Fashioned Pancakes'], 'Best Big, Fat, Chewy Chocolate Chip Cookie'], 'Peanut Butter Cup Cookies'], 'Best Chocolate Chip Cookies'], 'Banana Crumb Muffins']	['never', 'never', 'prepared', 'similar', 'never', 'similar', 'similar']	3	4	4	5	4	3	exactly	0,0,0,0,0,0,0	Mid-ILS	"[[[[[[['', 'Roasted Brussels Sprouts'], 'Mushrooms with a Soy Sauce Glaze'], 'Meatball Nirvana'], 'Donut Muffins'], ""Janet's Rich Banana Bread""], 'Pico de Gallo Chicken Quesadillas'], 'Chicken Pot Pie']"	['similar', 'prepared', 'similar', 'never', 'similar', 'similar', 'prepared']	7	4	5	5	4	4	exactly	0,0,0,0,0,0,0	Low-ILS	"[[[[[[['', 'Roasted Brussels Sprouts'], 'Shrimp Scampi Bake'], 'Pico de Gallo Chicken Quesadillas'], 'Chocolate Covered Strawberries'], 'Roasted Garlic Cauliflower'], 'Sirloin Steak with Garlic Butter'], ""Mom's Zucchini Bread""]"	['similar', 'prepared', 'never', 'similar', 'prepared', 'prepared', 'similar']	2	4	4	4	4	4	more	0,0,0,0,0,0,0	Chicken Pot Pie	Janet's Rich Banana Bread	1	0	311,078697	163,896043	87,070406	11,885988	140,595893	38,693279	12,745226	63,201509	4	4	3	nutrients, title, ingredients, cuisine, duration, reviews, image	I have reed the text in all recipe. There are different recipe but I cooked certain recipe. This tasks prefer which recipe we cook.	no comments
93507	('Group1=', 2, ', Group2=', 1, ', Group3=', 3, 'ComparisonGroup=', 4)	2022-03-30 14:30:39.842782	2022-03-30 14:45:13.247282	873,4045	False	2	46-55	male	4--5	none	Mid-ILS	"[[[[[[['', 'Roasted Brussels Sprouts'], 'Mushrooms with a Soy Sauce Glaze'], 'Meatball Nirvana'], 'Donut Muffins'], ""Janet's Rich Banana Bread""], 'Pico de Gallo Chicken Quesadillas'], 'Chicken Pot Pie']"	['prepared', 'prepared', 'similar', 'similar', 'prepared', 'similar', 'never']	7	4	3	2	3	4	more	1,1,1,1,1,1,1	High-ILS	[[[[[[['', 'Donut Muffins'], 'Brown Sugar Smokies'], 'Good Old Fashioned Pancakes'], 'Best Big, Fat, Chewy Chocolate Chip Cookie'], 'Peanut Butter Cup Cookies'], 'Best Chocolate Chip Cookies'], 'Banana Crumb Muffins']	['similar', 'similar', 'prepared', 'prepared', 'similar', 'prepared', 'similar']	1	2	2	4	3	4	more	0,1,1,2,1,2,3	Low-ILS	"[[[[[[['', 'Roasted Brussels Sprouts'], 'Shrimp Scampi Bake'], 'Pico de Gallo Chicken Quesadillas'], 'Chocolate Covered Strawberries'], 'Roasted Garlic Cauliflower'], 'Sirloin Steak with Garlic Butter'], ""Mom's Zucchini Bread""]"	['prepared', 'never', 'similar', 'prepared', 'similar', 'never', 'similar']	2	4	4	2	4	4	more	0,1,0,1,1,1,1	Chicken Pot Pie	Janet's Rich Banana Bread	2	0,1	246,31569	203,55108	131,150361	25,131704	136,094803	77,348436	35,44663	18,262315	4	3	2	ingredients, cuisine, instructions, duration, image, title, nutrients	Diverse recipes have different ingredients, first of all. If they do have similar ingredients, they will be more diverse if they are cooked with very different techniques, such as baked versus steamed.	
6117	('Group1=', 1, ', Group2=', 2, ', Group3=', 3, 'ComparisonGroup=', 4)	2022-03-30 13:50:49.344639	2022-03-30 14:06:51.468811	962,124172	False	2	46-55	male	2--3	none	High-ILS	[[[[[[['', 'Donut Muffins'], 'Brown Sugar Smokies'], 'Good Old Fashioned Pancakes'], 'Best Big, Fat, Chewy Chocolate Chip Cookie'], 'Peanut Butter Cup Cookies'], 'Best Chocolate Chip Cookies'], 'Banana Crumb Muffins']	['similar', 'prepared', 'never', 'never', 'never', 'never', 'similar']	2	4	5	5	4	5	exactly	0,0,0,0,0,0,0	Mid-ILS	"[[[[[[['', 'Roasted Brussels Sprouts'], 'Mushrooms with a Soy Sauce Glaze'], 'Meatball Nirvana'], 'Donut Muffins'], ""Janet's Rich Banana Bread""], 'Pico de Gallo Chicken Quesadillas'], 'Chicken Pot Pie']"	['never', 'similar', 'similar', 'never', 'similar', 'never', 'never']	2	4	4	5	4	3	exactly	0,0,0,0,0,0,0	Low-ILS	"[[[[[[['', 'Roasted Brussels Sprouts'], 'Shrimp Scampi Bake'], 'Pico de Gallo Chicken Quesadillas'], 'Chocolate Covered Strawberries'], 'Roasted Garlic Cauliflower'], 'Sirloin Steak with Garlic Butter'], ""Mom's Zucchini Bread""]"	['similar', 'never', 'never', 'never', 'similar', 'prepared', 'prepared']	6	4	5	5	3	4	none	0,0,0,0,0,0,0	Chicken Pot Pie	Janet's Rich Banana Bread	4	0	479,530878	153,740169	99,677529	22,667845	131,82869	33,661657	15,230048	25,444784	5	4	5	title, image, cuisine, duration, ingredients, reviews, nutrients, instructions	I have enter read the text, I just diverse the list about the preparing recipes.  But it is sometimes very slow to do.	Useful survey to me.
91345	('Group1=', 3, ', Group2=', 1, ', Group3=', 2, 'ComparisonGroup=', 4)	2022-03-30 15:45:52.794348	2022-03-30 16:04:48.632508	1135,83816	False	2	26-35	male	>5	none	Low-ILS	"[[[[[[['', 'Roasted Brussels Sprouts'], 'Shrimp Scampi Bake'], 'Pico de Gallo Chicken Quesadillas'], 'Chocolate Covered Strawberries'], 'Roasted Garlic Cauliflower'], 'Sirloin Steak with Garlic Butter'], ""Mom's Zucchini Bread""]"	['never', 'never', 'similar', 'never', 'prepared', 'never', 'similar']	5	3	4	4	5	5	more	2,0,0,0,2,0,0	High-ILS	[[[[[[['', 'Donut Muffins'], 'Brown Sugar Smokies'], 'Good Old Fashioned Pancakes'], 'Best Big, Fat, Chewy Chocolate Chip Cookie'], 'Peanut Butter Cup Cookies'], 'Best Chocolate Chip Cookies'], 'Banana Crumb Muffins']	['never', 'never', 'similar', 'similar', 'never', 'never', 'similar']	3	4	3	5	3	4	more	2,0,0,0,0,0,0	Mid-ILS	"[[[[[[['', 'Roasted Brussels Sprouts'], 'Mushrooms with a Soy Sauce Glaze'], 'Meatball Nirvana'], 'Donut Muffins'], ""Janet's Rich Banana Bread""], 'Pico de Gallo Chicken Quesadillas'], 'Chicken Pot Pie']"	['never', 'similar', 'never', 'never', 'similar', 'never', 'never']	2	3	5	3	4	5	exactly	0,0,0,0,0,0,0	Chicken Pot Pie	Janet's Rich Banana Bread	2	1,1	264,3094	109,312783	78,768015	177,138317	169,593052	125,898735	94,497942	116,130207	3	4	4	image, cuisine, ingredients, reviews, duration, nutrients, instructions, title	I click on that receipes each one is different and someone's are similar. most of the receipes were newly to me.	nice study
18117	('Group1=', 3, ', Group2=', 1, ', Group3=', 2, 'ComparisonGroup=', 4)	2022-03-30 13:24:25.227708	2022-03-30 13:43:40.694131	1155,466423	False	2	26-35	male	<1	vegetarian	Low-ILS	"[[[[[[['', 'Roasted Brussels Sprouts'], 'Shrimp Scampi Bake'], 'Pico de Gallo Chicken Quesadillas'], 'Chocolate Covered Strawberries'], 'Roasted Garlic Cauliflower'], 'Sirloin Steak with Garlic Butter'], ""Mom's Zucchini Bread""]"	['never', 'never', 'never', 'never', 'similar', 'never', 'similar']	1	4	4	2	2	4	more	0,0,0,0,0,0,0	High-ILS	[[[[[[['', 'Donut Muffins'], 'Brown Sugar Smokies'], 'Good Old Fashioned Pancakes'], 'Best Big, Fat, Chewy Chocolate Chip Cookie'], 'Peanut Butter Cup Cookies'], 'Best Chocolate Chip Cookies'], 'Banana Crumb Muffins']	['never', 'never', 'never', 'similar', 'similar', 'similar', 'never']	1	2	2	4	2	2	exactly	0,0,0,0,0,0,0	Mid-ILS	"[[[[[[['', 'Roasted Brussels Sprouts'], 'Mushrooms with a Soy Sauce Glaze'], 'Meatball Nirvana'], 'Donut Muffins'], ""Janet's Rich Banana Bread""], 'Pico de Gallo Chicken Quesadillas'], 'Chicken Pot Pie']"	['never', 'never', 'never', 'never', 'never', 'never', 'never']	1	4	4	2	3	4	more	0,0,0,0,0,0,0	Chicken Pot Pie	Janet's Rich Banana Bread	2	7,5	605,563385	65,064066	36,383729	186,890449	86,340076	74,820634	83,83389	16,403094	4	4	2	ingredients, image, title	I judged based on what kind of ingredients go into recipe and what kind of taste it produces.	
10533	('Group1=', 1, ', Group2=', 2, ', Group3=', 3, 'ComparisonGroup=', 4)	2022-03-30 13:33:48.722734	2022-03-30 13:53:22.278689	1173,555955	True	2	26-35	female	>5	none	High-ILS	[[[[[[['', 'Donut Muffins'], 'Brown Sugar Smokies'], 'Good Old Fashioned Pancakes'], 'Best Big, Fat, Chewy Chocolate Chip Cookie'], 'Peanut Butter Cup Cookies'], 'Best Chocolate Chip Cookies'], 'Banana Crumb Muffins']	['prepared', 'similar', 'never', 'never', 'prepared', 'never', 'similar']	6	4	5	4	4	5	more	0,0,0,0,0,1,0	Mid-ILS	"[[[[[[['', 'Roasted Brussels Sprouts'], 'Mushrooms with a Soy Sauce Glaze'], 'Meatball Nirvana'], 'Donut Muffins'], ""Janet's Rich Banana Bread""], 'Pico de Gallo Chicken Quesadillas'], 'Chicken Pot Pie']"	['never', 'never', 'never', 'never', 'never', 'similar', 'never']	7	4	5	4	5	4	more	0,0,0,0,0,0,1	Low-ILS	"[[[[[[['', 'Roasted Brussels Sprouts'], 'Shrimp Scampi Bake'], 'Pico de Gallo Chicken Quesadillas'], 'Chocolate Covered Strawberries'], 'Roasted Garlic Cauliflower'], 'Sirloin Steak with Garlic Butter'], ""Mom's Zucchini Bread""]"	['never', 'never', 'never', 'never', 'never', 'never', 'similar']	7	4	4	5	4	4	more	0,0,0,0,0,0,1	Chicken Pot Pie	Janet's Rich Banana Bread	2	2,1	137,465203	73,362809	52,845251	47,194638	555,483522	175,36923	47,937101	83,658251	4	5	4	ingredients, nutrients, reviews	I have read the text, because this two recipes compare to very difference. The difference is ingredients. both dishes is different.	nice survey very interesting
31024	('Group1=', 2, ', Group2=', 1, ', Group3=', 3, 'ComparisonGroup=', 4)	2022-03-30 13:34:30.649612	2022-03-30 14:04:27.491321	1796,841709	False	2	46-55	male	4--5	gluten	Mid-ILS	"[[[[[[['', 'Roasted Brussels Sprouts'], 'Mushrooms with a Soy Sauce Glaze'], 'Meatball Nirvana'], 'Donut Muffins'], ""Janet's Rich Banana Bread""], 'Pico de Gallo Chicken Quesadillas'], 'Chicken Pot Pie']"	['never', 'similar', 'never', 'similar', 'similar', 'never', 'never']	5	4	3	4	2	5	more	0,0,0,0,0,0,0	High-ILS	[[[[[[['', 'Donut Muffins'], 'Brown Sugar Smokies'], 'Good Old Fashioned Pancakes'], 'Best Big, Fat, Chewy Chocolate Chip Cookie'], 'Peanut Butter Cup Cookies'], 'Best Chocolate Chip Cookies'], 'Banana Crumb Muffins']	['similar', 'never', 'never', 'never', 'never', 'never', 'similar']	7	4	3	4	4	4	more	0,0,0,0,0,0,0	Low-ILS	"[[[[[[['', 'Roasted Brussels Sprouts'], 'Shrimp Scampi Bake'], 'Pico de Gallo Chicken Quesadillas'], 'Chocolate Covered Strawberries'], 'Roasted Garlic Cauliflower'], 'Sirloin Steak with Garlic Butter'], ""Mom's Zucchini Bread""]"	['never', 'never', 'never', 'never', 'similar', 'never', 'similar']	7	4	3	4	4	3	more	0,0,0,0,0,0,0	Chicken Pot Pie	Janet's Rich Banana Bread	4	0	134,04035	116,21626	64,201286	11,762032	1136,543467	288,317479	15,83947	29,57424	4	3	4	ingredients, nutrients, cuisine, instructions, image, duration, title, reviews	Muffin, brownies are my favorite recipies. It has to be done with full of love and passion	
71447	('Group1=', 3, ', Group2=', 1, ', Group3=', 2, 'ComparisonGroup=', 3)	2022-03-30 13:54:06.245071	2022-03-30 13:58:45.456024	279,210953	False	2	36-45	female	2--3	none	Low-ILS	"[[[[[[['', 'Roasted Brussels Sprouts'], 'Shrimp Scampi Bake'], 'Pico de Gallo Chicken Quesadillas'], 'Chocolate Covered Strawberries'], 'Roasted Garlic Cauliflower'], 'Sirloin Steak with Garlic Butter'], ""Mom's Zucchini Bread""]"	['similar', 'never', 'similar', 'prepared', 'prepared', 'never', 'never']	4	4	3	4	4	4	more	0,0,0,0,0,0,0	High-ILS	[[[[[[['', 'Donut Muffins'], 'Brown Sugar Smokies'], 'Good Old Fashioned Pancakes'], 'Best Big, Fat, Chewy Chocolate Chip Cookie'], 'Peanut Butter Cup Cookies'], 'Best Chocolate Chip Cookies'], 'Banana Crumb Muffins']	['never', 'similar', 'similar', 'prepared', 'prepared', 'similar', 'similar']	5	4	3	4	5	4	more	0,0,0,0,0,0,0	Mid-ILS	"[[[[[[['', 'Roasted Brussels Sprouts'], 'Mushrooms with a Soy Sauce Glaze'], 'Meatball Nirvana'], 'Donut Muffins'], ""Janet's Rich Banana Bread""], 'Pico de Gallo Chicken Quesadillas'], 'Chicken Pot Pie']"	['similar', 'prepared', 'prepared', 'never', 'prepared', 'similar', 'never']	2	4	3	4	3	4	more	0,0,0,0,0,0,0	Donut Muffins	Pico de Gallo Chicken Quesadillas	2	0	27,238886	37,340964	45,68665	11,351788	83,341646	34,500107	17,05082	22,584586	4	4	3	title, image, nutrients, ingredients, duration, instructions, cuisine, reviews	I used to determine the recipes are similar or diverse based on the dishes names also the appearance of the dishes.	none
3254	('Group1=', 1, ', Group2=', 2, ', Group3=', 3, 'ComparisonGroup=', 3)	2022-03-30 14:14:36.695070	2022-03-30 14:19:16.230039	279,534969	False	2	26-35	female	4--5	vegetarian	High-ILS	[[[[[[['', 'Donut Muffins'], 'Brown Sugar Smokies'], 'Good Old Fashioned Pancakes'], 'Best Big, Fat, Chewy Chocolate Chip Cookie'], 'Peanut Butter Cup Cookies'], 'Best Chocolate Chip Cookies'], 'Banana Crumb Muffins']	['never', 'similar', 'similar', 'similar', 'prepared', 'similar', 'never']	4	4	5	5	5	4	more	0,0,0,0,0,0,0	Mid-ILS	"[[[[[[['', 'Roasted Brussels Sprouts'], 'Mushrooms with a Soy Sauce Glaze'], 'Meatball Nirvana'], 'Donut Muffins'], ""Janet's Rich Banana Bread""], 'Pico de Gallo Chicken Quesadillas'], 'Chicken Pot Pie']"	['never', 'similar', 'never', 'similar', 'similar', 'never', 'similar']	4	3	4	5	4	5	more	0,0,0,0,0,0,0	Low-ILS	"[[[[[[['', 'Roasted Brussels Sprouts'], 'Shrimp Scampi Bake'], 'Pico de Gallo Chicken Quesadillas'], 'Chocolate Covered Strawberries'], 'Roasted Garlic Cauliflower'], 'Sirloin Steak with Garlic Butter'], ""Mom's Zucchini Bread""]"	['never', 'never', 'similar', 'never', 'similar', 'never', 'similar']	5	4	5	4	5	4	more	0,0,0,0,0,0,0	Donut Muffins	Pico de Gallo Chicken Quesadillas	4	1	26,482718	24,236789	24,098421	17,962427	89,855646	21,944438	18,710531	55,517651	4	5	4	title, reviews, instructions, image, nutrients, duration, ingredients, cuisine	I asked some experienced food writers and recipe developers what they look for when browsing new recipes online, and they shared their best advice, including what red flags to watch out for, and why you should look beyond the recipe itself when judging its reliability.	good
40578	('Group1=', 3, ', Group2=', 2, ', Group3=', 1, 'ComparisonGroup=', 3)	2022-03-30 13:35:23.612869	2022-03-30 13:40:06.388584	282,775715	False	2	46-55	male	4--5	none	Low-ILS	"[[[[[[['', 'Roasted Brussels Sprouts'], 'Shrimp Scampi Bake'], 'Pico de Gallo Chicken Quesadillas'], 'Chocolate Covered Strawberries'], 'Roasted Garlic Cauliflower'], 'Sirloin Steak with Garlic Butter'], ""Mom's Zucchini Bread""]"	['never', 'similar', 'similar', 'similar', 'similar', 'similar', 'similar']	2	4	4	3	3	4	more	0,0,0,0,0,0,0	Mid-ILS	"[[[[[[['', 'Roasted Brussels Sprouts'], 'Mushrooms with a Soy Sauce Glaze'], 'Meatball Nirvana'], 'Donut Muffins'], ""Janet's Rich Banana Bread""], 'Pico de Gallo Chicken Quesadillas'], 'Chicken Pot Pie']"	['never', 'never', 'never', 'never', 'never', 'never', 'similar']	7	4	4	4	3	3	exactly	0,0,0,0,0,0,0	High-ILS	[[[[[[['', 'Donut Muffins'], 'Brown Sugar Smokies'], 'Good Old Fashioned Pancakes'], 'Best Big, Fat, Chewy Chocolate Chip Cookie'], 'Peanut Butter Cup Cookies'], 'Best Chocolate Chip Cookies'], 'Banana Crumb Muffins']	['never', 'never', 'similar', 'never', 'similar', 'similar', 'never']	3	4	4	4	4	4	more	0,0,0,0,0,0,0	Donut Muffins	Pico de Gallo Chicken Quesadillas	3	0	63,148521	44,812148	40,529397	8,088124	33,710756	27,727832	9,477139	54,828271	4	4	4	title	and I went with my own personal tastes. Some foods I just don't like too much while others are great.	
2820	('Group1=', 3, ', Group2=', 2, ', Group3=', 1, 'ComparisonGroup=', 3)	2022-03-30 14:55:17.753252	2022-03-30 15:00:58.485323	340,732071	False	2	26-35	male	2--3	vegetarian	Low-ILS	"[[[[[[['', 'Roasted Brussels Sprouts'], 'Shrimp Scampi Bake'], 'Pico de Gallo Chicken Quesadillas'], 'Chocolate Covered Strawberries'], 'Roasted Garlic Cauliflower'], 'Sirloin Steak with Garlic Butter'], ""Mom's Zucchini Bread""]"	['similar', 'never', 'prepared', 'similar', 'prepared', 'never', 'never']	5	2	3	3	4	4	exactly	0,0,0,0,0,0,0	Mid-ILS	"[[[[[[['', 'Roasted Brussels Sprouts'], 'Mushrooms with a Soy Sauce Glaze'], 'Meatball Nirvana'], 'Donut Muffins'], ""Janet's Rich Banana Bread""], 'Pico de Gallo Chicken Quesadillas'], 'Chicken Pot Pie']"	['similar', 'never', 'prepared', 'prepared', 'never', 'prepared', 'prepared']	4	5	3	3	4	5	exactly	0,0,0,0,0,0,0	High-ILS	[[[[[[['', 'Donut Muffins'], 'Brown Sugar Smokies'], 'Good Old Fashioned Pancakes'], 'Best Big, Fat, Chewy Chocolate Chip Cookie'], 'Peanut Butter Cup Cookies'], 'Best Chocolate Chip Cookies'], 'Banana Crumb Muffins']	['similar', 'prepared', 'similar', 'never', 'prepared', 'prepared', 'never']	6	3	4	5	5	4	exactly	0,0,0,0,0,0,0	Donut Muffins	Pico de Gallo Chicken Quesadillas	3	0	38,14792	29,590937	27,624678	7,579267	173,290897	26,746756	15,86095	21,772159	5	3	4	nutrients, image, reviews, instructions, duration, ingredients, cuisine, title	I chose it based on the taste and healthy preference of the recipe. Quality of the product is also important.	
97818	('Group1=', 3, ', Group2=', 2, ', Group3=', 1, 'ComparisonGroup=', 3)	2022-03-30 13:46:13.965696	2022-03-30 13:52:05.779521	351,813825	False	2	36-45	male	>5	none	Low-ILS	"[[[[[[['', 'Roasted Brussels Sprouts'], 'Shrimp Scampi Bake'], 'Pico de Gallo Chicken Quesadillas'], 'Chocolate Covered Strawberries'], 'Roasted Garlic Cauliflower'], 'Sirloin Steak with Garlic Butter'], ""Mom's Zucchini Bread""]"	['similar', 'similar', 'prepared', 'never', 'similar', 'prepared', 'similar']	6	3	2	2	4	4	more	1,0,0,0,0,0,0	Mid-ILS	"[[[[[[['', 'Roasted Brussels Sprouts'], 'Mushrooms with a Soy Sauce Glaze'], 'Meatball Nirvana'], 'Donut Muffins'], ""Janet's Rich Banana Bread""], 'Pico de Gallo Chicken Quesadillas'], 'Chicken Pot Pie']"	['prepared', 'prepared', 'prepared', 'similar', 'never', 'prepared', 'prepared']	2	3	2	2	4	4	more	0,0,0,0,0,0,0	High-ILS	[[[[[[['', 'Donut Muffins'], 'Brown Sugar Smokies'], 'Good Old Fashioned Pancakes'], 'Best Big, Fat, Chewy Chocolate Chip Cookie'], 'Peanut Butter Cup Cookies'], 'Best Chocolate Chip Cookies'], 'Banana Crumb Muffins']	['similar', 'prepared', 'prepared', 'prepared', 'similar', 'prepared', 'similar']	2	3	2	2	4	4	more	0,0,0,0,0,0,0	Donut Muffins	Pico de Gallo Chicken Quesadillas	2	0	77,535542	46,63477	66,442671	10,59023	77,983287	38,909418	11,847642	21,764619	2	2	2	cuisine, ingredients, instructions, nutrients, image, duration, reviews, title	I guess a diverse list would have a large variety of courses, ethnic types of food, different ingrdients and cooking techniques.	
19981	('Group1=', 1, ', Group2=', 3, ', Group3=', 2, 'ComparisonGroup=', 3)	2022-03-30 13:42:00.138284	2022-03-30 13:49:18.785581	438,647297	False	2	56-65	female	4--5	none	High-ILS	[[[[[[['', 'Donut Muffins'], 'Brown Sugar Smokies'], 'Good Old Fashioned Pancakes'], 'Best Big, Fat, Chewy Chocolate Chip Cookie'], 'Peanut Butter Cup Cookies'], 'Best Chocolate Chip Cookies'], 'Banana Crumb Muffins']	['never', 'similar', 'prepared', 'similar', 'never', 'similar', 'never']	7	2	2	4	5	5	more	0,0,0,0,0,0,2	Low-ILS	"[[[[[[['', 'Roasted Brussels Sprouts'], 'Shrimp Scampi Bake'], 'Pico de Gallo Chicken Quesadillas'], 'Chocolate Covered Strawberries'], 'Roasted Garlic Cauliflower'], 'Sirloin Steak with Garlic Butter'], ""Mom's Zucchini Bread""]"	['never', 'similar', 'similar', 'never', 'similar', 'similar', 'similar']	7	4	5	3	2	4	more	0,0,0,0,1,1,1	Mid-ILS	"[[[[[[['', 'Roasted Brussels Sprouts'], 'Mushrooms with a Soy Sauce Glaze'], 'Meatball Nirvana'], 'Donut Muffins'], ""Janet's Rich Banana Bread""], 'Pico de Gallo Chicken Quesadillas'], 'Chicken Pot Pie']"	['never', 'never', 'similar', 'never', 'similar', 'similar', 'never']	7	4	4	2	2	4	more	0,0,0,0,0,0,1	Donut Muffins	Pico de Gallo Chicken Quesadillas	1	0	142,333261	84,988142	60,989127	14,107736	45,017488	56,142252	21,47103	13,455023	4	4	2	image, reviews, nutrients, title, ingredients, cuisine, duration, instructions	is it the main meal, or a side, desert, which meal of the day, sweet, salty, protein	
90159	('Group1=', 1, ', Group2=', 3, ', Group3=', 2, 'ComparisonGroup=', 3)	2022-03-30 13:23:45.252538	2022-03-30 13:31:24.407242	459,154704	False	2	46-55	male	4--5	none	High-ILS	[[[[[[['', 'Donut Muffins'], 'Brown Sugar Smokies'], 'Good Old Fashioned Pancakes'], 'Best Big, Fat, Chewy Chocolate Chip Cookie'], 'Peanut Butter Cup Cookies'], 'Best Chocolate Chip Cookies'], 'Banana Crumb Muffins']	['never', 'never', 'prepared', 'never', 'never', 'similar', 'never']	7	2	2	4	4	4	more	0,0,0,0,0,0,0	Low-ILS	"[[[[[[['', 'Roasted Brussels Sprouts'], 'Shrimp Scampi Bake'], 'Pico de Gallo Chicken Quesadillas'], 'Chocolate Covered Strawberries'], 'Roasted Garlic Cauliflower'], 'Sirloin Steak with Garlic Butter'], ""Mom's Zucchini Bread""]"	['similar', 'similar', 'never', 'never', 'similar', 'similar', 'never']	6	4	4	2	4	4	more	0,0,0,0,0,0,0	Mid-ILS	"[[[[[[['', 'Roasted Brussels Sprouts'], 'Mushrooms with a Soy Sauce Glaze'], 'Meatball Nirvana'], 'Donut Muffins'], ""Janet's Rich Banana Bread""], 'Pico de Gallo Chicken Quesadillas'], 'Chicken Pot Pie']"	['similar', 'never', 'similar', 'never', 'never', 'never', 'never']	2	4	4	2	2	3	none	0,0,0,0,0,0,0	Donut Muffins	Pico de Gallo Chicken Quesadillas	2	0	109,950356	47,401068	61,237359	16,84165	103,838849	38,025241	42,879097	38,937392	4	3	3	ingredients	I consider recipes differents according to their taste (sweet, salty, etc.), ingredients and most of all if I consider them a first course, a second curse, a dessert, good for breakfast or lunch / dinner etc.	nothing to report, survey was technically flawless, everything worked just fine.
87777	('Group1=', 1, ', Group2=', 3, ', Group3=', 2, 'ComparisonGroup=', 3)	2022-03-30 14:59:44.182440	2022-03-30 15:08:56.257593	552,075153	False	2	26-35	male	4--5	none	High-ILS	[[[[[[['', 'Donut Muffins'], 'Brown Sugar Smokies'], 'Good Old Fashioned Pancakes'], 'Best Big, Fat, Chewy Chocolate Chip Cookie'], 'Peanut Butter Cup Cookies'], 'Best Chocolate Chip Cookies'], 'Banana Crumb Muffins']	['never', 'similar', 'prepared', 'similar', 'prepared', 'prepared', 'similar']	3	4	4	3	4	4	more	0,0,0,0,0,0,0	Low-ILS	"[[[[[[['', 'Roasted Brussels Sprouts'], 'Shrimp Scampi Bake'], 'Pico de Gallo Chicken Quesadillas'], 'Chocolate Covered Strawberries'], 'Roasted Garlic Cauliflower'], 'Sirloin Steak with Garlic Butter'], ""Mom's Zucchini Bread""]"	['similar', 'similar', 'similar', 'similar', 'similar', 'similar', 'similar']	5	4	4	4	3	4	more	0,0,0,0,0,0,0	Mid-ILS	"[[[[[[['', 'Roasted Brussels Sprouts'], 'Mushrooms with a Soy Sauce Glaze'], 'Meatball Nirvana'], 'Donut Muffins'], ""Janet's Rich Banana Bread""], 'Pico de Gallo Chicken Quesadillas'], 'Chicken Pot Pie']"	['similar', 'similar', 'similar', 'never', 'similar', 'similar', 'prepared']	7	4	4	4	3	3	more	0,0,0,0,0,0,0	Donut Muffins	Pico de Gallo Chicken Quesadillas	4	0,1	102,648204	81,523568	58,787777	15,106169	131,98625	100,732411	24,976231	36,158016	4	4	2	ingredients, nutrients, instructions, duration, cuisine, title, image, reviews	I have read the textI found each recipes mentioned before belongs to different origin. Few recipes were new to me.	Great study.
25078	('Group1=', 3, ', Group2=', 2, ', Group3=', 1, 'ComparisonGroup=', 3)	2022-03-30 14:23:59.455873	2022-03-30 14:37:57.223718	837,767845	False	2	26-35	male	2--3	vegetarian	Low-ILS	"[[[[[[['', 'Roasted Brussels Sprouts'], 'Shrimp Scampi Bake'], 'Pico de Gallo Chicken Quesadillas'], 'Chocolate Covered Strawberries'], 'Roasted Garlic Cauliflower'], 'Sirloin Steak with Garlic Butter'], ""Mom's Zucchini Bread""]"	['never', 'similar', 'prepared', 'never', 'prepared', 'similar', 'prepared']	7	4	3	4	5	4	exactly	0,0,0,0,0,0,0	Mid-ILS	"[[[[[[['', 'Roasted Brussels Sprouts'], 'Mushrooms with a Soy Sauce Glaze'], 'Meatball Nirvana'], 'Donut Muffins'], ""Janet's Rich Banana Bread""], 'Pico de Gallo Chicken Quesadillas'], 'Chicken Pot Pie']"	['never', 'prepared', 'similar', 'similar', 'similar', 'never', 'prepared']	4	5	4	3	5	4	more	0,0,0,0,0,0,0	High-ILS	[[[[[[['', 'Donut Muffins'], 'Brown Sugar Smokies'], 'Good Old Fashioned Pancakes'], 'Best Big, Fat, Chewy Chocolate Chip Cookie'], 'Peanut Butter Cup Cookies'], 'Best Chocolate Chip Cookies'], 'Banana Crumb Muffins']	['similar', 'never', 'never', 'prepared', 'prepared', 'similar', 'prepared']	7	5	4	5	4	3	more	0,0,0,0,0,0,0	Donut Muffins	Pico de Gallo Chicken Quesadillas	4	1	494,287502	49,409598	42,220684	14,644762	129,271968	26,038573	9,546396	71,997034	4	3	4	nutrients, cuisine, ingredients, image, instructions, duration, title, reviews	As their names suggest, banana bread is a type of bread made with mashed bananas.	good survey
3319	('Group1=', 3, ', Group2=', 1, ', Group3=', 2, 'ComparisonGroup=', 3)	2022-03-30 15:27:00.971833	2022-03-30 15:41:19.143734	858,171901	False	2	>65	male	4--5	vegetarian	Low-ILS	"[[[[[[['', 'Roasted Brussels Sprouts'], 'Shrimp Scampi Bake'], 'Pico de Gallo Chicken Quesadillas'], 'Chocolate Covered Strawberries'], 'Roasted Garlic Cauliflower'], 'Sirloin Steak with Garlic Butter'], ""Mom's Zucchini Bread""]"	['never', 'similar', 'prepared', 'similar', 'similar', 'never', 'never']	4	4	3	5	4	3	more	0,0,0,0,0,0,0	High-ILS	[[[[[[['', 'Donut Muffins'], 'Brown Sugar Smokies'], 'Good Old Fashioned Pancakes'], 'Best Big, Fat, Chewy Chocolate Chip Cookie'], 'Peanut Butter Cup Cookies'], 'Best Chocolate Chip Cookies'], 'Banana Crumb Muffins']	['similar', 'never', 'prepared', 'never', 'similar', 'similar', 'never']	3	3	4	5	4	3	exactly	0,0,0,0,0,0,0	Mid-ILS	"[[[[[[['', 'Roasted Brussels Sprouts'], 'Mushrooms with a Soy Sauce Glaze'], 'Meatball Nirvana'], 'Donut Muffins'], ""Janet's Rich Banana Bread""], 'Pico de Gallo Chicken Quesadillas'], 'Chicken Pot Pie']"	['never', 'prepared', 'similar', 'similar', 'never', 'prepared', 'never']	3	4	3	5	4	5	exactly	0,0,0,0,0,0,0	Donut Muffins	Pico de Gallo Chicken Quesadillas	4	0	211,299172	91,779402	62,018119	15,146433	168,727792	57,66802	52,971618	198,282911	3	4	5	nutrients	and take the recipe that you intend to cook and read it thoroughly to familiarize yourself with the timing, techniques, equipment, and ingredients you will need	This is very good task
16523	('Group1=', 1, ', Group2=', 2, ', Group3=', 3, 'ComparisonGroup=', 3)	2022-03-30 13:29:58.423167	2022-03-30 13:51:01.913218	1263,490051	False	2	36-45	male	2--3	lactose	High-ILS	[[[[[[['', 'Donut Muffins'], 'Brown Sugar Smokies'], 'Good Old Fashioned Pancakes'], 'Best Big, Fat, Chewy Chocolate Chip Cookie'], 'Peanut Butter Cup Cookies'], 'Best Chocolate Chip Cookies'], 'Banana Crumb Muffins']	['never', 'never', 'prepared', 'similar', 'prepared', 'similar', 'similar']	3	4	5	5	4	3	exactly	0,0,0,0,0,0,0	Mid-ILS	"[[[[[[['', 'Roasted Brussels Sprouts'], 'Mushrooms with a Soy Sauce Glaze'], 'Meatball Nirvana'], 'Donut Muffins'], ""Janet's Rich Banana Bread""], 'Pico de Gallo Chicken Quesadillas'], 'Chicken Pot Pie']"	['never', 'similar', 'never', 'similar', 'prepared', 'never', 'prepared']	7	3	4	5	4	4	exactly	0,0,0,0,0,0,0	Low-ILS	"[[[[[[['', 'Roasted Brussels Sprouts'], 'Shrimp Scampi Bake'], 'Pico de Gallo Chicken Quesadillas'], 'Chocolate Covered Strawberries'], 'Roasted Garlic Cauliflower'], 'Sirloin Steak with Garlic Butter'], ""Mom's Zucchini Bread""]"	['never', 'never', 'never', 'similar', 'never', 'never', 'prepared']	7	4	5	5	4	4	more	0,0,0,0,0,0,0	Donut Muffins	Pico de Gallo Chicken Quesadillas	4	0	186,692108	101,062567	57,230131	13,822472	556,968243	262,65879	41,490907	43,396804	4	3	4	title, image, cuisine, reviews, instructions, ingredients, duration, nutrients	1 ½ cups all-purpose flour 3 ½ teaspoons baking powder ¼ teaspoon salt, or more to taste 1 tablespoon white sugar 1 ¼ cups milk 1 egg 3 tablespoons butter, melted Heat a lightly oiled griddle or frying pan over medium-high heat. Pour or scoop the batter onto the griddle, using approximately 1/4 cup for each pancake. Brown on both sides and serve hot.	
84563	('Group1=', 3, ', Group2=', 1, ', Group3=', 2, 'ComparisonGroup=', 3)	2022-03-30 13:33:23.368459	2022-03-30 13:54:50.895770	1287,527311	False	2	36-45	male	4--5	none	Low-ILS	"[[[[[[['', 'Roasted Brussels Sprouts'], 'Shrimp Scampi Bake'], 'Pico de Gallo Chicken Quesadillas'], 'Chocolate Covered Strawberries'], 'Roasted Garlic Cauliflower'], 'Sirloin Steak with Garlic Butter'], ""Mom's Zucchini Bread""]"	['never', 'prepared', 'prepared', 'prepared', 'never', 'prepared', 'never']	2	5	5	1	4	5	more	0,0,0,0,0,0,0	High-ILS	[[[[[[['', 'Donut Muffins'], 'Brown Sugar Smokies'], 'Good Old Fashioned Pancakes'], 'Best Big, Fat, Chewy Chocolate Chip Cookie'], 'Peanut Butter Cup Cookies'], 'Best Chocolate Chip Cookies'], 'Banana Crumb Muffins']	['never', 'never', 'prepared', 'prepared', 'never', 'prepared', 'never']	4	2	2	4	4	5	more	0,0,0,0,0,1,0	Mid-ILS	"[[[[[[['', 'Roasted Brussels Sprouts'], 'Mushrooms with a Soy Sauce Glaze'], 'Meatball Nirvana'], 'Donut Muffins'], ""Janet's Rich Banana Bread""], 'Pico de Gallo Chicken Quesadillas'], 'Chicken Pot Pie']"	['never', 'never', 'never', 'never', 'never', 'prepared', 'never']	7	5	5	2	2	5	more	0,0,0,0,0,0,0	Donut Muffins	Pico de Gallo Chicken Quesadillas	1	0	857,353091	51,609003	40,136031	6,595024	238,955493	52,352698	14,019524	26,359384	5	5	1	ingredients, nutrients, cuisine, image	 My criteria for diversity was based on both taste of the items and the differing elements that go into making the recipes.	No additional feedback
48855	('Group1=', 2, ', Group2=', 1, ', Group3=', 3, 'ComparisonGroup=', 3)	2022-03-30 13:23:04.210647	2022-03-30 13:44:50.317930	1306,107283	False	2	26-35	female	4--5	none	Mid-ILS	"[[[[[[['', 'Roasted Brussels Sprouts'], 'Mushrooms with a Soy Sauce Glaze'], 'Meatball Nirvana'], 'Donut Muffins'], ""Janet's Rich Banana Bread""], 'Pico de Gallo Chicken Quesadillas'], 'Chicken Pot Pie']"	['never', 'never', 'similar', 'never', 'prepared', 'prepared', 'prepared']	3	5	5	1	5	5	more	0,0,0,0,0,0,0	High-ILS	[[[[[[['', 'Donut Muffins'], 'Brown Sugar Smokies'], 'Good Old Fashioned Pancakes'], 'Best Big, Fat, Chewy Chocolate Chip Cookie'], 'Peanut Butter Cup Cookies'], 'Best Chocolate Chip Cookies'], 'Banana Crumb Muffins']	['never', 'prepared', 'prepared', 'prepared', 'prepared', 'prepared', 'prepared']	1	2	2	5	4	4	exactly	0,0,0,0,0,0,0	Low-ILS	"[[[[[[['', 'Roasted Brussels Sprouts'], 'Shrimp Scampi Bake'], 'Pico de Gallo Chicken Quesadillas'], 'Chocolate Covered Strawberries'], 'Roasted Garlic Cauliflower'], 'Sirloin Steak with Garlic Butter'], ""Mom's Zucchini Bread""]"	['never', 'similar', 'prepared', 'prepared', 'similar', 'prepared', 'never']	7	4	4	2	5	4	more	0,0,0,0,0,0,0	Donut Muffins	Pico de Gallo Chicken Quesadillas	2	0	812,492415	32,931316	30,97023	4,700989	47,973389	263,608608	98,277235	15,003879	4	4	2	ingredients, cuisine, title, image, nutrients, duration, instructions, reviews	I went by the ingredients it would take to make the recipe and also what kind of recipe it was like a dessert or dinner, etc.	fun! tysm
31114	('Group1=', 1, ', Group2=', 2, ', Group3=', 3, 'ComparisonGroup=', 3)	2022-03-30 13:23:21.571761	2022-03-30 13:50:47.080536	1645,508775	False	2	19-25	male	>5	vegetarian	High-ILS	[[[[[[['', 'Donut Muffins'], 'Brown Sugar Smokies'], 'Good Old Fashioned Pancakes'], 'Best Big, Fat, Chewy Chocolate Chip Cookie'], 'Peanut Butter Cup Cookies'], 'Best Chocolate Chip Cookies'], 'Banana Crumb Muffins']	['never', 'prepared', 'similar', 'similar', 'similar', 'similar', 'never']	3	4	5	3	4	5	exactly	0,0,0,0,0,0,0	Mid-ILS	"[[[[[[['', 'Roasted Brussels Sprouts'], 'Mushrooms with a Soy Sauce Glaze'], 'Meatball Nirvana'], 'Donut Muffins'], ""Janet's Rich Banana Bread""], 'Pico de Gallo Chicken Quesadillas'], 'Chicken Pot Pie']"	['never', 'prepared', 'similar', 'similar', 'similar', 'prepared', 'prepared']	2	4	5	4	5	4	exactly	0,0,0,0,0,0,0	Low-ILS	"[[[[[[['', 'Roasted Brussels Sprouts'], 'Shrimp Scampi Bake'], 'Pico de Gallo Chicken Quesadillas'], 'Chocolate Covered Strawberries'], 'Roasted Garlic Cauliflower'], 'Sirloin Steak with Garlic Butter'], ""Mom's Zucchini Bread""]"	['never', 'similar', 'similar', 'similar', 'similar', 'prepared', 'never']	5	3	4	5	4	3	none	0,0,0,0,0,0,0	Donut Muffins	Pico de Gallo Chicken Quesadillas	4	0	675,352222	519,437228	34,995658	19,643427	232,721086	90,965708	21,578008	50,655829	3	4	5	image	the have prepared a similar dish before. Mushrooms with a soy sauce glaze the recipes presented in this list are siverse.	no comments
95535	('Group1=', 1, ', Group2=', 2, ', Group3=', 3, 'ComparisonGroup=', 2)	2022-03-30 14:44:22.425153	2022-03-30 14:48:18.574581	236,149428	False	2	26-35	female	>5	none	High-ILS	[[[[[[['', 'Donut Muffins'], 'Brown Sugar Smokies'], 'Good Old Fashioned Pancakes'], 'Best Big, Fat, Chewy Chocolate Chip Cookie'], 'Peanut Butter Cup Cookies'], 'Best Chocolate Chip Cookies'], 'Banana Crumb Muffins']	['similar', 'prepared', 'prepared', 'similar', 'similar', 'similar', 'similar']	4	4	4	4	4	4	more	0,0,0,0,0,0,0	Mid-ILS	"[[[[[[['', 'Roasted Brussels Sprouts'], 'Mushrooms with a Soy Sauce Glaze'], 'Meatball Nirvana'], 'Donut Muffins'], ""Janet's Rich Banana Bread""], 'Pico de Gallo Chicken Quesadillas'], 'Chicken Pot Pie']"	['similar', 'similar', 'prepared', 'similar', 'similar', 'prepared', 'similar']	1	4	4	3	3	3	exactly	0,0,0,0,0,0,0	Low-ILS	"[[[[[[['', 'Roasted Brussels Sprouts'], 'Shrimp Scampi Bake'], 'Pico de Gallo Chicken Quesadillas'], 'Chocolate Covered Strawberries'], 'Roasted Garlic Cauliflower'], 'Sirloin Steak with Garlic Butter'], ""Mom's Zucchini Bread""]"	['similar', 'similar', 'similar', 'prepared', 'prepared', 'similar', 'similar']	5	4	4	3	3	3	exactly	0,0,0,0,0,0,0	Meatball Nirvana	Janet's Rich Banana Bread	2	0	42,805674	29,641758	23,388318	5,938672	84,590231	21,908809	10,477381	17,108792	4	4	2	duration, title, image, instructions, reviews, cuisine, ingredients, nutrients	I prefer foods based on the ingredients added. I always chose American style foods. So I chose likr that.	no
87957	('Group1=', 1, ', Group2=', 2, ', Group3=', 3, 'ComparisonGroup=', 2)	2022-03-30 14:34:11.881604	2022-03-30 14:38:36.698377	264,816773	False	2	36-45	male	>5	none	High-ILS	[[[[[[['', 'Donut Muffins'], 'Brown Sugar Smokies'], 'Good Old Fashioned Pancakes'], 'Best Big, Fat, Chewy Chocolate Chip Cookie'], 'Peanut Butter Cup Cookies'], 'Best Chocolate Chip Cookies'], 'Banana Crumb Muffins']	['never', 'similar', 'similar', 'similar', 'similar', 'similar', 'similar']	4	4	4	3	4	4	more	0,0,0,0,0,0,0	Mid-ILS	"[[[[[[['', 'Roasted Brussels Sprouts'], 'Mushrooms with a Soy Sauce Glaze'], 'Meatball Nirvana'], 'Donut Muffins'], ""Janet's Rich Banana Bread""], 'Pico de Gallo Chicken Quesadillas'], 'Chicken Pot Pie']"	['prepared', 'never', 'similar', 'never', 'similar', 'similar', 'prepared']	2	5	5	2	3	4	more	0,0,0,0,0,0,0	Low-ILS	"[[[[[[['', 'Roasted Brussels Sprouts'], 'Shrimp Scampi Bake'], 'Pico de Gallo Chicken Quesadillas'], 'Chocolate Covered Strawberries'], 'Roasted Garlic Cauliflower'], 'Sirloin Steak with Garlic Butter'], ""Mom's Zucchini Bread""]"	['prepared', 'never', 'similar', 'never', 'similar', 'similar', 'similar']	5	5	5	2	2	4	more	0,0,0,0,0,0,0	Meatball Nirvana	Janet's Rich Banana Bread	1	0	59,954618	34,262349	36,834449	6,546313	70,201275	27,83175	19,117265	9,889957	5	4	1	cuisine, ingredients, title, image	I primarily chose an answer based on the types of cuisine. If they were not similar (vegetable vs meat vs dessert), I ranked them as diverse. If they were all the same cuisine or many options were the same, I decided they were less diverse.	
71302	('Group1=', 1, ', Group2=', 2, ', Group3=', 3, 'ComparisonGroup=', 2)	2022-03-30 14:02:44.581144	2022-03-30 14:08:29.240799	344,659655	False	2	26-35	male	4--5	vegetarian	High-ILS	[[[[[[['', 'Donut Muffins'], 'Brown Sugar Smokies'], 'Good Old Fashioned Pancakes'], 'Best Big, Fat, Chewy Chocolate Chip Cookie'], 'Peanut Butter Cup Cookies'], 'Best Chocolate Chip Cookies'], 'Banana Crumb Muffins']	['never', 'never', 'prepared', 'prepared', 'never', 'similar', 'similar']	4	4	4	2	3	4	more	0,0,0,0,0,0,0	Mid-ILS	"[[[[[[['', 'Roasted Brussels Sprouts'], 'Mushrooms with a Soy Sauce Glaze'], 'Meatball Nirvana'], 'Donut Muffins'], ""Janet's Rich Banana Bread""], 'Pico de Gallo Chicken Quesadillas'], 'Chicken Pot Pie']"	['similar', 'similar', 'prepared', 'never', 'similar', 'never', 'similar']	2	4	4	2	4	3	more	0,0,0,0,0,0,0	Low-ILS	"[[[[[[['', 'Roasted Brussels Sprouts'], 'Shrimp Scampi Bake'], 'Pico de Gallo Chicken Quesadillas'], 'Chocolate Covered Strawberries'], 'Roasted Garlic Cauliflower'], 'Sirloin Steak with Garlic Butter'], ""Mom's Zucchini Bread""]"	['similar', 'never', 'never', 'similar', 'similar', 'prepared', 'similar']	4	4	4	2	4	4	exactly	0,0,0,0,0,0,0	Meatball Nirvana	Janet's Rich Banana Bread	1	0	64,412251	44,287376	42,797587	6,733747	106,539615	54,161321	12,331146	13,322533	4	3	2	image, ingredients, cuisine, nutrients	Considering the visual properties of each recipe image and memorizing their relevant tastes from past experience, these two factors affected the most while making a decision to choose a recipe and evaluating their similarity or differences in between.	
60844	('Group1=', 3, ', Group2=', 2, ', Group3=', 1, 'ComparisonGroup=', 2)	2022-03-30 15:09:59.668033	2022-03-30 15:15:49.311220	349,643187	False	2	36-45	female	2--3	vegetarian	Low-ILS	"[[[[[[['', 'Roasted Brussels Sprouts'], 'Shrimp Scampi Bake'], 'Pico de Gallo Chicken Quesadillas'], 'Chocolate Covered Strawberries'], 'Roasted Garlic Cauliflower'], 'Sirloin Steak with Garlic Butter'], ""Mom's Zucchini Bread""]"	['never', 'prepared', 'never', 'prepared', 'prepared', 'similar', 'similar']	4	5	3	4	5	3	exactly	0,0,0,0,0,0,0	Mid-ILS	"[[[[[[['', 'Roasted Brussels Sprouts'], 'Mushrooms with a Soy Sauce Glaze'], 'Meatball Nirvana'], 'Donut Muffins'], ""Janet's Rich Banana Bread""], 'Pico de Gallo Chicken Quesadillas'], 'Chicken Pot Pie']"	['never', 'similar', 'similar', 'prepared', 'prepared', 'similar', 'similar']	4	3	4	2	3	4	more	0,0,0,0,0,0,0	High-ILS	[[[[[[['', 'Donut Muffins'], 'Brown Sugar Smokies'], 'Good Old Fashioned Pancakes'], 'Best Big, Fat, Chewy Chocolate Chip Cookie'], 'Peanut Butter Cup Cookies'], 'Best Chocolate Chip Cookies'], 'Banana Crumb Muffins']	['never', 'prepared', 'never', 'prepared', 'similar', 'never', 'similar']	2	5	3	4	4	5	more	0,0,0,0,0,0,0	Meatball Nirvana	Janet's Rich Banana Bread	3	0	36,746088	37,471408	22,049207	4,547203	196,338327	27,652544	9,371115	15,347033	5	3	4	nutrients, reviews, image, cuisine, instructions, title, ingredients, duration	I chose the recipe based on the healthy ingredients added in the dish and also the tastiness of food.	
85274	('Group1=', 1, ', Group2=', 2, ', Group3=', 3, 'ComparisonGroup=', 2)	2022-03-30 13:29:32.761263	2022-03-30 13:40:51.684200	678,922937	False	2	36-45	male	4--5	none	High-ILS	[[[[[[['', 'Donut Muffins'], 'Brown Sugar Smokies'], 'Good Old Fashioned Pancakes'], 'Best Big, Fat, Chewy Chocolate Chip Cookie'], 'Peanut Butter Cup Cookies'], 'Best Chocolate Chip Cookies'], 'Banana Crumb Muffins']	['never', 'similar', 'prepared', 'prepared', 'similar', 'similar', 'prepared']	5	3	4	3	3	4	more	0,0,0,0,0,0,0	Mid-ILS	"[[[[[[['', 'Roasted Brussels Sprouts'], 'Mushrooms with a Soy Sauce Glaze'], 'Meatball Nirvana'], 'Donut Muffins'], ""Janet's Rich Banana Bread""], 'Pico de Gallo Chicken Quesadillas'], 'Chicken Pot Pie']"	['never', 'similar', 'never', 'never', 'prepared', 'similar', 'prepared']	6	4	4	3	4	4	more	0,0,0,0,0,0,0	Low-ILS	"[[[[[[['', 'Roasted Brussels Sprouts'], 'Shrimp Scampi Bake'], 'Pico de Gallo Chicken Quesadillas'], 'Chocolate Covered Strawberries'], 'Roasted Garlic Cauliflower'], 'Sirloin Steak with Garlic Butter'], ""Mom's Zucchini Bread""]"	['never', 'prepared', 'similar', 'prepared', 'never', 'never', 'similar']	5	3	4	4	4	4	more	0,0,0,0,0,0,0	Meatball Nirvana	Janet's Rich Banana Bread	2	0	87,374737	66,513004	43,724432	17,616265	257,357898	138,889048	22,678699	44,647681	4	4	3	title, image, ingredients, cuisine, duration, instructions	, meatball nirvana is made of some meat and the second picture, the bread type which is not meat oriented.	This is interesting.
69175	('Group1=', 1, ', Group2=', 2, ', Group3=', 3, 'ComparisonGroup=', 2)	2022-03-30 14:30:37.594596	2022-03-30 14:44:45.826918	848,232322	False	2	56-65	female	4--5	vegan	High-ILS	[[[[[[['', 'Donut Muffins'], 'Brown Sugar Smokies'], 'Good Old Fashioned Pancakes'], 'Best Big, Fat, Chewy Chocolate Chip Cookie'], 'Peanut Butter Cup Cookies'], 'Best Chocolate Chip Cookies'], 'Banana Crumb Muffins']	['prepared', 'similar', 'prepared', 'similar', 'never', 'prepared', 'prepared']	3	5	4	5	4	3	exactly	0,0,0,0,0,0,0	Mid-ILS	"[[[[[[['', 'Roasted Brussels Sprouts'], 'Mushrooms with a Soy Sauce Glaze'], 'Meatball Nirvana'], 'Donut Muffins'], ""Janet's Rich Banana Bread""], 'Pico de Gallo Chicken Quesadillas'], 'Chicken Pot Pie']"	['similar', 'similar', 'similar', 'similar', 'similar', 'similar', 'prepared']	7	5	4	3	4	4	exactly	0,0,0,0,0,0,0	Low-ILS	"[[[[[[['', 'Roasted Brussels Sprouts'], 'Shrimp Scampi Bake'], 'Pico de Gallo Chicken Quesadillas'], 'Chocolate Covered Strawberries'], 'Roasted Garlic Cauliflower'], 'Sirloin Steak with Garlic Butter'], ""Mom's Zucchini Bread""]"	['never', 'similar', 'similar', 'never', 'similar', 'never', 'prepared']	7	5	4	5	4	5	exactly	0,0,0,0,0,0,0	Meatball Nirvana	Janet's Rich Banana Bread	4	0	524,924609	36,967729	25,587404	18,749703	157,20184	22,552365	32,410088	29,481832	4	3	4	nutrients, ingredients, image, reviews, instructions, duration, title	this dish Meatball Nirvana (Pick the right meats. While you can make meatballs out of any ground meat, fattier meats like beef, lamb, and pork will yield more tender meatballs). Janet's Rich Banana Bread (Place a paper towel in the bottom of an airtight storage container OR in an airtight bag. Then place the cooled loaf on top of it).	good survey
86436	('Group1=', 1, ', Group2=', 3, ', Group3=', 2, 'ComparisonGroup=', 2)	2022-03-30 13:45:07.551346	2022-03-30 14:01:05.795182	958,243836	False	2	26-35	male	>5	none	High-ILS	[[[[[[['', 'Donut Muffins'], 'Brown Sugar Smokies'], 'Good Old Fashioned Pancakes'], 'Best Big, Fat, Chewy Chocolate Chip Cookie'], 'Peanut Butter Cup Cookies'], 'Best Chocolate Chip Cookies'], 'Banana Crumb Muffins']	['similar', 'similar', 'prepared', 'prepared', 'never', 'prepared', 'prepared']	6	4	5	4	5	4	more	0,0,0,0,0,0,0	Low-ILS	"[[[[[[['', 'Roasted Brussels Sprouts'], 'Shrimp Scampi Bake'], 'Pico de Gallo Chicken Quesadillas'], 'Chocolate Covered Strawberries'], 'Roasted Garlic Cauliflower'], 'Sirloin Steak with Garlic Butter'], ""Mom's Zucchini Bread""]"	['never', 'prepared', 'never', 'never', 'similar', 'similar', 'prepared']	7	4	5	5	4	5	more	0,0,0,0,0,0,0	Mid-ILS	"[[[[[[['', 'Roasted Brussels Sprouts'], 'Mushrooms with a Soy Sauce Glaze'], 'Meatball Nirvana'], 'Donut Muffins'], ""Janet's Rich Banana Bread""], 'Pico de Gallo Chicken Quesadillas'], 'Chicken Pot Pie']"	['never', 'similar', 'similar', 'similar', 'similar', 'similar', 'prepared']	7	4	5	4	5	5	more	0,0,0,0,0,0,0	Meatball Nirvana	Janet's Rich Banana Bread	4	0,1	78,761914	43,14189	176,511054	7,868655	558,557533	28,430853	15,404152	49,293435	4	5	1	nutrients	Step By Step Directions for Mixing & Handling. The recipe should have directions for how to prepare it.	
1517	('Group1=', 2, ', Group2=', 3, ', Group3=', 1, 'ComparisonGroup=', 2)	2022-03-30 14:44:33.721130	2022-03-30 15:01:13.934005	1000,212875	False	2	26-35	male	>5	none	Mid-ILS	"[[[[[[['', 'Roasted Brussels Sprouts'], 'Mushrooms with a Soy Sauce Glaze'], 'Meatball Nirvana'], 'Donut Muffins'], ""Janet's Rich Banana Bread""], 'Pico de Gallo Chicken Quesadillas'], 'Chicken Pot Pie']"	['prepared', 'never', 'similar', 'prepared', 'similar', 'prepared', 'prepared']	7	5	5	5	5	5	more	0,0,0,0,0,0,0	Low-ILS	"[[[[[[['', 'Roasted Brussels Sprouts'], 'Shrimp Scampi Bake'], 'Pico de Gallo Chicken Quesadillas'], 'Chocolate Covered Strawberries'], 'Roasted Garlic Cauliflower'], 'Sirloin Steak with Garlic Butter'], ""Mom's Zucchini Bread""]"	['prepared', 'prepared', 'similar', 'prepared', 'prepared', 'prepared', 'never']	4	5	5	5	5	5	more	0,0,0,0,0,0,0	High-ILS	[[[[[[['', 'Donut Muffins'], 'Brown Sugar Smokies'], 'Good Old Fashioned Pancakes'], 'Best Big, Fat, Chewy Chocolate Chip Cookie'], 'Peanut Butter Cup Cookies'], 'Best Chocolate Chip Cookies'], 'Banana Crumb Muffins']	['prepared', 'never', 'prepared', 'prepared', 'never', 'prepared', 'prepared']	4	5	5	5	5	5	more	0,0,0,0,0,0,0	Meatball Nirvana	Janet's Rich Banana Bread	2	2,2	90,590013	50,579863	152,831396	56,444183	499,66379	69,795594	56,540081	23,487495	5	5	2	ingredients, instructions, duration, cuisine	To begin with, the dishes are sweet or savory, the ingredients used in them (animal, vegetable, fruit, etc.), certain special or everyday occasions (Christmas turkey, chocolate at Easter, pancakes and toast for breakfast), and also by the way each dish is prepared.	
42207	('Group1=', 3, ', Group2=', 1, ', Group3=', 2, 'ComparisonGroup=', 2)	2022-03-30 13:56:13.163612	2022-03-30 14:14:38.301828	1105,138216	False	2	36-45	male	4--5	vegan	Low-ILS	"[[[[[[['', 'Roasted Brussels Sprouts'], 'Shrimp Scampi Bake'], 'Pico de Gallo Chicken Quesadillas'], 'Chocolate Covered Strawberries'], 'Roasted Garlic Cauliflower'], 'Sirloin Steak with Garlic Butter'], ""Mom's Zucchini Bread""]"	['never', 'never', 'never', 'similar', 'prepared', 'never', 'prepared']	2	4	3	3	4	5	more	0,0,0,0,0,0,0	High-ILS	[[[[[[['', 'Donut Muffins'], 'Brown Sugar Smokies'], 'Good Old Fashioned Pancakes'], 'Best Big, Fat, Chewy Chocolate Chip Cookie'], 'Peanut Butter Cup Cookies'], 'Best Chocolate Chip Cookies'], 'Banana Crumb Muffins']	['similar', 'prepared', 'similar', 'prepared', 'never', 'similar', 'prepared']	7	3	4	3	4	4	exactly	0,0,0,0,0,0,0	Mid-ILS	"[[[[[[['', 'Roasted Brussels Sprouts'], 'Mushrooms with a Soy Sauce Glaze'], 'Meatball Nirvana'], 'Donut Muffins'], ""Janet's Rich Banana Bread""], 'Pico de Gallo Chicken Quesadillas'], 'Chicken Pot Pie']"	['never', 'similar', 'similar', 'never', 'prepared', 'never', 'prepared']	7	3	4	3	3	4	exactly	0,0,0,0,0,0,0	Meatball Nirvana	Janet's Rich Banana Bread	2	0	211,727682	112,294694	160,835805	12,522878	454,990532	75,484754	19,085024	58,072802	3	4	3	image	The some recipes list are  same and I can see the recipes and I eat some recipes. So  I can easy that different recipes. 	none
19290	('Group1=', 1, ', Group2=', 2, ', Group3=', 3, 'ComparisonGroup=', 2)	2022-03-30 13:38:20.965855	2022-03-30 14:01:23.738670	1382,772815	False	2	26-35	female	2--3	none	High-ILS	[[[[[[['', 'Donut Muffins'], 'Brown Sugar Smokies'], 'Good Old Fashioned Pancakes'], 'Best Big, Fat, Chewy Chocolate Chip Cookie'], 'Peanut Butter Cup Cookies'], 'Best Chocolate Chip Cookies'], 'Banana Crumb Muffins']	['never', 'never', 'similar', 'similar', 'never', 'similar', 'similar']	6	4	2	4	4	4	more	1,1,0,2,0,3,0	Mid-ILS	"[[[[[[['', 'Roasted Brussels Sprouts'], 'Mushrooms with a Soy Sauce Glaze'], 'Meatball Nirvana'], 'Donut Muffins'], ""Janet's Rich Banana Bread""], 'Pico de Gallo Chicken Quesadillas'], 'Chicken Pot Pie']"	['never', 'never', 'similar', 'never', 'never', 'similar', 'similar']	7	4	2	2	2	4	more	1,1,1,1,1,0,1	Low-ILS	"[[[[[[['', 'Roasted Brussels Sprouts'], 'Shrimp Scampi Bake'], 'Pico de Gallo Chicken Quesadillas'], 'Chocolate Covered Strawberries'], 'Roasted Garlic Cauliflower'], 'Sirloin Steak with Garlic Butter'], ""Mom's Zucchini Bread""]"	['never', 'similar', 'similar', 'similar', 'never', 'never', 'never']	6	4	2	2	3	4	more	0,0,0,0,0,0,0	Meatball Nirvana	Janet's Rich Banana Bread	1	0	805,120145	92,055071	87,310448	88,692367	164,262637	100,975779	23,927725	20,218713	4	4	2	image, title, ingredients, instructions, reviews, duration, nutrients, cuisine	I analyze there were varieties between sweet and savory, dishes with and without meat.	NA
26342	('Group1=', 2, ', Group2=', 3, ', Group3=', 1, 'ComparisonGroup=', 2)	2022-03-30 13:38:16.934178	2022-03-30 14:15:22.779081	2225,844903	False	2	46-55	male	>5	none	Mid-ILS	"[[[[[[['', 'Roasted Brussels Sprouts'], 'Mushrooms with a Soy Sauce Glaze'], 'Meatball Nirvana'], 'Donut Muffins'], ""Janet's Rich Banana Bread""], 'Pico de Gallo Chicken Quesadillas'], 'Chicken Pot Pie']"	['prepared', 'similar', 'never', 'never', 'prepared', 'never', 'prepared']	2	4	5	4	5	4	more	0,0,0,0,0,0,0	Low-ILS	"[[[[[[['', 'Roasted Brussels Sprouts'], 'Shrimp Scampi Bake'], 'Pico de Gallo Chicken Quesadillas'], 'Chocolate Covered Strawberries'], 'Roasted Garlic Cauliflower'], 'Sirloin Steak with Garlic Butter'], ""Mom's Zucchini Bread""]"	['prepared', 'never', 'never', 'prepared', 'similar', 'never', 'prepared']	5	3	4	5	4	5	exactly	0,0,0,0,0,0,0	High-ILS	[[[[[[['', 'Donut Muffins'], 'Brown Sugar Smokies'], 'Good Old Fashioned Pancakes'], 'Best Big, Fat, Chewy Chocolate Chip Cookie'], 'Peanut Butter Cup Cookies'], 'Best Chocolate Chip Cookies'], 'Banana Crumb Muffins']	['prepared', 'never', 'prepared', 'never', 'prepared', 'similar', 'prepared']	6	4	5	4	5	5	more	0,0,0,0,0,0,0	Meatball Nirvana	Janet's Rich Banana Bread	4	2,1	351,618047	59,010979	512,805008	217,672005	548,740448	163,447423	45,778706	326,582836	4	5	4	nutrients	Based on taste, aroma, cooking time and temperature, Size of correct cooking equipment to use the recipes in a list are diverse.	Interesting
4072	('Group1=', 3, ', Group2=', 2, ', Group3=', 1, 'ComparisonGroup=', 1)	2022-03-30 14:26:52.371148	2022-03-30 14:29:33.711893	161,340745	False	2	26-35	female	4--5	vegan	Low-ILS	"[[[[[[['', 'Roasted Brussels Sprouts'], 'Shrimp Scampi Bake'], 'Pico de Gallo Chicken Quesadillas'], 'Chocolate Covered Strawberries'], 'Roasted Garlic Cauliflower'], 'Sirloin Steak with Garlic Butter'], ""Mom's Zucchini Bread""]"	['similar', 'never', 'similar', 'similar', 'similar', 'never', 'similar']	5	3	4	4	4	4	exactly	0,0,0,0,0,0,0	Mid-ILS	"[[[[[[['', 'Roasted Brussels Sprouts'], 'Mushrooms with a Soy Sauce Glaze'], 'Meatball Nirvana'], 'Donut Muffins'], ""Janet's Rich Banana Bread""], 'Pico de Gallo Chicken Quesadillas'], 'Chicken Pot Pie']"	['similar', 'never', 'prepared', 'similar', 'similar', 'similar', 'similar']	6	3	4	4	4	5	exactly	0,0,0,0,0,0,0	High-ILS	[[[[[[['', 'Donut Muffins'], 'Brown Sugar Smokies'], 'Good Old Fashioned Pancakes'], 'Best Big, Fat, Chewy Chocolate Chip Cookie'], 'Peanut Butter Cup Cookies'], 'Best Chocolate Chip Cookies'], 'Banana Crumb Muffins']	['similar', 'similar', 'similar', 'similar', 'similar', 'prepared', 'similar']	6	3	4	3	4	4	exactly	0,0,0,0,0,0,0	Roasted Brussels Sprouts	Mushrooms with a Soy Sauce Glaze	4	0	22,066302	17,528882	27,507416	9,477145	50,193899	7,922706	10,535641	15,343607	3	4	4	title	i like it very much. it was help full very much.	nice
72143	('Group1=', 2, ', Group2=', 3, ', Group3=', 1, 'ComparisonGroup=', 1)	2022-03-30 13:52:31.194086	2022-03-30 13:55:47.032085	195,837999	False	2	36-45	female	4--5	none	Mid-ILS	"[[[[[[['', 'Roasted Brussels Sprouts'], 'Mushrooms with a Soy Sauce Glaze'], 'Meatball Nirvana'], 'Donut Muffins'], ""Janet's Rich Banana Bread""], 'Pico de Gallo Chicken Quesadillas'], 'Chicken Pot Pie']"	['similar', 'never', 'similar', 'never', 'prepared', 'prepared', 'prepared']	3	5	5	2	4	5	more	0,0,0,0,0,0,0	Low-ILS	"[[[[[[['', 'Roasted Brussels Sprouts'], 'Shrimp Scampi Bake'], 'Pico de Gallo Chicken Quesadillas'], 'Chocolate Covered Strawberries'], 'Roasted Garlic Cauliflower'], 'Sirloin Steak with Garlic Butter'], ""Mom's Zucchini Bread""]"	['similar', 'never', 'prepared', 'prepared', 'similar', 'similar', 'prepared']	7	5	5	1	3	4	more	0,0,0,0,0,0,0	High-ILS	[[[[[[['', 'Donut Muffins'], 'Brown Sugar Smokies'], 'Good Old Fashioned Pancakes'], 'Best Big, Fat, Chewy Chocolate Chip Cookie'], 'Peanut Butter Cup Cookies'], 'Best Chocolate Chip Cookies'], 'Banana Crumb Muffins']	['never', 'never', 'prepared', 'prepared', 'prepared', 'prepared', 'prepared']	5	5	3	3	4	4	more	0,0,0,0,0,0,0	Roasted Brussels Sprouts	Mushrooms with a Soy Sauce Glaze	1	0	50,453244	33,070483	28,950351	4,991087	24,115105	22,464896	21,231992	10,448986	5	5	1	cuisine, nutrients, image, title, ingredients, instructions, reviews, duration	Are the foods in a similar category and do they contain similar seasonings and flavors.	
91566	('Group1=', 2, ', Group2=', 1, ', Group3=', 3, 'ComparisonGroup=', 1)	2022-03-30 15:06:27.661979	2022-03-30 15:10:33.869392	246,207413	False	2	46-55	female	1	religious	Mid-ILS	"[[[[[[['', 'Roasted Brussels Sprouts'], 'Mushrooms with a Soy Sauce Glaze'], 'Meatball Nirvana'], 'Donut Muffins'], ""Janet's Rich Banana Bread""], 'Pico de Gallo Chicken Quesadillas'], 'Chicken Pot Pie']"	['never', 'never', 'prepared', 'prepared', 'never', 'never', 'never']	4	4	4	4	4	4	exactly	0,0,0,0,0,0,0	High-ILS	[[[[[[['', 'Donut Muffins'], 'Brown Sugar Smokies'], 'Good Old Fashioned Pancakes'], 'Best Big, Fat, Chewy Chocolate Chip Cookie'], 'Peanut Butter Cup Cookies'], 'Best Chocolate Chip Cookies'], 'Banana Crumb Muffins']	['prepared', 'never', 'never', 'never', 'never', 'never', 'never']	1	4	4	4	4	4	exactly	0,0,0,0,0,0,0	Low-ILS	"[[[[[[['', 'Roasted Brussels Sprouts'], 'Shrimp Scampi Bake'], 'Pico de Gallo Chicken Quesadillas'], 'Chocolate Covered Strawberries'], 'Roasted Garlic Cauliflower'], 'Sirloin Steak with Garlic Butter'], ""Mom's Zucchini Bread""]"	['never', 'never', 'never', 'prepared', 'prepared', 'never', 'never']	5	4	4	4	4	4	exactly	0,0,0,0,0,0,0	Roasted Brussels Sprouts	Mushrooms with a Soy Sauce Glaze	4	0	42,514173	25,215593	30,38988	11,871888	86,146547	15,053756	9,866109	24,807135	4	4	4	reviews, instructions, title, image, duration, ingredients, cuisine, nutrients	The both recipes are Roasted Brussels Sprouts Mushrooms with a Soy Sauce Glaze. They are both new to me and rare to cook.	Good
51446	('Group1=', 1, ', Group2=', 3, ', Group3=', 2, 'ComparisonGroup=', 1)	2022-03-30 13:23:33.028834	2022-03-30 13:29:06.204397	333,175563	False	2	36-45	male	2--3	none	High-ILS	[[[[[[['', 'Donut Muffins'], 'Brown Sugar Smokies'], 'Good Old Fashioned Pancakes'], 'Best Big, Fat, Chewy Chocolate Chip Cookie'], 'Peanut Butter Cup Cookies'], 'Best Chocolate Chip Cookies'], 'Banana Crumb Muffins']	['never', 'prepared', 'prepared', 'prepared', 'similar', 'prepared', 'similar']	4	1	2	4	4	5	more	0,0,0,0,0,0,0	Low-ILS	"[[[[[[['', 'Roasted Brussels Sprouts'], 'Shrimp Scampi Bake'], 'Pico de Gallo Chicken Quesadillas'], 'Chocolate Covered Strawberries'], 'Roasted Garlic Cauliflower'], 'Sirloin Steak with Garlic Butter'], ""Mom's Zucchini Bread""]"	['prepared', 'similar', 'similar', 'prepared', 'similar', 'prepared', 'never']	6	4	4	2	4	5	more	0,0,0,0,0,0,0	Mid-ILS	"[[[[[[['', 'Roasted Brussels Sprouts'], 'Mushrooms with a Soy Sauce Glaze'], 'Meatball Nirvana'], 'Donut Muffins'], ""Janet's Rich Banana Bread""], 'Pico de Gallo Chicken Quesadillas'], 'Chicken Pot Pie']"	['prepared', 'similar', 'similar', 'never', 'prepared', 'prepared', 'prepared']	7	4	4	2	5	5	more	0,0,0,0,0,0,0	Roasted Brussels Sprouts	Mushrooms with a Soy Sauce Glaze	2	0	79,294186	59,309857	34,959973	12,235423	84,508244	35,424184	16,984845	10,332032	4	4	2	ingredients, cuisine	I compare all the ingredients used within the recipes I am comparing against each other. I compare the overall flavor each recipe provides. 	
70891	('Group1=', 3, ', Group2=', 1, ', Group3=', 2, 'ComparisonGroup=', 1)	2022-03-30 14:30:43.783389	2022-03-30 14:37:23.791912	400,008523	False	2	36-45	male	4--5	none	Low-ILS	"[[[[[[['', 'Roasted Brussels Sprouts'], 'Shrimp Scampi Bake'], 'Pico de Gallo Chicken Quesadillas'], 'Chocolate Covered Strawberries'], 'Roasted Garlic Cauliflower'], 'Sirloin Steak with Garlic Butter'], ""Mom's Zucchini Bread""]"	['prepared', 'similar', 'never', 'never', 'similar', 'similar', 'similar']	6	5	5	2	3	4	more	0,0,0,0,0,0,0	High-ILS	[[[[[[['', 'Donut Muffins'], 'Brown Sugar Smokies'], 'Good Old Fashioned Pancakes'], 'Best Big, Fat, Chewy Chocolate Chip Cookie'], 'Peanut Butter Cup Cookies'], 'Best Chocolate Chip Cookies'], 'Banana Crumb Muffins']	['similar', 'never', 'prepared', 'similar', 'never', 'similar', 'similar']	3	4	3	3	4	4	more	0,0,0,0,0,0,0	Mid-ILS	"[[[[[[['', 'Roasted Brussels Sprouts'], 'Mushrooms with a Soy Sauce Glaze'], 'Meatball Nirvana'], 'Donut Muffins'], ""Janet's Rich Banana Bread""], 'Pico de Gallo Chicken Quesadillas'], 'Chicken Pot Pie']"	['prepared', 'similar', 'similar', 'similar', 'prepared', 'never', 'never']	3	5	5	2	3	3	more	0,0,0,0,0,0,0	Roasted Brussels Sprouts	Mushrooms with a Soy Sauce Glaze	4	0,2	87,253118	54,464957	57,44462	17,12399	91,799492	61,439596	15,20441	15,1297	4	4	1	cuisine, title, nutrients, ingredients, image, instructions, duration, reviews	I wanted to see if the recipes were in the same/similar category. For example, breakfast meals such as pancakes and waffles are relatively similar. Also wanted a diverse range of categories such as fruits, vegetables, meats, pasta, etc.	
70152	('Group1=', 3, ', Group2=', 2, ', Group3=', 1, 'ComparisonGroup=', 1)	2022-03-30 15:33:32.054306	2022-03-30 15:40:24.712941	412,658635	False	2	36-45	male	1	gluten	Low-ILS	"[[[[[[['', 'Roasted Brussels Sprouts'], 'Shrimp Scampi Bake'], 'Pico de Gallo Chicken Quesadillas'], 'Chocolate Covered Strawberries'], 'Roasted Garlic Cauliflower'], 'Sirloin Steak with Garlic Butter'], ""Mom's Zucchini Bread""]"	['similar', 'similar', 'never', 'similar', 'prepared', 'never', 'prepared']	7	4	4	4	4	3	exactly	0,0,0,0,0,0,0	Mid-ILS	"[[[[[[['', 'Roasted Brussels Sprouts'], 'Mushrooms with a Soy Sauce Glaze'], 'Meatball Nirvana'], 'Donut Muffins'], ""Janet's Rich Banana Bread""], 'Pico de Gallo Chicken Quesadillas'], 'Chicken Pot Pie']"	['never', 'prepared', 'never', 'prepared', 'prepared', 'similar', 'prepared']	7	4	4	4	4	3	exactly	0,0,0,0,0,0,0	High-ILS	[[[[[[['', 'Donut Muffins'], 'Brown Sugar Smokies'], 'Good Old Fashioned Pancakes'], 'Best Big, Fat, Chewy Chocolate Chip Cookie'], 'Peanut Butter Cup Cookies'], 'Best Chocolate Chip Cookies'], 'Banana Crumb Muffins']	['similar', 'similar', 'never', 'similar', 'prepared', 'never', 'never']	5	4	4	4	4	4	exactly	0,0,0,0,0,0,0	Roasted Brussels Sprouts	Mushrooms with a Soy Sauce Glaze	4	0	23,658035	24,303021	25,251885	8,880279	58,599898	15,310496	8,024236	248,291593	4	4	4	reviews, ingredients, title, instructions, nutrients, duration, image, cuisine	The both recipes are Roasted Brussels Sprouts Mushrooms with a Soy Sauce Glaze and very tasty and good.	Good
30979	('Group1=', 1, ', Group2=', 3, ', Group3=', 2, 'ComparisonGroup=', 1)	2022-03-30 15:00:53.499025	2022-03-30 15:08:59.974355	486,47533	False	2	19-25	male	>5	none	High-ILS	[[[[[[['', 'Donut Muffins'], 'Brown Sugar Smokies'], 'Good Old Fashioned Pancakes'], 'Best Big, Fat, Chewy Chocolate Chip Cookie'], 'Peanut Butter Cup Cookies'], 'Best Chocolate Chip Cookies'], 'Banana Crumb Muffins']	['never', 'never', 'similar', 'never', 'never', 'similar', 'never']	5	2	2	4	4	4	more	0,0,0,0,0,0,0	Low-ILS	"[[[[[[['', 'Roasted Brussels Sprouts'], 'Shrimp Scampi Bake'], 'Pico de Gallo Chicken Quesadillas'], 'Chocolate Covered Strawberries'], 'Roasted Garlic Cauliflower'], 'Sirloin Steak with Garlic Butter'], ""Mom's Zucchini Bread""]"	['similar', 'never', 'never', 'similar', 'similar', 'never', 'never']	2	4	4	2	2	4	more	0,3,1,1,1,0,0	Mid-ILS	"[[[[[[['', 'Roasted Brussels Sprouts'], 'Mushrooms with a Soy Sauce Glaze'], 'Meatball Nirvana'], 'Donut Muffins'], ""Janet's Rich Banana Bread""], 'Pico de Gallo Chicken Quesadillas'], 'Chicken Pot Pie']"	['similar', 'similar', 'never', 'never', 'never', 'never', 'never']	3	4	4	2	3	4	more	0,0,2,0,0,0,1	Roasted Brussels Sprouts	Mushrooms with a Soy Sauce Glaze	2	1,2	76,434612	71,127559	58,045701	17,761335	172,696411	59,299237	19,875687	11,131035	4	4	2	ingredients	A list was diverse to me if it contained recipes that used a wide variety of ingredients and taste. For example, if a list was most just sweet items such as cookies, donuts, and muffins then it would not be diverse. A list that contained a mixture of savory dishes that used vegetables or meats was considered diverse by me.	
38523	('Group1=', 2, ', Group2=', 3, ', Group3=', 1, 'ComparisonGroup=', 1)	2022-03-30 13:58:00.190251	2022-03-30 14:06:48.005013	527,814762	False	2	46-55	male	2--3	lactose	Mid-ILS	"[[[[[[['', 'Roasted Brussels Sprouts'], 'Mushrooms with a Soy Sauce Glaze'], 'Meatball Nirvana'], 'Donut Muffins'], ""Janet's Rich Banana Bread""], 'Pico de Gallo Chicken Quesadillas'], 'Chicken Pot Pie']"	['similar', 'similar', 'never', 'never', 'similar', 'never', 'prepared']	7	4	4	5	5	4	exactly	0,0,0,0,0,0,0	Low-ILS	"[[[[[[['', 'Roasted Brussels Sprouts'], 'Shrimp Scampi Bake'], 'Pico de Gallo Chicken Quesadillas'], 'Chocolate Covered Strawberries'], 'Roasted Garlic Cauliflower'], 'Sirloin Steak with Garlic Butter'], ""Mom's Zucchini Bread""]"	['similar', 'similar', 'similar', 'never', 'never', 'similar', 'prepared']	2	4	4	4	5	5	exactly	0,0,0,0,0,0,0	High-ILS	[[[[[[['', 'Donut Muffins'], 'Brown Sugar Smokies'], 'Good Old Fashioned Pancakes'], 'Best Big, Fat, Chewy Chocolate Chip Cookie'], 'Peanut Butter Cup Cookies'], 'Best Chocolate Chip Cookies'], 'Banana Crumb Muffins']	['similar', 'never', 'similar', 'never', 'similar', 'similar', 'similar']	3	4	4	5	5	5	exactly	0,0,0,0,0,0,0	Roasted Brussels Sprouts	Mushrooms with a Soy Sauce Glaze	5	0	100,266468	46,519186	34,81228	10,629276	211,167132	45,19308	21,611986	57,40486	4	4	3	image	belong to one or more socially marginalized groups, i.e., ethnic/racial minorities, gender and sexual orientation minorities, or immigrants OR B) work for underserved, socially marginalized and/or financially struggling patient populations.	no good
94382	('Group1=', 2, ', Group2=', 3, ', Group3=', 1, 'ComparisonGroup=', 1)	2022-03-30 13:39:25.780854	2022-03-30 13:48:49.385197	563,604343	False	2	26-35	female	4--5	vegetarian	Mid-ILS	"[[[[[[['', 'Roasted Brussels Sprouts'], 'Mushrooms with a Soy Sauce Glaze'], 'Meatball Nirvana'], 'Donut Muffins'], ""Janet's Rich Banana Bread""], 'Pico de Gallo Chicken Quesadillas'], 'Chicken Pot Pie']"	['similar', 'never', 'never', 'never', 'never', 'never', 'never']	2	4	4	2	4	4	more	2,1,1,1,1,1,1	Low-ILS	"[[[[[[['', 'Roasted Brussels Sprouts'], 'Shrimp Scampi Bake'], 'Pico de Gallo Chicken Quesadillas'], 'Chocolate Covered Strawberries'], 'Roasted Garlic Cauliflower'], 'Sirloin Steak with Garlic Butter'], ""Mom's Zucchini Bread""]"	['similar', 'never', 'never', 'never', 'never', 'never', 'never']	5	4	4	2	4	4	more	0,0,0,0,0,0,0	High-ILS	[[[[[[['', 'Donut Muffins'], 'Brown Sugar Smokies'], 'Good Old Fashioned Pancakes'], 'Best Big, Fat, Chewy Chocolate Chip Cookie'], 'Peanut Butter Cup Cookies'], 'Best Chocolate Chip Cookies'], 'Banana Crumb Muffins']	['never', 'never', 'similar', 'never', 'never', 'never', 'never']	6	3	3	4	3	4	more	0,0,0,0,0,0,0	Roasted Brussels Sprouts	Mushrooms with a Soy Sauce Glaze	2	1,1	265,40705	50,320639	60,52678	18,22023	94,495432	36,871281	19,943336	17,54073	4	4	2	ingredients	I looked at the ingredients and considered different dietary restrictions when making my choices. I felt that the recipes used a different variety of ingredients and there was something for different tastes. 	
86952	('Group1=', 1, ', Group2=', 3, ', Group3=', 2, 'ComparisonGroup=', 1)	2022-03-30 13:23:01.391910	2022-03-30 13:33:22.719151	621,327241	False	2	36-45	female	>5	none	High-ILS	[[[[[[['', 'Donut Muffins'], 'Brown Sugar Smokies'], 'Good Old Fashioned Pancakes'], 'Best Big, Fat, Chewy Chocolate Chip Cookie'], 'Peanut Butter Cup Cookies'], 'Best Chocolate Chip Cookies'], 'Banana Crumb Muffins']	['never', 'never', 'similar', 'similar', 'never', 'similar', 'never']	5	2	2	4	2	5	more	0,0,0,0,0,0,0	Low-ILS	"[[[[[[['', 'Roasted Brussels Sprouts'], 'Shrimp Scampi Bake'], 'Pico de Gallo Chicken Quesadillas'], 'Chocolate Covered Strawberries'], 'Roasted Garlic Cauliflower'], 'Sirloin Steak with Garlic Butter'], ""Mom's Zucchini Bread""]"	['prepared', 'never', 'never', 'similar', 'never', 'never', 'never']	3	5	5	2	4	5	more	0,0,0,0,0,0,0	Mid-ILS	"[[[[[[['', 'Roasted Brussels Sprouts'], 'Mushrooms with a Soy Sauce Glaze'], 'Meatball Nirvana'], 'Donut Muffins'], ""Janet's Rich Banana Bread""], 'Pico de Gallo Chicken Quesadillas'], 'Chicken Pot Pie']"	['prepared', 'never', 'never', 'never', 'never', 'never', 'similar']	7	5	5	1	4	5	more	0,0,0,0,0,0,0	Roasted Brussels Sprouts	Mushrooms with a Soy Sauce Glaze	1	0	452,9561	40,470171	27,784503	5,854997	37,892329	25,422471	18,753428	12,056515	4	4	2	image	If they were a desert vs a meal. Were they hard to make and did the food sound good as something that I would eat.	
29845	('Group1=', 1, ', Group2=', 3, ', Group3=', 2, 'ComparisonGroup=', 1)	2022-03-30 14:39:30.481815	2022-03-30 14:54:27.542390	897,060575	False	2	36-45	male	4--5	vegetarian	High-ILS	[[[[[[['', 'Donut Muffins'], 'Brown Sugar Smokies'], 'Good Old Fashioned Pancakes'], 'Best Big, Fat, Chewy Chocolate Chip Cookie'], 'Peanut Butter Cup Cookies'], 'Best Chocolate Chip Cookies'], 'Banana Crumb Muffins']	['never', 'similar', 'never', 'prepared', 'prepared', 'prepared', 'never']	6	5	3	4	5	5	more	0,0,0,0,0,0,0	Low-ILS	"[[[[[[['', 'Roasted Brussels Sprouts'], 'Shrimp Scampi Bake'], 'Pico de Gallo Chicken Quesadillas'], 'Chocolate Covered Strawberries'], 'Roasted Garlic Cauliflower'], 'Sirloin Steak with Garlic Butter'], ""Mom's Zucchini Bread""]"	['similar', 'never', 'prepared', 'prepared', 'similar', 'never', 'never']	4	3	5	5	4	3	more	0,0,0,0,0,0,0	Mid-ILS	"[[[[[[['', 'Roasted Brussels Sprouts'], 'Mushrooms with a Soy Sauce Glaze'], 'Meatball Nirvana'], 'Donut Muffins'], ""Janet's Rich Banana Bread""], 'Pico de Gallo Chicken Quesadillas'], 'Chicken Pot Pie']"	['never', 'similar', 'never', 'prepared', 'prepared', 'similar', 'prepared']	4	4	3	3	5	4	exactly	0,0,0,0,0,0,0	Roasted Brussels Sprouts	Mushrooms with a Soy Sauce Glaze	2	0	50,997723	52,464029	32,846618	24,608233	656,625667	31,783901	30,662119	16,941997	3	5	1	ingredients, instructions, cuisine, title, reviews, duration, image, nutrients	I did it based on the quality and familiarity of the recipes. Taste preference is also one of the major reason.	
93354	('Group1=', 1, ', Group2=', 3, ', Group3=', 2, 'ComparisonGroup=', 1)	2022-03-30 13:23:09.903666	2022-03-30 13:38:56.044576	946,14091	False	2	36-45	male	1	vegan	High-ILS	[[[[[[['', 'Donut Muffins'], 'Brown Sugar Smokies'], 'Good Old Fashioned Pancakes'], 'Best Big, Fat, Chewy Chocolate Chip Cookie'], 'Peanut Butter Cup Cookies'], 'Best Chocolate Chip Cookies'], 'Banana Crumb Muffins']	['similar', 'never', 'never', 'prepared', 'never', 'never', 'never']	2	4	3	4	3	4	more	0,0,0,0,0,0,0	Low-ILS	"[[[[[[['', 'Roasted Brussels Sprouts'], 'Shrimp Scampi Bake'], 'Pico de Gallo Chicken Quesadillas'], 'Chocolate Covered Strawberries'], 'Roasted Garlic Cauliflower'], 'Sirloin Steak with Garlic Butter'], ""Mom's Zucchini Bread""]"	['never', 'never', 'similar', 'prepared', 'prepared', 'prepared', 'similar']	2	4	3	3	4	4	exactly	0,0,0,0,0,0,0	Mid-ILS	"[[[[[[['', 'Roasted Brussels Sprouts'], 'Mushrooms with a Soy Sauce Glaze'], 'Meatball Nirvana'], 'Donut Muffins'], ""Janet's Rich Banana Bread""], 'Pico de Gallo Chicken Quesadillas'], 'Chicken Pot Pie']"	['prepared', 'never', 'prepared', 'similar', 'prepared', 'similar', 'prepared']	2	4	3	4	3	4	more	0,0,0,0,0,0,0	Roasted Brussels Sprouts	Mushrooms with a Soy Sauce Glaze	3	0	147,825377	303,936156	67,984502	18,088055	290,63548	45,517978	31,945515	40,09195	4	3	4	title, instructions, image, cuisine, nutrients, ingredients, duration, reviews	The list of recipes were different in some sort of  diverse their were also some different dish  that I have never tried.	None.
16155	('Group1=', 2, ', Group2=', 3, ', Group3=', 1, 'ComparisonGroup=', 1)	2022-03-30 14:41:44.742079	2022-03-30 15:01:15.247218	1170,505139	False	2	46-55	male	2--3	vegan	Mid-ILS	"[[[[[[['', 'Roasted Brussels Sprouts'], 'Mushrooms with a Soy Sauce Glaze'], 'Meatball Nirvana'], 'Donut Muffins'], ""Janet's Rich Banana Bread""], 'Pico de Gallo Chicken Quesadillas'], 'Chicken Pot Pie']"	['similar', 'similar', 'similar', 'never', 'prepared', 'never', 'similar']	5	3	4	4	3	4	exactly	0,0,0,0,0,0,0	Low-ILS	"[[[[[[['', 'Roasted Brussels Sprouts'], 'Shrimp Scampi Bake'], 'Pico de Gallo Chicken Quesadillas'], 'Chocolate Covered Strawberries'], 'Roasted Garlic Cauliflower'], 'Sirloin Steak with Garlic Butter'], ""Mom's Zucchini Bread""]"	['never', 'similar', 'never', 'similar', 'prepared', 'never', 'similar']	5	4	4	5	3	4	exactly	0,0,0,0,0,0,0	High-ILS	[[[[[[['', 'Donut Muffins'], 'Brown Sugar Smokies'], 'Good Old Fashioned Pancakes'], 'Best Big, Fat, Chewy Chocolate Chip Cookie'], 'Peanut Butter Cup Cookies'], 'Best Chocolate Chip Cookies'], 'Banana Crumb Muffins']	['similar', 'similar', 'similar', 'never', 'similar', 'similar', 'similar']	5	4	4	3	4	4	exactly	0,0,0,0,0,0,0	Roasted Brussels Sprouts	Mushrooms with a Soy Sauce Glaze	4	0	141,462296	42,259094	44,644263	6,287099	840,094763	41,63192	13,726693	40,218861	3	4	3	duration, image, reviews, ingredients	i select the recipes for my favorite foods list. and mostly i select easy recipes.	nice survey and nice experience
57812	('Group1=', 2, ', Group2=', 1, ', Group3=', 3, 'ComparisonGroup=', 1)	2022-03-30 13:24:25.802413	2022-03-30 13:44:27.602392	1201,799979	False	2	36-45	male	4--5	none	Mid-ILS	"[[[[[[['', 'Roasted Brussels Sprouts'], 'Mushrooms with a Soy Sauce Glaze'], 'Meatball Nirvana'], 'Donut Muffins'], ""Janet's Rich Banana Bread""], 'Pico de Gallo Chicken Quesadillas'], 'Chicken Pot Pie']"	['similar', 'prepared', 'never', 'never', 'similar', 'similar', 'never']	2	4	4	3	4	5	more	0,0,0,0,0,0,0	High-ILS	[[[[[[['', 'Donut Muffins'], 'Brown Sugar Smokies'], 'Good Old Fashioned Pancakes'], 'Best Big, Fat, Chewy Chocolate Chip Cookie'], 'Peanut Butter Cup Cookies'], 'Best Chocolate Chip Cookies'], 'Banana Crumb Muffins']	['never', 'similar', 'similar', 'prepared', 'similar', 'prepared', 'never']	4	3	4	4	5	4	exactly	0,0,0,0,0,0,0	Low-ILS	"[[[[[[['', 'Roasted Brussels Sprouts'], 'Shrimp Scampi Bake'], 'Pico de Gallo Chicken Quesadillas'], 'Chocolate Covered Strawberries'], 'Roasted Garlic Cauliflower'], 'Sirloin Steak with Garlic Butter'], ""Mom's Zucchini Bread""]"	['similar', 'similar', 'prepared', 'prepared', 'prepared', 'never', 'never']	4	4	3	4	5	5	more	0,0,0,0,0,0,0	Roasted Brussels Sprouts	Mushrooms with a Soy Sauce Glaze	2	0	113,877082	72,191441	138,190698	15,428153	530,70661	89,147128	181,887773	60,247983	4	3	4	title, image, nutrients, ingredients, reviews, cuisine, duration, instructions	I used to determine the dishes are similar or diverse that are based on the dishes name and also dish appearance because dishes names are totally different and the dishes in the plate include variety of items so that based I chosen.	none
58329	('Group1=', 3, ', Group2=', 1, ', Group3=', 2, 'ComparisonGroup=', 1)	2022-03-30 15:58:12.073609	2022-03-30 16:18:32.592131	1220,518522	False	2	19-25	female	>5	vegetarian	Low-ILS	"[[[[[[['', 'Roasted Brussels Sprouts'], 'Shrimp Scampi Bake'], 'Pico de Gallo Chicken Quesadillas'], 'Chocolate Covered Strawberries'], 'Roasted Garlic Cauliflower'], 'Sirloin Steak with Garlic Butter'], ""Mom's Zucchini Bread""]"	['never', 'similar', 'similar', 'never', 'prepared', 'never', 'never']	4	4	5	4	4	5	exactly	0,0,0,0,0,0,0	High-ILS	[[[[[[['', 'Donut Muffins'], 'Brown Sugar Smokies'], 'Good Old Fashioned Pancakes'], 'Best Big, Fat, Chewy Chocolate Chip Cookie'], 'Peanut Butter Cup Cookies'], 'Best Chocolate Chip Cookies'], 'Banana Crumb Muffins']	['prepared', 'never', 'never', 'prepared', 'prepared', 'prepared', 'similar']	7	4	5	5	4	5	exactly	0,0,0,0,0,0,0	Mid-ILS	"[[[[[[['', 'Roasted Brussels Sprouts'], 'Mushrooms with a Soy Sauce Glaze'], 'Meatball Nirvana'], 'Donut Muffins'], ""Janet's Rich Banana Bread""], 'Pico de Gallo Chicken Quesadillas'], 'Chicken Pot Pie']"	['similar', 'never', 'prepared', 'prepared', 'never', 'prepared', 'never']	7	4	5	5	5	5	exactly	0,0,0,0,0,0,0	Roasted Brussels Sprouts	Mushrooms with a Soy Sauce Glaze	1	0	528,479789	170,36245	48,354285	15,667359	206,821209	161,413931	41,480946	47,816543	4	5	3	nutrients, ingredients, cuisine, instructions, duration, title, image, reviews	I determine the recipes i actually like it. I will try new dishes and my favorite dishes. 	I like to do this task. Thank you.
22126	('Group1=', 1, ', Group2=', 2, ', Group3=', 3, 'ComparisonGroup=', 1)	2022-03-30 13:27:04.056285	2022-03-30 13:54:11.257783	1627,201498	False	2	26-35	male	4--5	vegetarian	High-ILS	[[[[[[['', 'Donut Muffins'], 'Brown Sugar Smokies'], 'Good Old Fashioned Pancakes'], 'Best Big, Fat, Chewy Chocolate Chip Cookie'], 'Peanut Butter Cup Cookies'], 'Best Chocolate Chip Cookies'], 'Banana Crumb Muffins']	['never', 'never', 'prepared', 'prepared', 'similar', 'similar', 'prepared']	3	4	4	4	4	4	exactly	0,0,0,0,0,0,0	Mid-ILS	"[[[[[[['', 'Roasted Brussels Sprouts'], 'Mushrooms with a Soy Sauce Glaze'], 'Meatball Nirvana'], 'Donut Muffins'], ""Janet's Rich Banana Bread""], 'Pico de Gallo Chicken Quesadillas'], 'Chicken Pot Pie']"	['prepared', 'similar', 'similar', 'never', 'similar', 'prepared', 'prepared']	7	4	4	4	4	4	exactly	0,0,0,0,0,0,0	Low-ILS	"[[[[[[['', 'Roasted Brussels Sprouts'], 'Shrimp Scampi Bake'], 'Pico de Gallo Chicken Quesadillas'], 'Chocolate Covered Strawberries'], 'Roasted Garlic Cauliflower'], 'Sirloin Steak with Garlic Butter'], ""Mom's Zucchini Bread""]"	['prepared', 'prepared', 'prepared', 'prepared', 'prepared', 'prepared', 'prepared']	2	4	4	4	4	4	exactly	0,0,0,0,0,0,0	Roasted Brussels Sprouts	Mushrooms with a Soy Sauce Glaze	1	0	137,061307	46,603542	34,242802	27,230222	988,922836	164,126777	12,917293	215,915304	4	4	4	title, ingredients, cuisine, image, duration, nutrients, instructions	the foods are this type of recipe is new to me and I have prepared a similar dish before and I have prepared this dish this three type of model of to say this question on the survey 	No comments
89661	('Group1=', 1, ', Group2=', 3, ', Group3=', 2, 'ComparisonGroup=', 1)	2022-03-30 13:41:54.376028	2022-03-30 14:16:43.291291	2088,915263	False	2	46-55	male	1	none	High-ILS	[[[[[[['', 'Donut Muffins'], 'Brown Sugar Smokies'], 'Good Old Fashioned Pancakes'], 'Best Big, Fat, Chewy Chocolate Chip Cookie'], 'Peanut Butter Cup Cookies'], 'Best Chocolate Chip Cookies'], 'Banana Crumb Muffins']	['prepared', 'never', 'prepared', 'prepared', 'prepared', 'prepared', 'prepared']	1	4	4	4	5	4	more	1,0,0,0,0,0,0	Low-ILS	"[[[[[[['', 'Roasted Brussels Sprouts'], 'Shrimp Scampi Bake'], 'Pico de Gallo Chicken Quesadillas'], 'Chocolate Covered Strawberries'], 'Roasted Garlic Cauliflower'], 'Sirloin Steak with Garlic Butter'], ""Mom's Zucchini Bread""]"	['similar', 'never', 'never', 'prepared', 'never', 'similar', 'prepared']	7	4	5	3	4	4	exactly	0,0,0,0,0,0,0	Mid-ILS	"[[[[[[['', 'Roasted Brussels Sprouts'], 'Mushrooms with a Soy Sauce Glaze'], 'Meatball Nirvana'], 'Donut Muffins'], ""Janet's Rich Banana Bread""], 'Pico de Gallo Chicken Quesadillas'], 'Chicken Pot Pie']"	['prepared', 'prepared', 'prepared', 'prepared', 'similar', 'never', 'prepared']	5	3	3	3	4	4	exactly	0,0,0,0,0,0,0	Roasted Brussels Sprouts	Mushrooms with a Soy Sauce Glaze	2	0	33,331972	32,921559	31,983571	7,724336	1933,133117	20,992211	15,636283	12,845066	5	5	5	nutrients, title, image, cuisine, reviews, duration, instructions, ingredients	 I selected it based on the ingredients it has which determines the diversity.	
