id	group	start time	end time	duration	pressed back	attention check	age	gender	cooking enthusiast	restrictions	treatment1	order	familiarity	selection	diversity	variety	similarity	easiness	confidence	amount	poster clicks	decision time	logtime	Sum (div+var+sim)	inversed similarity	ILS
4072	('Group1=', 3, ', Group2=', 2, ', Group3=', 1, 'ComparisonGroup=', 1)	2022-03-30 14:26:52.371148	2022-03-30 14:29:33.711893	161,340745	False	2	26-35	female	4--5	vegan	High-ILS	[[[[[[['', 'Donut Muffins'], 'Brown Sugar Smokies'], 'Good Old Fashioned Pancakes'], 'Best Big, Fat, Chewy Chocolate Chip Cookie'], 'Peanut Butter Cup Cookies'], 'Best Chocolate Chip Cookies'], 'Banana Crumb Muffins']	['similar', 'similar', 'similar', 'similar', 'similar', 'prepared', 'similar']	6	3	4	3	4	4	exactly	0,0,0,0,0,0,0	27,507416	1,439449795	10	3	0.34
6704	('Group1=', 3, ', Group2=', 1, ', Group3=', 2, 'ComparisonGroup=', 4)	2022-03-30 13:44:09.859215	2022-03-30 13:47:23.810125	193,95091	False	2	26-35	female	4--5	vegetarian	High-ILS	[[[[[[['', 'Donut Muffins'], 'Brown Sugar Smokies'], 'Good Old Fashioned Pancakes'], 'Best Big, Fat, Chewy Chocolate Chip Cookie'], 'Peanut Butter Cup Cookies'], 'Best Chocolate Chip Cookies'], 'Banana Crumb Muffins']	['similar', 'similar', 'similar', 'similar', 'similar', 'similar', 'never']	5	4	3	4	4	4	exactly	0,0,0,0,0,0,0	33,465132	1,524592542	9	2	0.34
72143	('Group1=', 2, ', Group2=', 3, ', Group3=', 1, 'ComparisonGroup=', 1)	2022-03-30 13:52:31.194086	2022-03-30 13:55:47.032085	195,837999	False	2	36-45	female	4--5	none	High-ILS	[[[[[[['', 'Donut Muffins'], 'Brown Sugar Smokies'], 'Good Old Fashioned Pancakes'], 'Best Big, Fat, Chewy Chocolate Chip Cookie'], 'Peanut Butter Cup Cookies'], 'Best Chocolate Chip Cookies'], 'Banana Crumb Muffins']	['never', 'never', 'prepared', 'prepared', 'prepared', 'prepared', 'prepared']	5	5	3	3	4	4	more	0,0,0,0,0,0,0	28,950351	1,461653834	11	3	0.34
77986	('Group1=', 1, ', Group2=', 3, ', Group3=', 2, 'ComparisonGroup=', 4)	2022-03-30 14:30:46.059844	2022-03-30 14:34:29.611473	223,551629	False	2	46-55	female	4--5	vegan	High-ILS	[[[[[[['', 'Donut Muffins'], 'Brown Sugar Smokies'], 'Good Old Fashioned Pancakes'], 'Best Big, Fat, Chewy Chocolate Chip Cookie'], 'Peanut Butter Cup Cookies'], 'Best Chocolate Chip Cookies'], 'Banana Crumb Muffins']	['prepared', 'similar', 'prepared', 'never', 'similar', 'similar', 'similar']	5	3	4	4	5	4	exactly	0,0,0,0,0,0,0	31,183093	1,49391919	9	2	0.34
95535	('Group1=', 1, ', Group2=', 2, ', Group3=', 3, 'ComparisonGroup=', 2)	2022-03-30 14:44:22.425153	2022-03-30 14:48:18.574581	236,149428	False	2	26-35	female	>5	none	High-ILS	[[[[[[['', 'Donut Muffins'], 'Brown Sugar Smokies'], 'Good Old Fashioned Pancakes'], 'Best Big, Fat, Chewy Chocolate Chip Cookie'], 'Peanut Butter Cup Cookies'], 'Best Chocolate Chip Cookies'], 'Banana Crumb Muffins']	['similar', 'prepared', 'prepared', 'similar', 'similar', 'similar', 'similar']	4	4	4	4	4	4	more	0,0,0,0,0,0,0	42,805674	1,63150134	10	2	0.34
95535	('Group1=', 1, ', Group2=', 2, ', Group3=', 3, 'ComparisonGroup=', 2)	2022-03-30 14:44:22.425153	2022-03-30 14:48:21.311586	238,886433	False	2	26-35	female	>5	none	High-ILS	[[[[[[['', 'Donut Muffins'], 'Brown Sugar Smokies'], 'Good Old Fashioned Pancakes'], 'Best Big, Fat, Chewy Chocolate Chip Cookie'], 'Peanut Butter Cup Cookies'], 'Best Chocolate Chip Cookies'], 'Banana Crumb Muffins']	['similar', 'prepared', 'prepared', 'similar', 'similar', 'similar', 'similar']	4	4	4	4	4	4	more	0,0,0,0,0,0,0	42,805674	1,63150134	10	2	0.34
91566	('Group1=', 2, ', Group2=', 1, ', Group3=', 3, 'ComparisonGroup=', 1)	2022-03-30 15:06:27.661979	2022-03-30 15:10:33.869392	246,207413	False	2	46-55	female	1	religious	High-ILS	[[[[[[['', 'Donut Muffins'], 'Brown Sugar Smokies'], 'Good Old Fashioned Pancakes'], 'Best Big, Fat, Chewy Chocolate Chip Cookie'], 'Peanut Butter Cup Cookies'], 'Best Chocolate Chip Cookies'], 'Banana Crumb Muffins']	['prepared', 'never', 'never', 'never', 'never', 'never', 'never']	1	4	4	4	4	4	exactly	0,0,0,0,0,0,0	25,215593	1,401669186	10	2	0.34
87957	('Group1=', 1, ', Group2=', 2, ', Group3=', 3, 'ComparisonGroup=', 2)	2022-03-30 14:34:11.881604	2022-03-30 14:38:36.698377	264,816773	False	2	36-45	male	>5	none	High-ILS	[[[[[[['', 'Donut Muffins'], 'Brown Sugar Smokies'], 'Good Old Fashioned Pancakes'], 'Best Big, Fat, Chewy Chocolate Chip Cookie'], 'Peanut Butter Cup Cookies'], 'Best Chocolate Chip Cookies'], 'Banana Crumb Muffins']	['never', 'similar', 'similar', 'similar', 'similar', 'similar', 'similar']	4	4	4	3	4	4	more	0,0,0,0,0,0,0	59,954618	1,77782264	11	3	0.34
71447	('Group1=', 3, ', Group2=', 1, ', Group3=', 2, 'ComparisonGroup=', 3)	2022-03-30 13:54:06.245071	2022-03-30 13:58:45.456024	279,210953	False	2	36-45	female	2--3	none	High-ILS	[[[[[[['', 'Donut Muffins'], 'Brown Sugar Smokies'], 'Good Old Fashioned Pancakes'], 'Best Big, Fat, Chewy Chocolate Chip Cookie'], 'Peanut Butter Cup Cookies'], 'Best Chocolate Chip Cookies'], 'Banana Crumb Muffins']	['never', 'similar', 'similar', 'prepared', 'prepared', 'similar', 'similar']	5	4	3	4	5	4	more	0,0,0,0,0,0,0	37,340964	1,572185526	9	2	0.34
3254	('Group1=', 1, ', Group2=', 2, ', Group3=', 3, 'ComparisonGroup=', 3)	2022-03-30 14:14:36.695070	2022-03-30 14:19:16.230039	279,534969	False	2	26-35	female	4--5	vegetarian	High-ILS	[[[[[[['', 'Donut Muffins'], 'Brown Sugar Smokies'], 'Good Old Fashioned Pancakes'], 'Best Big, Fat, Chewy Chocolate Chip Cookie'], 'Peanut Butter Cup Cookies'], 'Best Chocolate Chip Cookies'], 'Banana Crumb Muffins']	['never', 'similar', 'similar', 'similar', 'prepared', 'similar', 'never']	4	4	5	5	5	4	more	0,0,0,0,0,0,0	26,482718	1,422962556	10	1	0.34
40578	('Group1=', 3, ', Group2=', 2, ', Group3=', 1, 'ComparisonGroup=', 3)	2022-03-30 13:35:23.612869	2022-03-30 13:40:06.388584	282,775715	False	2	46-55	male	4--5	none	High-ILS	[[[[[[['', 'Donut Muffins'], 'Brown Sugar Smokies'], 'Good Old Fashioned Pancakes'], 'Best Big, Fat, Chewy Chocolate Chip Cookie'], 'Peanut Butter Cup Cookies'], 'Best Chocolate Chip Cookies'], 'Banana Crumb Muffins']	['never', 'never', 'similar', 'never', 'similar', 'similar', 'never']	3	4	4	4	4	4	more	0,0,0,0,0,0,0	40,529397	1,607770142	10	2	0.34
25861	('Group1=', 3, ', Group2=', 2, ', Group3=', 1, 'ComparisonGroup=', 4)	2022-03-30 13:27:07.961750	2022-03-30 13:32:12.788574	304,826824	False	2	26-35	male	2--3	none	High-ILS	[[[[[[['', 'Donut Muffins'], 'Brown Sugar Smokies'], 'Good Old Fashioned Pancakes'], 'Best Big, Fat, Chewy Chocolate Chip Cookie'], 'Peanut Butter Cup Cookies'], 'Best Chocolate Chip Cookies'], 'Banana Crumb Muffins']	['never', 'never', 'similar', 'similar', 'similar', 'similar', 'never']	4	2	2	5	4	4	more	0,0,0,0,0,0,0	30,473562	1,483923221	5	1	0.34
80649	('Group1=', 3, ', Group2=', 1, ', Group3=', 2, 'ComparisonGroup=', 4)	2022-03-30 14:41:50.149278	2022-03-30 14:47:08.852870	318,703592	False	2	26-35	male	2--3	none	High-ILS	[[[[[[['', 'Donut Muffins'], 'Brown Sugar Smokies'], 'Good Old Fashioned Pancakes'], 'Best Big, Fat, Chewy Chocolate Chip Cookie'], 'Peanut Butter Cup Cookies'], 'Best Chocolate Chip Cookies'], 'Banana Crumb Muffins']	['never', 'never', 'prepared', 'prepared', 'similar', 'prepared', 'similar']	7	2	2	4	2	4	more	0,0,0,0,0,0,0	38,520932	1,585696786	6	2	0.34
51446	('Group1=', 1, ', Group2=', 3, ', Group3=', 2, 'ComparisonGroup=', 1)	2022-03-30 13:23:33.028834	2022-03-30 13:29:06.204397	333,175563	False	2	36-45	male	2--3	none	High-ILS	[[[[[[['', 'Donut Muffins'], 'Brown Sugar Smokies'], 'Good Old Fashioned Pancakes'], 'Best Big, Fat, Chewy Chocolate Chip Cookie'], 'Peanut Butter Cup Cookies'], 'Best Chocolate Chip Cookies'], 'Banana Crumb Muffins']	['never', 'prepared', 'prepared', 'prepared', 'similar', 'prepared', 'similar']	4	1	2	4	4	5	more	0,0,0,0,0,0,0	79,294186	1,899241345	5	2	0.34
68034	('Group1=', 1, ', Group2=', 3, ', Group3=', 2, 'ComparisonGroup=', 4)	2022-03-30 15:29:30.498587	2022-03-30 15:35:07.605422	337,106835	False	2	26-35	female	2--3	none	High-ILS	[[[[[[['', 'Donut Muffins'], 'Brown Sugar Smokies'], 'Good Old Fashioned Pancakes'], 'Best Big, Fat, Chewy Chocolate Chip Cookie'], 'Peanut Butter Cup Cookies'], 'Best Chocolate Chip Cookies'], 'Banana Crumb Muffins']	['never', 'similar', 'prepared', 'prepared', 'similar', 'prepared', 'similar']	1	2	2	4	2	5	more	1,1,0,0,0,0,0	92,422035	1,965775527	6	2	0.34
2820	('Group1=', 3, ', Group2=', 2, ', Group3=', 1, 'ComparisonGroup=', 3)	2022-03-30 14:55:17.753252	2022-03-30 15:00:58.485323	340,732071	False	2	26-35	male	2--3	vegetarian	High-ILS	[[[[[[['', 'Donut Muffins'], 'Brown Sugar Smokies'], 'Good Old Fashioned Pancakes'], 'Best Big, Fat, Chewy Chocolate Chip Cookie'], 'Peanut Butter Cup Cookies'], 'Best Chocolate Chip Cookies'], 'Banana Crumb Muffins']	['similar', 'prepared', 'similar', 'never', 'prepared', 'prepared', 'never']	6	3	4	5	5	4	exactly	0,0,0,0,0,0,0	27,624678	1,441297224	8	1	0.34
71302	('Group1=', 1, ', Group2=', 2, ', Group3=', 3, 'ComparisonGroup=', 2)	2022-03-30 14:02:44.581144	2022-03-30 14:08:29.240799	344,659655	False	2	26-35	male	4--5	vegetarian	High-ILS	[[[[[[['', 'Donut Muffins'], 'Brown Sugar Smokies'], 'Good Old Fashioned Pancakes'], 'Best Big, Fat, Chewy Chocolate Chip Cookie'], 'Peanut Butter Cup Cookies'], 'Best Chocolate Chip Cookies'], 'Banana Crumb Muffins']	['never', 'never', 'prepared', 'prepared', 'never', 'similar', 'similar']	4	4	4	2	3	4	more	0,0,0,0,0,0,0	64,412251	1,808968477	12	4	0.34
60844	('Group1=', 3, ', Group2=', 2, ', Group3=', 1, 'ComparisonGroup=', 2)	2022-03-30 15:09:59.668033	2022-03-30 15:15:49.311220	349,643187	False	2	36-45	female	2--3	vegetarian	High-ILS	[[[[[[['', 'Donut Muffins'], 'Brown Sugar Smokies'], 'Good Old Fashioned Pancakes'], 'Best Big, Fat, Chewy Chocolate Chip Cookie'], 'Peanut Butter Cup Cookies'], 'Best Chocolate Chip Cookies'], 'Banana Crumb Muffins']	['never', 'prepared', 'never', 'prepared', 'similar', 'never', 'similar']	2	5	3	4	4	5	more	0,0,0,0,0,0,0	22,049207	1,343392975	10	2	0.34
97818	('Group1=', 3, ', Group2=', 2, ', Group3=', 1, 'ComparisonGroup=', 3)	2022-03-30 13:46:13.965696	2022-03-30 13:52:05.779521	351,813825	False	2	36-45	male	>5	none	High-ILS	[[[[[[['', 'Donut Muffins'], 'Brown Sugar Smokies'], 'Good Old Fashioned Pancakes'], 'Best Big, Fat, Chewy Chocolate Chip Cookie'], 'Peanut Butter Cup Cookies'], 'Best Chocolate Chip Cookies'], 'Banana Crumb Muffins']	['similar', 'prepared', 'prepared', 'prepared', 'similar', 'prepared', 'similar']	2	3	2	2	4	4	more	0,0,0,0,0,0,0	66,442671	1,822447083	9	4	0.34
26118	('Group1=', 1, ', Group2=', 2, ', Group3=', 3, 'ComparisonGroup=', 4)	2022-03-30 13:32:10.429654	2022-03-30 13:38:10.305157	359,875503	False	2	46-55	male	4--5	none	High-ILS	[[[[[[['', 'Donut Muffins'], 'Brown Sugar Smokies'], 'Good Old Fashioned Pancakes'], 'Best Big, Fat, Chewy Chocolate Chip Cookie'], 'Peanut Butter Cup Cookies'], 'Best Chocolate Chip Cookies'], 'Banana Crumb Muffins']	['similar', 'never', 'prepared', 'prepared', 'similar', 'prepared', 'prepared']	4	2	2	4	4	4	more	0,0,0,0,0,0,0	84,037615	1,924473719	6	2	0.34
70891	('Group1=', 3, ', Group2=', 1, ', Group3=', 2, 'ComparisonGroup=', 1)	2022-03-30 14:30:43.783389	2022-03-30 14:37:23.791912	400,008523	False	2	36-45	male	4--5	none	High-ILS	[[[[[[['', 'Donut Muffins'], 'Brown Sugar Smokies'], 'Good Old Fashioned Pancakes'], 'Best Big, Fat, Chewy Chocolate Chip Cookie'], 'Peanut Butter Cup Cookies'], 'Best Chocolate Chip Cookies'], 'Banana Crumb Muffins']	['similar', 'never', 'prepared', 'similar', 'never', 'similar', 'similar']	3	4	3	3	4	4	more	0,0,0,0,0,0,0	54,464957	1,736117165	10	3	0.34
70152	('Group1=', 3, ', Group2=', 2, ', Group3=', 1, 'ComparisonGroup=', 1)	2022-03-30 15:33:32.054306	2022-03-30 15:40:24.712941	412,658635	False	2	36-45	male	1	gluten	High-ILS	[[[[[[['', 'Donut Muffins'], 'Brown Sugar Smokies'], 'Good Old Fashioned Pancakes'], 'Best Big, Fat, Chewy Chocolate Chip Cookie'], 'Peanut Butter Cup Cookies'], 'Best Chocolate Chip Cookies'], 'Banana Crumb Muffins']	['similar', 'similar', 'never', 'similar', 'prepared', 'never', 'never']	5	4	4	4	4	4	exactly	0,0,0,0,0,0,0	25,251885	1,402293803	10	2	0.34
19981	('Group1=', 1, ', Group2=', 3, ', Group3=', 2, 'ComparisonGroup=', 3)	2022-03-30 13:42:00.138284	2022-03-30 13:49:18.785581	438,647297	False	2	56-65	female	4--5	none	High-ILS	[[[[[[['', 'Donut Muffins'], 'Brown Sugar Smokies'], 'Good Old Fashioned Pancakes'], 'Best Big, Fat, Chewy Chocolate Chip Cookie'], 'Peanut Butter Cup Cookies'], 'Best Chocolate Chip Cookies'], 'Banana Crumb Muffins']	['never', 'similar', 'prepared', 'similar', 'never', 'similar', 'never']	7	2	2	4	5	5	more	0,0,0,0,0,0,2	142,333261	2,1533064	6	2	0.34
90159	('Group1=', 1, ', Group2=', 3, ', Group3=', 2, 'ComparisonGroup=', 3)	2022-03-30 13:23:45.252538	2022-03-30 13:31:24.407242	459,154704	False	2	46-55	male	4--5	none	High-ILS	[[[[[[['', 'Donut Muffins'], 'Brown Sugar Smokies'], 'Good Old Fashioned Pancakes'], 'Best Big, Fat, Chewy Chocolate Chip Cookie'], 'Peanut Butter Cup Cookies'], 'Best Chocolate Chip Cookies'], 'Banana Crumb Muffins']	['never', 'never', 'prepared', 'never', 'never', 'similar', 'never']	7	2	2	4	4	4	more	0,0,0,0,0,0,0	109,950356	2,04119664	6	2	0.34
30979	('Group1=', 1, ', Group2=', 3, ', Group3=', 2, 'ComparisonGroup=', 1)	2022-03-30 15:00:53.499025	2022-03-30 15:08:59.974355	486,47533	False	2	19-25	male	>5	none	High-ILS	[[[[[[['', 'Donut Muffins'], 'Brown Sugar Smokies'], 'Good Old Fashioned Pancakes'], 'Best Big, Fat, Chewy Chocolate Chip Cookie'], 'Peanut Butter Cup Cookies'], 'Best Chocolate Chip Cookies'], 'Banana Crumb Muffins']	['never', 'never', 'similar', 'never', 'never', 'similar', 'never']	5	2	2	4	4	4	more	0,0,0,0,0,0,0	76,434612	1,883290065	6	2	0.34
38523	('Group1=', 2, ', Group2=', 3, ', Group3=', 1, 'ComparisonGroup=', 1)	2022-03-30 13:58:00.190251	2022-03-30 14:06:48.005013	527,814762	False	2	46-55	male	2--3	lactose	High-ILS	[[[[[[['', 'Donut Muffins'], 'Brown Sugar Smokies'], 'Good Old Fashioned Pancakes'], 'Best Big, Fat, Chewy Chocolate Chip Cookie'], 'Peanut Butter Cup Cookies'], 'Best Chocolate Chip Cookies'], 'Banana Crumb Muffins']	['similar', 'never', 'similar', 'never', 'similar', 'similar', 'similar']	3	4	4	5	5	5	exactly	0,0,0,0,0,0,0	34,81228	1,541732468	9	1	0.34
87777	('Group1=', 1, ', Group2=', 3, ', Group3=', 2, 'ComparisonGroup=', 3)	2022-03-30 14:59:44.182440	2022-03-30 15:08:56.257593	552,075153	False	2	26-35	male	4--5	none	High-ILS	[[[[[[['', 'Donut Muffins'], 'Brown Sugar Smokies'], 'Good Old Fashioned Pancakes'], 'Best Big, Fat, Chewy Chocolate Chip Cookie'], 'Peanut Butter Cup Cookies'], 'Best Chocolate Chip Cookies'], 'Banana Crumb Muffins']	['never', 'similar', 'prepared', 'similar', 'prepared', 'prepared', 'similar']	3	4	4	3	4	4	more	0,0,0,0,0,0,0	102,648204	2,011351355	11	3	0.34
94382	('Group1=', 2, ', Group2=', 3, ', Group3=', 1, 'ComparisonGroup=', 1)	2022-03-30 13:39:25.780854	2022-03-30 13:48:49.385197	563,604343	False	2	26-35	female	4--5	vegetarian	High-ILS	[[[[[[['', 'Donut Muffins'], 'Brown Sugar Smokies'], 'Good Old Fashioned Pancakes'], 'Best Big, Fat, Chewy Chocolate Chip Cookie'], 'Peanut Butter Cup Cookies'], 'Best Chocolate Chip Cookies'], 'Banana Crumb Muffins']	['never', 'never', 'similar', 'never', 'never', 'never', 'never']	6	3	3	4	3	4	more	0,0,0,0,0,0,0	60,52678	1,78194757	8	2	0.34
69180	('Group1=', 3, ', Group2=', 1, ', Group3=', 2, 'ComparisonGroup=', 4)	2022-03-30 15:11:12.099294	2022-03-30 15:21:04.220682	592,121388	False	2	26-35	male	4--5	gluten	High-ILS	[[[[[[['', 'Donut Muffins'], 'Brown Sugar Smokies'], 'Good Old Fashioned Pancakes'], 'Best Big, Fat, Chewy Chocolate Chip Cookie'], 'Peanut Butter Cup Cookies'], 'Best Chocolate Chip Cookies'], 'Banana Crumb Muffins']	['never', 'never', 'never', 'similar', 'similar', 'similar', 'never']	4	4	4	4	4	4	exactly	0,0,0,0,0,0,0	30,613022	1,485906204	10	2	0.34
64388	('Group1=', 1, ', Group2=', 2, ', Group3=', 3, 'ComparisonGroup=', 4)	2022-03-30 13:23:54.880974	2022-03-30 13:34:13.059234	618,17826	False	2	36-45	female	>5	none	High-ILS	[[[[[[['', 'Donut Muffins'], 'Brown Sugar Smokies'], 'Good Old Fashioned Pancakes'], 'Best Big, Fat, Chewy Chocolate Chip Cookie'], 'Peanut Butter Cup Cookies'], 'Best Chocolate Chip Cookies'], 'Banana Crumb Muffins']	['never', 'never', 'similar', 'similar', 'prepared', 'prepared', 'never']	6	4	5	3	4	4	more	0,0,0,0,0,0,0	143,788496	2,157724141	12	3	0.34
86952	('Group1=', 1, ', Group2=', 3, ', Group3=', 2, 'ComparisonGroup=', 1)	2022-03-30 13:23:01.391910	2022-03-30 13:33:22.719151	621,327241	False	2	36-45	female	>5	none	High-ILS	[[[[[[['', 'Donut Muffins'], 'Brown Sugar Smokies'], 'Good Old Fashioned Pancakes'], 'Best Big, Fat, Chewy Chocolate Chip Cookie'], 'Peanut Butter Cup Cookies'], 'Best Chocolate Chip Cookies'], 'Banana Crumb Muffins']	['never', 'never', 'similar', 'similar', 'never', 'similar', 'never']	5	2	2	4	2	5	more	0,0,0,0,0,0,0	452,9561	2,656056113	6	2	0.34
85274	('Group1=', 1, ', Group2=', 2, ', Group3=', 3, 'ComparisonGroup=', 2)	2022-03-30 13:29:32.761263	2022-03-30 13:40:51.684200	678,922937	False	2	36-45	male	4--5	none	High-ILS	[[[[[[['', 'Donut Muffins'], 'Brown Sugar Smokies'], 'Good Old Fashioned Pancakes'], 'Best Big, Fat, Chewy Chocolate Chip Cookie'], 'Peanut Butter Cup Cookies'], 'Best Chocolate Chip Cookies'], 'Banana Crumb Muffins']	['never', 'similar', 'prepared', 'prepared', 'similar', 'similar', 'prepared']	5	3	4	3	3	4	more	0,0,0,0,0,0,0	87,374737	1,941385882	10	3	0.34
87500	('Group1=', 1, ', Group2=', 2, ', Group3=', 3, 'ComparisonGroup=', 4)	2022-03-30 13:29:22.539464	2022-03-30 13:41:57.962664	755,4232	False	2	36-45	male	>5	none	High-ILS	[[[[[[['', 'Donut Muffins'], 'Brown Sugar Smokies'], 'Good Old Fashioned Pancakes'], 'Best Big, Fat, Chewy Chocolate Chip Cookie'], 'Peanut Butter Cup Cookies'], 'Best Chocolate Chip Cookies'], 'Banana Crumb Muffins']	['never', 'never', 'prepared', 'prepared', 'never', 'similar', 'never']	4	2	4	4	3	3	more	0,0,0,0,0,0,0	167,767307	2,224707333	8	2	0.34
69664	('Group1=', 1, ', Group2=', 2, ', Group3=', 3, 'ComparisonGroup=', 4)	2022-03-30 13:37:21.226591	2022-03-30 13:51:10.574473	829,347882	False	2	56-65	female	4--5	vegetarian	High-ILS	[[[[[[['', 'Donut Muffins'], 'Brown Sugar Smokies'], 'Good Old Fashioned Pancakes'], 'Best Big, Fat, Chewy Chocolate Chip Cookie'], 'Peanut Butter Cup Cookies'], 'Best Chocolate Chip Cookies'], 'Banana Crumb Muffins']	['never', 'never', 'prepared', 'similar', 'never', 'similar', 'similar']	3	4	4	5	4	3	exactly	0,0,0,0,0,0,0	311,078697	2,492870271	9	1	0.34
25078	('Group1=', 3, ', Group2=', 2, ', Group3=', 1, 'ComparisonGroup=', 3)	2022-03-30 14:23:59.455873	2022-03-30 14:37:57.223718	837,767845	False	2	26-35	male	2--3	vegetarian	High-ILS	[[[[[[['', 'Donut Muffins'], 'Brown Sugar Smokies'], 'Good Old Fashioned Pancakes'], 'Best Big, Fat, Chewy Chocolate Chip Cookie'], 'Peanut Butter Cup Cookies'], 'Best Chocolate Chip Cookies'], 'Banana Crumb Muffins']	['similar', 'never', 'never', 'prepared', 'prepared', 'similar', 'prepared']	7	5	4	5	4	3	more	0,0,0,0,0,0,0	42,220684	1,625525265	10	1	0.34
69175	('Group1=', 1, ', Group2=', 2, ', Group3=', 3, 'ComparisonGroup=', 2)	2022-03-30 14:30:37.594596	2022-03-30 14:44:45.826918	848,232322	False	2	56-65	female	4--5	vegan	High-ILS	[[[[[[['', 'Donut Muffins'], 'Brown Sugar Smokies'], 'Good Old Fashioned Pancakes'], 'Best Big, Fat, Chewy Chocolate Chip Cookie'], 'Peanut Butter Cup Cookies'], 'Best Chocolate Chip Cookies'], 'Banana Crumb Muffins']	['prepared', 'similar', 'prepared', 'similar', 'never', 'prepared', 'prepared']	3	5	4	5	4	3	exactly	0,0,0,0,0,0,0	524,924609	2,720096933	10	1	0.34
3319	('Group1=', 3, ', Group2=', 1, ', Group3=', 2, 'ComparisonGroup=', 3)	2022-03-30 15:27:00.971833	2022-03-30 15:41:19.143734	858,171901	False	2	>65	male	4--5	vegetarian	High-ILS	[[[[[[['', 'Donut Muffins'], 'Brown Sugar Smokies'], 'Good Old Fashioned Pancakes'], 'Best Big, Fat, Chewy Chocolate Chip Cookie'], 'Peanut Butter Cup Cookies'], 'Best Chocolate Chip Cookies'], 'Banana Crumb Muffins']	['similar', 'never', 'prepared', 'never', 'similar', 'similar', 'never']	3	3	4	5	4	3	exactly	0,0,0,0,0,0,0	91,779402	1,962745224	8	1	0.34
93507	('Group1=', 2, ', Group2=', 1, ', Group3=', 3, 'ComparisonGroup=', 4)	2022-03-30 14:30:39.842782	2022-03-30 14:45:13.247282	873,4045	False	2	46-55	male	4--5	none	High-ILS	[[[[[[['', 'Donut Muffins'], 'Brown Sugar Smokies'], 'Good Old Fashioned Pancakes'], 'Best Big, Fat, Chewy Chocolate Chip Cookie'], 'Peanut Butter Cup Cookies'], 'Best Chocolate Chip Cookies'], 'Banana Crumb Muffins']	['similar', 'similar', 'prepared', 'prepared', 'similar', 'prepared', 'similar']	1	2	2	4	3	4	more	0,1,1,2,1,2,3	203,55108	2,308673411	6	2	0.34
29845	('Group1=', 1, ', Group2=', 3, ', Group3=', 2, 'ComparisonGroup=', 1)	2022-03-30 14:39:30.481815	2022-03-30 14:54:27.542390	897,060575	False	2	36-45	male	4--5	vegetarian	High-ILS	[[[[[[['', 'Donut Muffins'], 'Brown Sugar Smokies'], 'Good Old Fashioned Pancakes'], 'Best Big, Fat, Chewy Chocolate Chip Cookie'], 'Peanut Butter Cup Cookies'], 'Best Chocolate Chip Cookies'], 'Banana Crumb Muffins']	['never', 'similar', 'never', 'prepared', 'prepared', 'prepared', 'never']	6	5	3	4	5	5	more	0,0,0,0,0,0,0	50,997723	1,707550786	10	2	0.34
93354	('Group1=', 1, ', Group2=', 3, ', Group3=', 2, 'ComparisonGroup=', 1)	2022-03-30 13:23:09.903666	2022-03-30 13:38:56.044576	946,14091	False	2	36-45	male	1	vegan	High-ILS	[[[[[[['', 'Donut Muffins'], 'Brown Sugar Smokies'], 'Good Old Fashioned Pancakes'], 'Best Big, Fat, Chewy Chocolate Chip Cookie'], 'Peanut Butter Cup Cookies'], 'Best Chocolate Chip Cookies'], 'Banana Crumb Muffins']	['similar', 'never', 'never', 'prepared', 'never', 'never', 'never']	2	4	3	4	3	4	more	0,0,0,0,0,0,0	147,825377	2,169748995	9	2	0.34
86436	('Group1=', 1, ', Group2=', 3, ', Group3=', 2, 'ComparisonGroup=', 2)	2022-03-30 13:45:07.551346	2022-03-30 14:01:05.795182	958,243836	False	2	26-35	male	>5	none	High-ILS	[[[[[[['', 'Donut Muffins'], 'Brown Sugar Smokies'], 'Good Old Fashioned Pancakes'], 'Best Big, Fat, Chewy Chocolate Chip Cookie'], 'Peanut Butter Cup Cookies'], 'Best Chocolate Chip Cookies'], 'Banana Crumb Muffins']	['similar', 'similar', 'prepared', 'prepared', 'never', 'prepared', 'prepared']	6	4	5	4	5	4	more	0,0,0,0,0,0,0	78,761914	1,896316261	11	2	0.34
6117	('Group1=', 1, ', Group2=', 2, ', Group3=', 3, 'ComparisonGroup=', 4)	2022-03-30 13:50:49.344639	2022-03-30 14:06:51.468811	962,124172	False	2	46-55	male	2--3	none	High-ILS	[[[[[[['', 'Donut Muffins'], 'Brown Sugar Smokies'], 'Good Old Fashioned Pancakes'], 'Best Big, Fat, Chewy Chocolate Chip Cookie'], 'Peanut Butter Cup Cookies'], 'Best Chocolate Chip Cookies'], 'Banana Crumb Muffins']	['similar', 'prepared', 'never', 'never', 'never', 'never', 'similar']	2	4	5	5	4	5	exactly	0,0,0,0,0,0,0	479,530878	2,680816578	10	1	0.34
1517	('Group1=', 2, ', Group2=', 3, ', Group3=', 1, 'ComparisonGroup=', 2)	2022-03-30 14:44:33.721130	2022-03-30 15:01:13.934005	1000,212875	False	2	26-35	male	>5	none	High-ILS	[[[[[[['', 'Donut Muffins'], 'Brown Sugar Smokies'], 'Good Old Fashioned Pancakes'], 'Best Big, Fat, Chewy Chocolate Chip Cookie'], 'Peanut Butter Cup Cookies'], 'Best Chocolate Chip Cookies'], 'Banana Crumb Muffins']	['prepared', 'never', 'prepared', 'prepared', 'never', 'prepared', 'prepared']	4	5	5	5	5	5	more	0,0,0,0,0,0,0	152,831396	2,18421258	11	1	0.34
42207	('Group1=', 3, ', Group2=', 1, ', Group3=', 2, 'ComparisonGroup=', 2)	2022-03-30 13:56:13.163612	2022-03-30 14:14:38.301828	1105,138216	False	2	36-45	male	4--5	vegan	High-ILS	[[[[[[['', 'Donut Muffins'], 'Brown Sugar Smokies'], 'Good Old Fashioned Pancakes'], 'Best Big, Fat, Chewy Chocolate Chip Cookie'], 'Peanut Butter Cup Cookies'], 'Best Chocolate Chip Cookies'], 'Banana Crumb Muffins']	['similar', 'prepared', 'similar', 'prepared', 'never', 'similar', 'prepared']	7	3	4	3	4	4	exactly	0,0,0,0,0,0,0	112,294694	2,050359236	10	3	0.34
91345	('Group1=', 3, ', Group2=', 1, ', Group3=', 2, 'ComparisonGroup=', 4)	2022-03-30 15:45:52.794348	2022-03-30 16:04:48.632508	1135,83816	False	2	26-35	male	>5	none	High-ILS	[[[[[[['', 'Donut Muffins'], 'Brown Sugar Smokies'], 'Good Old Fashioned Pancakes'], 'Best Big, Fat, Chewy Chocolate Chip Cookie'], 'Peanut Butter Cup Cookies'], 'Best Chocolate Chip Cookies'], 'Banana Crumb Muffins']	['never', 'never', 'similar', 'similar', 'never', 'never', 'similar']	3	4	3	5	3	4	more	2,0,0,0,0,0,0	109,312783	2,038670951	8	1	0.34
18117	('Group1=', 3, ', Group2=', 1, ', Group3=', 2, 'ComparisonGroup=', 4)	2022-03-30 13:24:25.227708	2022-03-30 13:43:40.694131	1155,466423	False	2	26-35	male	<1	vegetarian	High-ILS	[[[[[[['', 'Donut Muffins'], 'Brown Sugar Smokies'], 'Good Old Fashioned Pancakes'], 'Best Big, Fat, Chewy Chocolate Chip Cookie'], 'Peanut Butter Cup Cookies'], 'Best Chocolate Chip Cookies'], 'Banana Crumb Muffins']	['never', 'never', 'never', 'similar', 'similar', 'similar', 'never']	1	2	2	4	2	2	exactly	0,0,0,0,0,0,0	65,064066	1,8133412	6	2	0.34
16155	('Group1=', 2, ', Group2=', 3, ', Group3=', 1, 'ComparisonGroup=', 1)	2022-03-30 14:41:44.742079	2022-03-30 15:01:15.247218	1170,505139	False	2	46-55	male	2--3	vegan	High-ILS	[[[[[[['', 'Donut Muffins'], 'Brown Sugar Smokies'], 'Good Old Fashioned Pancakes'], 'Best Big, Fat, Chewy Chocolate Chip Cookie'], 'Peanut Butter Cup Cookies'], 'Best Chocolate Chip Cookies'], 'Banana Crumb Muffins']	['similar', 'similar', 'similar', 'never', 'similar', 'similar', 'similar']	5	4	4	3	4	4	exactly	0,0,0,0,0,0,0	44,644263	1,649765658	11	3	0.34
10533	('Group1=', 1, ', Group2=', 2, ', Group3=', 3, 'ComparisonGroup=', 4)	2022-03-30 13:33:48.722734	2022-03-30 13:53:22.278689	1173,555955	True	2	26-35	female	>5	none	High-ILS	[[[[[[['', 'Donut Muffins'], 'Brown Sugar Smokies'], 'Good Old Fashioned Pancakes'], 'Best Big, Fat, Chewy Chocolate Chip Cookie'], 'Peanut Butter Cup Cookies'], 'Best Chocolate Chip Cookies'], 'Banana Crumb Muffins']	['prepared', 'similar', 'never', 'never', 'prepared', 'never', 'similar']	6	4	5	4	4	5	more	0,0,0,0,0,1,0	137,465203	2,138192778	11	2	0.34
57812	('Group1=', 2, ', Group2=', 1, ', Group3=', 3, 'ComparisonGroup=', 1)	2022-03-30 13:24:25.802413	2022-03-30 13:44:27.602392	1201,799979	False	2	36-45	male	4--5	none	High-ILS	[[[[[[['', 'Donut Muffins'], 'Brown Sugar Smokies'], 'Good Old Fashioned Pancakes'], 'Best Big, Fat, Chewy Chocolate Chip Cookie'], 'Peanut Butter Cup Cookies'], 'Best Chocolate Chip Cookies'], 'Banana Crumb Muffins']	['never', 'similar', 'similar', 'prepared', 'similar', 'prepared', 'never']	4	3	4	4	5	4	exactly	0,0,0,0,0,0,0	72,191441	1,858485711	9	2	0.34
58329	('Group1=', 3, ', Group2=', 1, ', Group3=', 2, 'ComparisonGroup=', 1)	2022-03-30 15:58:12.073609	2022-03-30 16:18:32.592131	1220,518522	False	2	19-25	female	>5	vegetarian	High-ILS	[[[[[[['', 'Donut Muffins'], 'Brown Sugar Smokies'], 'Good Old Fashioned Pancakes'], 'Best Big, Fat, Chewy Chocolate Chip Cookie'], 'Peanut Butter Cup Cookies'], 'Best Chocolate Chip Cookies'], 'Banana Crumb Muffins']	['prepared', 'never', 'never', 'prepared', 'prepared', 'prepared', 'similar']	7	4	5	5	4	5	exactly	0,0,0,0,0,0,0	170,36245	2,231373877	10	1	0.34
16523	('Group1=', 1, ', Group2=', 2, ', Group3=', 3, 'ComparisonGroup=', 3)	2022-03-30 13:29:58.423167	2022-03-30 13:51:01.913218	1263,490051	False	2	36-45	male	2--3	lactose	High-ILS	[[[[[[['', 'Donut Muffins'], 'Brown Sugar Smokies'], 'Good Old Fashioned Pancakes'], 'Best Big, Fat, Chewy Chocolate Chip Cookie'], 'Peanut Butter Cup Cookies'], 'Best Chocolate Chip Cookies'], 'Banana Crumb Muffins']	['never', 'never', 'prepared', 'similar', 'prepared', 'similar', 'similar']	3	4	5	5	4	3	exactly	0,0,0,0,0,0,0	186,692108	2,271125959	10	1	0.34
84563	('Group1=', 3, ', Group2=', 1, ', Group3=', 2, 'ComparisonGroup=', 3)	2022-03-30 13:33:23.368459	2022-03-30 13:54:50.895770	1287,527311	False	2	36-45	male	4--5	none	High-ILS	[[[[[[['', 'Donut Muffins'], 'Brown Sugar Smokies'], 'Good Old Fashioned Pancakes'], 'Best Big, Fat, Chewy Chocolate Chip Cookie'], 'Peanut Butter Cup Cookies'], 'Best Chocolate Chip Cookies'], 'Banana Crumb Muffins']	['never', 'never', 'prepared', 'prepared', 'never', 'prepared', 'never']	4	2	2	4	4	5	more	0,0,0,0,0,1,0	51,609003	1,712725469	6	2	0.34
48855	('Group1=', 2, ', Group2=', 1, ', Group3=', 3, 'ComparisonGroup=', 3)	2022-03-30 13:23:04.210647	2022-03-30 13:44:50.317930	1306,107283	False	2	26-35	female	4--5	none	High-ILS	[[[[[[['', 'Donut Muffins'], 'Brown Sugar Smokies'], 'Good Old Fashioned Pancakes'], 'Best Big, Fat, Chewy Chocolate Chip Cookie'], 'Peanut Butter Cup Cookies'], 'Best Chocolate Chip Cookies'], 'Banana Crumb Muffins']	['never', 'prepared', 'prepared', 'prepared', 'prepared', 'prepared', 'prepared']	1	2	2	5	4	4	exactly	0,0,0,0,0,0,0	32,931316	1,517609086	5	1	0.34
19290	('Group1=', 1, ', Group2=', 2, ', Group3=', 3, 'ComparisonGroup=', 2)	2022-03-30 13:38:20.965855	2022-03-30 14:01:23.738670	1382,772815	False	2	26-35	female	2--3	none	High-ILS	[[[[[[['', 'Donut Muffins'], 'Brown Sugar Smokies'], 'Good Old Fashioned Pancakes'], 'Best Big, Fat, Chewy Chocolate Chip Cookie'], 'Peanut Butter Cup Cookies'], 'Best Chocolate Chip Cookies'], 'Banana Crumb Muffins']	['never', 'never', 'similar', 'similar', 'never', 'similar', 'similar']	6	4	2	4	4	4	more	1,1,0,2,0,3,0	805,120145	2,905860693	8	2	0.34
22126	('Group1=', 1, ', Group2=', 2, ', Group3=', 3, 'ComparisonGroup=', 1)	2022-03-30 13:27:04.056285	2022-03-30 13:54:11.257783	1627,201498	False	2	26-35	male	4--5	vegetarian	High-ILS	[[[[[[['', 'Donut Muffins'], 'Brown Sugar Smokies'], 'Good Old Fashioned Pancakes'], 'Best Big, Fat, Chewy Chocolate Chip Cookie'], 'Peanut Butter Cup Cookies'], 'Best Chocolate Chip Cookies'], 'Banana Crumb Muffins']	['never', 'never', 'prepared', 'prepared', 'similar', 'similar', 'prepared']	3	4	4	4	4	4	exactly	0,0,0,0,0,0,0	137,061307	2,136914869	10	2	0.34
31114	('Group1=', 1, ', Group2=', 2, ', Group3=', 3, 'ComparisonGroup=', 3)	2022-03-30 13:23:21.571761	2022-03-30 13:50:47.080536	1645,508775	False	2	19-25	male	>5	vegetarian	High-ILS	[[[[[[['', 'Donut Muffins'], 'Brown Sugar Smokies'], 'Good Old Fashioned Pancakes'], 'Best Big, Fat, Chewy Chocolate Chip Cookie'], 'Peanut Butter Cup Cookies'], 'Best Chocolate Chip Cookies'], 'Banana Crumb Muffins']	['never', 'prepared', 'similar', 'similar', 'similar', 'similar', 'never']	3	4	5	3	4	5	exactly	0,0,0,0,0,0,0	675,352222	2,829530333	12	3	0.34
31024	('Group1=', 2, ', Group2=', 1, ', Group3=', 3, 'ComparisonGroup=', 4)	2022-03-30 13:34:30.649612	2022-03-30 14:04:27.491321	1796,841709	False	2	46-55	male	4--5	gluten	High-ILS	[[[[[[['', 'Donut Muffins'], 'Brown Sugar Smokies'], 'Good Old Fashioned Pancakes'], 'Best Big, Fat, Chewy Chocolate Chip Cookie'], 'Peanut Butter Cup Cookies'], 'Best Chocolate Chip Cookies'], 'Banana Crumb Muffins']	['similar', 'never', 'never', 'never', 'never', 'never', 'similar']	7	4	3	4	4	4	more	0,0,0,0,0,0,0	116,21626	2,065266895	9	2	0.34
89661	('Group1=', 1, ', Group2=', 3, ', Group3=', 2, 'ComparisonGroup=', 1)	2022-03-30 13:41:54.376028	2022-03-30 14:16:43.291291	2088,915263	False	2	46-55	male	1	none	High-ILS	[[[[[[['', 'Donut Muffins'], 'Brown Sugar Smokies'], 'Good Old Fashioned Pancakes'], 'Best Big, Fat, Chewy Chocolate Chip Cookie'], 'Peanut Butter Cup Cookies'], 'Best Chocolate Chip Cookies'], 'Banana Crumb Muffins']	['prepared', 'never', 'prepared', 'prepared', 'prepared', 'prepared', 'prepared']	1	4	4	4	5	4	more	1,0,0,0,0,0,0	33,331972	1,522861008	10	2	0.34
26342	('Group1=', 2, ', Group2=', 3, ', Group3=', 1, 'ComparisonGroup=', 2)	2022-03-30 13:38:16.934178	2022-03-30 14:15:22.779081	2225,844903	False	2	46-55	male	>5	none	High-ILS	[[[[[[['', 'Donut Muffins'], 'Brown Sugar Smokies'], 'Good Old Fashioned Pancakes'], 'Best Big, Fat, Chewy Chocolate Chip Cookie'], 'Peanut Butter Cup Cookies'], 'Best Chocolate Chip Cookies'], 'Banana Crumb Muffins']	['prepared', 'never', 'prepared', 'never', 'prepared', 'similar', 'prepared']	6	4	5	4	5	5	more	0,0,0,0,0,0,0	512,805008	2,709952258	11	2	0.34
4072	('Group1=', 3, ', Group2=', 2, ', Group3=', 1, 'ComparisonGroup=', 1)	2022-03-30 14:26:52.371148	2022-03-30 14:29:33.711893	161,340745	False	2	26-35	female	4--5	vegan	Low-ILS	"[[[[[[['', 'Roasted Brussels Sprouts'], 'Shrimp Scampi Bake'], 'Pico de Gallo Chicken Quesadillas'], 'Chocolate Covered Strawberries'], 'Roasted Garlic Cauliflower'], 'Sirloin Steak with Garlic Butter'], ""Mom's Zucchini Bread""]"	['similar', 'never', 'similar', 'similar', 'similar', 'never', 'similar']	5	3	4	4	4	4	exactly	0,0,0,0,0,0,0	22,066302	1,343729558	9	2	0.12
6704	('Group1=', 3, ', Group2=', 1, ', Group3=', 2, 'ComparisonGroup=', 4)	2022-03-30 13:44:09.859215	2022-03-30 13:47:23.810125	193,95091	False	2	26-35	female	4--5	vegetarian	Low-ILS	"[[[[[[['', 'Roasted Brussels Sprouts'], 'Shrimp Scampi Bake'], 'Pico de Gallo Chicken Quesadillas'], 'Chocolate Covered Strawberries'], 'Roasted Garlic Cauliflower'], 'Sirloin Steak with Garlic Butter'], ""Mom's Zucchini Bread""]"	['never', 'similar', 'similar', 'never', 'never', 'never', 'never']	4	4	4	3	4	4	exactly	0,0,0,0,0,0,0	35,412201	1,549152921	11	3	0.12
72143	('Group1=', 2, ', Group2=', 3, ', Group3=', 1, 'ComparisonGroup=', 1)	2022-03-30 13:52:31.194086	2022-03-30 13:55:47.032085	195,837999	False	2	36-45	female	4--5	none	Low-ILS	"[[[[[[['', 'Roasted Brussels Sprouts'], 'Shrimp Scampi Bake'], 'Pico de Gallo Chicken Quesadillas'], 'Chocolate Covered Strawberries'], 'Roasted Garlic Cauliflower'], 'Sirloin Steak with Garlic Butter'], ""Mom's Zucchini Bread""]"	['similar', 'never', 'prepared', 'prepared', 'similar', 'similar', 'prepared']	7	5	5	1	3	4	more	0,0,0,0,0,0,0	33,070483	1,519440538	15	5	0.12
77986	('Group1=', 1, ', Group2=', 3, ', Group3=', 2, 'ComparisonGroup=', 4)	2022-03-30 14:30:46.059844	2022-03-30 14:34:29.611473	223,551629	False	2	46-55	female	4--5	vegan	Low-ILS	"[[[[[[['', 'Roasted Brussels Sprouts'], 'Shrimp Scampi Bake'], 'Pico de Gallo Chicken Quesadillas'], 'Chocolate Covered Strawberries'], 'Roasted Garlic Cauliflower'], 'Sirloin Steak with Garlic Butter'], ""Mom's Zucchini Bread""]"	['similar', 'similar', 'prepared', 'similar', 'similar', 'similar', 'prepared']	6	3	4	5	4	4	more	0,0,0,0,0,0,0	18,259875	1,2614978	8	1	0.12
95535	('Group1=', 1, ', Group2=', 2, ', Group3=', 3, 'ComparisonGroup=', 2)	2022-03-30 14:44:22.425153	2022-03-30 14:48:18.574581	236,149428	False	2	26-35	female	>5	none	Low-ILS	"[[[[[[['', 'Roasted Brussels Sprouts'], 'Shrimp Scampi Bake'], 'Pico de Gallo Chicken Quesadillas'], 'Chocolate Covered Strawberries'], 'Roasted Garlic Cauliflower'], 'Sirloin Steak with Garlic Butter'], ""Mom's Zucchini Bread""]"	['similar', 'similar', 'similar', 'prepared', 'prepared', 'similar', 'similar']	5	4	4	3	3	3	exactly	0,0,0,0,0,0,0	23,388318	1,36899899	11	3	0.12
95535	('Group1=', 1, ', Group2=', 2, ', Group3=', 3, 'ComparisonGroup=', 2)	2022-03-30 14:44:22.425153	2022-03-30 14:48:21.311586	238,886433	False	2	26-35	female	>5	none	Low-ILS	"[[[[[[['', 'Roasted Brussels Sprouts'], 'Shrimp Scampi Bake'], 'Pico de Gallo Chicken Quesadillas'], 'Chocolate Covered Strawberries'], 'Roasted Garlic Cauliflower'], 'Sirloin Steak with Garlic Butter'], ""Mom's Zucchini Bread""]"	['similar', 'similar', 'similar', 'prepared', 'prepared', 'similar', 'similar']	5	4	4	3	3	3	exactly	0,0,0,0,0,0,0	23,388318	1,36899899	11	3	0.12
91566	('Group1=', 2, ', Group2=', 1, ', Group3=', 3, 'ComparisonGroup=', 1)	2022-03-30 15:06:27.661979	2022-03-30 15:10:33.869392	246,207413	False	2	46-55	female	1	religious	Low-ILS	"[[[[[[['', 'Roasted Brussels Sprouts'], 'Shrimp Scampi Bake'], 'Pico de Gallo Chicken Quesadillas'], 'Chocolate Covered Strawberries'], 'Roasted Garlic Cauliflower'], 'Sirloin Steak with Garlic Butter'], ""Mom's Zucchini Bread""]"	['never', 'never', 'never', 'prepared', 'prepared', 'never', 'never']	5	4	4	4	4	4	exactly	0,0,0,0,0,0,0	30,38988	1,482728985	10	2	0.12
87957	('Group1=', 1, ', Group2=', 2, ', Group3=', 3, 'ComparisonGroup=', 2)	2022-03-30 14:34:11.881604	2022-03-30 14:38:36.698377	264,816773	False	2	36-45	male	>5	none	Low-ILS	"[[[[[[['', 'Roasted Brussels Sprouts'], 'Shrimp Scampi Bake'], 'Pico de Gallo Chicken Quesadillas'], 'Chocolate Covered Strawberries'], 'Roasted Garlic Cauliflower'], 'Sirloin Steak with Garlic Butter'], ""Mom's Zucchini Bread""]"	['prepared', 'never', 'similar', 'never', 'similar', 'similar', 'similar']	5	5	5	2	2	4	more	0,0,0,0,0,0,0	36,834449	1,566254178	14	4	0.12
71447	('Group1=', 3, ', Group2=', 1, ', Group3=', 2, 'ComparisonGroup=', 3)	2022-03-30 13:54:06.245071	2022-03-30 13:58:45.456024	279,210953	False	2	36-45	female	2--3	none	Low-ILS	"[[[[[[['', 'Roasted Brussels Sprouts'], 'Shrimp Scampi Bake'], 'Pico de Gallo Chicken Quesadillas'], 'Chocolate Covered Strawberries'], 'Roasted Garlic Cauliflower'], 'Sirloin Steak with Garlic Butter'], ""Mom's Zucchini Bread""]"	['similar', 'never', 'similar', 'prepared', 'prepared', 'never', 'never']	4	4	3	4	4	4	more	0,0,0,0,0,0,0	27,238886	1,435189342	9	2	0.12
3254	('Group1=', 1, ', Group2=', 2, ', Group3=', 3, 'ComparisonGroup=', 3)	2022-03-30 14:14:36.695070	2022-03-30 14:19:16.230039	279,534969	False	2	26-35	female	4--5	vegetarian	Low-ILS	"[[[[[[['', 'Roasted Brussels Sprouts'], 'Shrimp Scampi Bake'], 'Pico de Gallo Chicken Quesadillas'], 'Chocolate Covered Strawberries'], 'Roasted Garlic Cauliflower'], 'Sirloin Steak with Garlic Butter'], ""Mom's Zucchini Bread""]"	['never', 'never', 'similar', 'never', 'similar', 'never', 'similar']	5	4	5	4	5	4	more	0,0,0,0,0,0,0	24,098421	1,381988587	11	2	0.12
40578	('Group1=', 3, ', Group2=', 2, ', Group3=', 1, 'ComparisonGroup=', 3)	2022-03-30 13:35:23.612869	2022-03-30 13:40:06.388584	282,775715	False	2	46-55	male	4--5	none	Low-ILS	"[[[[[[['', 'Roasted Brussels Sprouts'], 'Shrimp Scampi Bake'], 'Pico de Gallo Chicken Quesadillas'], 'Chocolate Covered Strawberries'], 'Roasted Garlic Cauliflower'], 'Sirloin Steak with Garlic Butter'], ""Mom's Zucchini Bread""]"	['never', 'similar', 'similar', 'similar', 'similar', 'similar', 'similar']	2	4	4	3	3	4	more	0,0,0,0,0,0,0	63,148521	1,800363183	11	3	0.12
25861	('Group1=', 3, ', Group2=', 2, ', Group3=', 1, 'ComparisonGroup=', 4)	2022-03-30 13:27:07.961750	2022-03-30 13:32:12.788574	304,826824	False	2	26-35	male	2--3	none	Low-ILS	"[[[[[[['', 'Roasted Brussels Sprouts'], 'Shrimp Scampi Bake'], 'Pico de Gallo Chicken Quesadillas'], 'Chocolate Covered Strawberries'], 'Roasted Garlic Cauliflower'], 'Sirloin Steak with Garlic Butter'], ""Mom's Zucchini Bread""]"	['never', 'never', 'never', 'never', 'never', 'similar', 'never']	6	4	5	1	3	4	more	0,0,0,0,0,0,0	46,347986	1,666030867	14	5	0.12
80649	('Group1=', 3, ', Group2=', 1, ', Group3=', 2, 'ComparisonGroup=', 4)	2022-03-30 14:41:50.149278	2022-03-30 14:47:08.852870	318,703592	False	2	26-35	male	2--3	none	Low-ILS	"[[[[[[['', 'Roasted Brussels Sprouts'], 'Shrimp Scampi Bake'], 'Pico de Gallo Chicken Quesadillas'], 'Chocolate Covered Strawberries'], 'Roasted Garlic Cauliflower'], 'Sirloin Steak with Garlic Butter'], ""Mom's Zucchini Bread""]"	['similar', 'prepared', 'never', 'prepared', 'similar', 'prepared', 'never']	3	5	5	2	2	4	more	0,0,0,0,0,0,0	61,175571	1,786578032	14	4	0.12
51446	('Group1=', 1, ', Group2=', 3, ', Group3=', 2, 'ComparisonGroup=', 1)	2022-03-30 13:23:33.028834	2022-03-30 13:29:06.204397	333,175563	False	2	36-45	male	2--3	none	Low-ILS	"[[[[[[['', 'Roasted Brussels Sprouts'], 'Shrimp Scampi Bake'], 'Pico de Gallo Chicken Quesadillas'], 'Chocolate Covered Strawberries'], 'Roasted Garlic Cauliflower'], 'Sirloin Steak with Garlic Butter'], ""Mom's Zucchini Bread""]"	['prepared', 'similar', 'similar', 'prepared', 'similar', 'prepared', 'never']	6	4	4	2	4	5	more	0,0,0,0,0,0,0	59,309857	1,773126877	12	4	0.12
68034	('Group1=', 1, ', Group2=', 3, ', Group3=', 2, 'ComparisonGroup=', 4)	2022-03-30 15:29:30.498587	2022-03-30 15:35:07.605422	337,106835	False	2	26-35	female	2--3	none	Low-ILS	"[[[[[[['', 'Roasted Brussels Sprouts'], 'Shrimp Scampi Bake'], 'Pico de Gallo Chicken Quesadillas'], 'Chocolate Covered Strawberries'], 'Roasted Garlic Cauliflower'], 'Sirloin Steak with Garlic Butter'], ""Mom's Zucchini Bread""]"	['similar', 'never', 'never', 'similar', 'prepared', 'similar', 'prepared']	5	5	5	1	1	5	more	0,0,0,0,0,0,0	46,231636	1,664939262	15	5	0.12
2820	('Group1=', 3, ', Group2=', 2, ', Group3=', 1, 'ComparisonGroup=', 3)	2022-03-30 14:55:17.753252	2022-03-30 15:00:58.485323	340,732071	False	2	26-35	male	2--3	vegetarian	Low-ILS	"[[[[[[['', 'Roasted Brussels Sprouts'], 'Shrimp Scampi Bake'], 'Pico de Gallo Chicken Quesadillas'], 'Chocolate Covered Strawberries'], 'Roasted Garlic Cauliflower'], 'Sirloin Steak with Garlic Butter'], ""Mom's Zucchini Bread""]"	['similar', 'never', 'prepared', 'similar', 'prepared', 'never', 'never']	5	2	3	3	4	4	exactly	0,0,0,0,0,0,0	38,14792	1,581470863	8	3	0.12
71302	('Group1=', 1, ', Group2=', 2, ', Group3=', 3, 'ComparisonGroup=', 2)	2022-03-30 14:02:44.581144	2022-03-30 14:08:29.240799	344,659655	False	2	26-35	male	4--5	vegetarian	Low-ILS	"[[[[[[['', 'Roasted Brussels Sprouts'], 'Shrimp Scampi Bake'], 'Pico de Gallo Chicken Quesadillas'], 'Chocolate Covered Strawberries'], 'Roasted Garlic Cauliflower'], 'Sirloin Steak with Garlic Butter'], ""Mom's Zucchini Bread""]"	['similar', 'never', 'never', 'similar', 'similar', 'prepared', 'similar']	4	4	4	2	4	4	exactly	0,0,0,0,0,0,0	42,797587	1,631419283	12	4	0.12
60844	('Group1=', 3, ', Group2=', 2, ', Group3=', 1, 'ComparisonGroup=', 2)	2022-03-30 15:09:59.668033	2022-03-30 15:15:49.311220	349,643187	False	2	36-45	female	2--3	vegetarian	Low-ILS	"[[[[[[['', 'Roasted Brussels Sprouts'], 'Shrimp Scampi Bake'], 'Pico de Gallo Chicken Quesadillas'], 'Chocolate Covered Strawberries'], 'Roasted Garlic Cauliflower'], 'Sirloin Steak with Garlic Butter'], ""Mom's Zucchini Bread""]"	['never', 'prepared', 'never', 'prepared', 'prepared', 'similar', 'similar']	4	5	3	4	5	3	exactly	0,0,0,0,0,0,0	36,746088	1,565211111	10	2	0.12
97818	('Group1=', 3, ', Group2=', 2, ', Group3=', 1, 'ComparisonGroup=', 3)	2022-03-30 13:46:13.965696	2022-03-30 13:52:05.779521	351,813825	False	2	36-45	male	>5	none	Low-ILS	"[[[[[[['', 'Roasted Brussels Sprouts'], 'Shrimp Scampi Bake'], 'Pico de Gallo Chicken Quesadillas'], 'Chocolate Covered Strawberries'], 'Roasted Garlic Cauliflower'], 'Sirloin Steak with Garlic Butter'], ""Mom's Zucchini Bread""]"	['similar', 'similar', 'prepared', 'never', 'similar', 'prepared', 'similar']	6	3	2	2	4	4	more	1,0,0,0,0,0,0	77,535542	1,889500827	9	4	0.12
26118	('Group1=', 1, ', Group2=', 2, ', Group3=', 3, 'ComparisonGroup=', 4)	2022-03-30 13:32:10.429654	2022-03-30 13:38:10.305157	359,875503	False	2	46-55	male	4--5	none	Low-ILS	"[[[[[[['', 'Roasted Brussels Sprouts'], 'Shrimp Scampi Bake'], 'Pico de Gallo Chicken Quesadillas'], 'Chocolate Covered Strawberries'], 'Roasted Garlic Cauliflower'], 'Sirloin Steak with Garlic Butter'], ""Mom's Zucchini Bread""]"	['similar', 'similar', 'prepared', 'similar', 'similar', 'prepared', 'similar']	5	4	4	2	4	4	more	0,0,0,0,0,0,0	37,029842	1,568551859	12	4	0.12
70891	('Group1=', 3, ', Group2=', 1, ', Group3=', 2, 'ComparisonGroup=', 1)	2022-03-30 14:30:43.783389	2022-03-30 14:37:23.791912	400,008523	False	2	36-45	male	4--5	none	Low-ILS	"[[[[[[['', 'Roasted Brussels Sprouts'], 'Shrimp Scampi Bake'], 'Pico de Gallo Chicken Quesadillas'], 'Chocolate Covered Strawberries'], 'Roasted Garlic Cauliflower'], 'Sirloin Steak with Garlic Butter'], ""Mom's Zucchini Bread""]"	['prepared', 'similar', 'never', 'never', 'similar', 'similar', 'similar']	6	5	5	2	3	4	more	0,0,0,0,0,0,0	87,253118	1,940780955	14	4	0.12
70152	('Group1=', 3, ', Group2=', 2, ', Group3=', 1, 'ComparisonGroup=', 1)	2022-03-30 15:33:32.054306	2022-03-30 15:40:24.712941	412,658635	False	2	36-45	male	1	gluten	Low-ILS	"[[[[[[['', 'Roasted Brussels Sprouts'], 'Shrimp Scampi Bake'], 'Pico de Gallo Chicken Quesadillas'], 'Chocolate Covered Strawberries'], 'Roasted Garlic Cauliflower'], 'Sirloin Steak with Garlic Butter'], ""Mom's Zucchini Bread""]"	['similar', 'similar', 'never', 'similar', 'prepared', 'never', 'prepared']	7	4	4	4	4	3	exactly	0,0,0,0,0,0,0	23,658035	1,37397867	10	2	0.12
19981	('Group1=', 1, ', Group2=', 3, ', Group3=', 2, 'ComparisonGroup=', 3)	2022-03-30 13:42:00.138284	2022-03-30 13:49:18.785581	438,647297	False	2	56-65	female	4--5	none	Low-ILS	"[[[[[[['', 'Roasted Brussels Sprouts'], 'Shrimp Scampi Bake'], 'Pico de Gallo Chicken Quesadillas'], 'Chocolate Covered Strawberries'], 'Roasted Garlic Cauliflower'], 'Sirloin Steak with Garlic Butter'], ""Mom's Zucchini Bread""]"	['never', 'similar', 'similar', 'never', 'similar', 'similar', 'similar']	7	4	5	3	2	4	more	0,0,0,0,1,1,1	84,988142	1,929358335	12	3	0.12
90159	('Group1=', 1, ', Group2=', 3, ', Group3=', 2, 'ComparisonGroup=', 3)	2022-03-30 13:23:45.252538	2022-03-30 13:31:24.407242	459,154704	False	2	46-55	male	4--5	none	Low-ILS	"[[[[[[['', 'Roasted Brussels Sprouts'], 'Shrimp Scampi Bake'], 'Pico de Gallo Chicken Quesadillas'], 'Chocolate Covered Strawberries'], 'Roasted Garlic Cauliflower'], 'Sirloin Steak with Garlic Butter'], ""Mom's Zucchini Bread""]"	['similar', 'similar', 'never', 'never', 'similar', 'similar', 'never']	6	4	4	2	4	4	more	0,0,0,0,0,0,0	47,401068	1,675788127	12	4	0.12
30979	('Group1=', 1, ', Group2=', 3, ', Group3=', 2, 'ComparisonGroup=', 1)	2022-03-30 15:00:53.499025	2022-03-30 15:08:59.974355	486,47533	False	2	19-25	male	>5	none	Low-ILS	"[[[[[[['', 'Roasted Brussels Sprouts'], 'Shrimp Scampi Bake'], 'Pico de Gallo Chicken Quesadillas'], 'Chocolate Covered Strawberries'], 'Roasted Garlic Cauliflower'], 'Sirloin Steak with Garlic Butter'], ""Mom's Zucchini Bread""]"	['similar', 'never', 'never', 'similar', 'similar', 'never', 'never']	2	4	4	2	2	4	more	0,3,1,1,1,0,0	71,127559	1,852037905	12	4	0.12
38523	('Group1=', 2, ', Group2=', 3, ', Group3=', 1, 'ComparisonGroup=', 1)	2022-03-30 13:58:00.190251	2022-03-30 14:06:48.005013	527,814762	False	2	46-55	male	2--3	lactose	Low-ILS	"[[[[[[['', 'Roasted Brussels Sprouts'], 'Shrimp Scampi Bake'], 'Pico de Gallo Chicken Quesadillas'], 'Chocolate Covered Strawberries'], 'Roasted Garlic Cauliflower'], 'Sirloin Steak with Garlic Butter'], ""Mom's Zucchini Bread""]"	['similar', 'similar', 'similar', 'never', 'never', 'similar', 'prepared']	2	4	4	4	5	5	exactly	0,0,0,0,0,0,0	46,519186	1,667632107	10	2	0.12
87777	('Group1=', 1, ', Group2=', 3, ', Group3=', 2, 'ComparisonGroup=', 3)	2022-03-30 14:59:44.182440	2022-03-30 15:08:56.257593	552,075153	False	2	26-35	male	4--5	none	Low-ILS	"[[[[[[['', 'Roasted Brussels Sprouts'], 'Shrimp Scampi Bake'], 'Pico de Gallo Chicken Quesadillas'], 'Chocolate Covered Strawberries'], 'Roasted Garlic Cauliflower'], 'Sirloin Steak with Garlic Butter'], ""Mom's Zucchini Bread""]"	['similar', 'similar', 'similar', 'similar', 'similar', 'similar', 'similar']	5	4	4	4	3	4	more	0,0,0,0,0,0,0	81,523568	1,911283179	10	2	0.12
94382	('Group1=', 2, ', Group2=', 3, ', Group3=', 1, 'ComparisonGroup=', 1)	2022-03-30 13:39:25.780854	2022-03-30 13:48:49.385197	563,604343	False	2	26-35	female	4--5	vegetarian	Low-ILS	"[[[[[[['', 'Roasted Brussels Sprouts'], 'Shrimp Scampi Bake'], 'Pico de Gallo Chicken Quesadillas'], 'Chocolate Covered Strawberries'], 'Roasted Garlic Cauliflower'], 'Sirloin Steak with Garlic Butter'], ""Mom's Zucchini Bread""]"	['similar', 'never', 'never', 'never', 'never', 'never', 'never']	5	4	4	2	4	4	more	0,0,0,0,0,0,0	50,320639	1,701746147	12	4	0.12
69180	('Group1=', 3, ', Group2=', 1, ', Group3=', 2, 'ComparisonGroup=', 4)	2022-03-30 15:11:12.099294	2022-03-30 15:21:04.220682	592,121388	False	2	26-35	male	4--5	gluten	Low-ILS	"[[[[[[['', 'Roasted Brussels Sprouts'], 'Shrimp Scampi Bake'], 'Pico de Gallo Chicken Quesadillas'], 'Chocolate Covered Strawberries'], 'Roasted Garlic Cauliflower'], 'Sirloin Steak with Garlic Butter'], ""Mom's Zucchini Bread""]"	['similar', 'similar', 'prepared', 'prepared', 'never', 'prepared', 'prepared']	7	4	4	4	4	4	exactly	0,0,0,0,0,0,0	404,260027	2,606660801	10	2	0.12
64388	('Group1=', 1, ', Group2=', 2, ', Group3=', 3, 'ComparisonGroup=', 4)	2022-03-30 13:23:54.880974	2022-03-30 13:34:13.059234	618,17826	False	2	36-45	female	>5	none	Low-ILS	"[[[[[[['', 'Roasted Brussels Sprouts'], 'Shrimp Scampi Bake'], 'Pico de Gallo Chicken Quesadillas'], 'Chocolate Covered Strawberries'], 'Roasted Garlic Cauliflower'], 'Sirloin Steak with Garlic Butter'], ""Mom's Zucchini Bread""]"	['never', 'similar', 'similar', 'never', 'prepared', 'never', 'similar']	7	5	5	2	4	5	more	0,0,0,0,0,0,0	44,230317	1,645720052	14	4	0.12
86952	('Group1=', 1, ', Group2=', 3, ', Group3=', 2, 'ComparisonGroup=', 1)	2022-03-30 13:23:01.391910	2022-03-30 13:33:22.719151	621,327241	False	2	36-45	female	>5	none	Low-ILS	"[[[[[[['', 'Roasted Brussels Sprouts'], 'Shrimp Scampi Bake'], 'Pico de Gallo Chicken Quesadillas'], 'Chocolate Covered Strawberries'], 'Roasted Garlic Cauliflower'], 'Sirloin Steak with Garlic Butter'], ""Mom's Zucchini Bread""]"	['prepared', 'never', 'never', 'similar', 'never', 'never', 'never']	3	5	5	2	4	5	more	0,0,0,0,0,0,0	40,470171	1,607135039	14	4	0.12
85274	('Group1=', 1, ', Group2=', 2, ', Group3=', 3, 'ComparisonGroup=', 2)	2022-03-30 13:29:32.761263	2022-03-30 13:40:51.684200	678,922937	False	2	36-45	male	4--5	none	Low-ILS	"[[[[[[['', 'Roasted Brussels Sprouts'], 'Shrimp Scampi Bake'], 'Pico de Gallo Chicken Quesadillas'], 'Chocolate Covered Strawberries'], 'Roasted Garlic Cauliflower'], 'Sirloin Steak with Garlic Butter'], ""Mom's Zucchini Bread""]"	['never', 'prepared', 'similar', 'prepared', 'never', 'never', 'similar']	5	3	4	4	4	4	more	0,0,0,0,0,0,0	43,724432	1,640724177	9	2	0.12
87500	('Group1=', 1, ', Group2=', 2, ', Group3=', 3, 'ComparisonGroup=', 4)	2022-03-30 13:29:22.539464	2022-03-30 13:41:57.962664	755,4232	False	2	36-45	male	>5	none	Low-ILS	"[[[[[[['', 'Roasted Brussels Sprouts'], 'Shrimp Scampi Bake'], 'Pico de Gallo Chicken Quesadillas'], 'Chocolate Covered Strawberries'], 'Roasted Garlic Cauliflower'], 'Sirloin Steak with Garlic Butter'], ""Mom's Zucchini Bread""]"	['prepared', 'similar', 'similar', 'never', 'never', 'never', 'never']	2	4	3	2	3	4	more	0,0,0,0,0,0,0	76,450009	1,883377541	11	4	0.12
69664	('Group1=', 1, ', Group2=', 2, ', Group3=', 3, 'ComparisonGroup=', 4)	2022-03-30 13:37:21.226591	2022-03-30 13:51:10.574473	829,347882	False	2	56-65	female	4--5	vegetarian	Low-ILS	"[[[[[[['', 'Roasted Brussels Sprouts'], 'Shrimp Scampi Bake'], 'Pico de Gallo Chicken Quesadillas'], 'Chocolate Covered Strawberries'], 'Roasted Garlic Cauliflower'], 'Sirloin Steak with Garlic Butter'], ""Mom's Zucchini Bread""]"	['similar', 'prepared', 'never', 'similar', 'prepared', 'prepared', 'similar']	2	4	4	4	4	4	more	0,0,0,0,0,0,0	87,070406	1,93987057	10	2	0.12
25078	('Group1=', 3, ', Group2=', 2, ', Group3=', 1, 'ComparisonGroup=', 3)	2022-03-30 14:23:59.455873	2022-03-30 14:37:57.223718	837,767845	False	2	26-35	male	2--3	vegetarian	Low-ILS	"[[[[[[['', 'Roasted Brussels Sprouts'], 'Shrimp Scampi Bake'], 'Pico de Gallo Chicken Quesadillas'], 'Chocolate Covered Strawberries'], 'Roasted Garlic Cauliflower'], 'Sirloin Steak with Garlic Butter'], ""Mom's Zucchini Bread""]"	['never', 'similar', 'prepared', 'never', 'prepared', 'similar', 'prepared']	7	4	3	4	5	4	exactly	0,0,0,0,0,0,0	494,287502	2,69397963	9	2	0.12
69175	('Group1=', 1, ', Group2=', 2, ', Group3=', 3, 'ComparisonGroup=', 2)	2022-03-30 14:30:37.594596	2022-03-30 14:44:45.826918	848,232322	False	2	56-65	female	4--5	vegan	Low-ILS	"[[[[[[['', 'Roasted Brussels Sprouts'], 'Shrimp Scampi Bake'], 'Pico de Gallo Chicken Quesadillas'], 'Chocolate Covered Strawberries'], 'Roasted Garlic Cauliflower'], 'Sirloin Steak with Garlic Butter'], ""Mom's Zucchini Bread""]"	['never', 'similar', 'similar', 'never', 'similar', 'never', 'prepared']	7	5	4	5	4	5	exactly	0,0,0,0,0,0,0	25,587404	1,408026226	10	1	0.12
3319	('Group1=', 3, ', Group2=', 1, ', Group3=', 2, 'ComparisonGroup=', 3)	2022-03-30 15:27:00.971833	2022-03-30 15:41:19.143734	858,171901	False	2	>65	male	4--5	vegetarian	Low-ILS	"[[[[[[['', 'Roasted Brussels Sprouts'], 'Shrimp Scampi Bake'], 'Pico de Gallo Chicken Quesadillas'], 'Chocolate Covered Strawberries'], 'Roasted Garlic Cauliflower'], 'Sirloin Steak with Garlic Butter'], ""Mom's Zucchini Bread""]"	['never', 'similar', 'prepared', 'similar', 'similar', 'never', 'never']	4	4	3	5	4	3	more	0,0,0,0,0,0,0	211,299172	2,324897795	8	1	0.12
93507	('Group1=', 2, ', Group2=', 1, ', Group3=', 3, 'ComparisonGroup=', 4)	2022-03-30 14:30:39.842782	2022-03-30 14:45:13.247282	873,4045	False	2	46-55	male	4--5	none	Low-ILS	"[[[[[[['', 'Roasted Brussels Sprouts'], 'Shrimp Scampi Bake'], 'Pico de Gallo Chicken Quesadillas'], 'Chocolate Covered Strawberries'], 'Roasted Garlic Cauliflower'], 'Sirloin Steak with Garlic Butter'], ""Mom's Zucchini Bread""]"	['prepared', 'never', 'similar', 'prepared', 'similar', 'never', 'similar']	2	4	4	2	4	4	more	0,1,0,1,1,1,1	131,150361	2,11776949	12	4	0.12
29845	('Group1=', 1, ', Group2=', 3, ', Group3=', 2, 'ComparisonGroup=', 1)	2022-03-30 14:39:30.481815	2022-03-30 14:54:27.542390	897,060575	False	2	36-45	male	4--5	vegetarian	Low-ILS	"[[[[[[['', 'Roasted Brussels Sprouts'], 'Shrimp Scampi Bake'], 'Pico de Gallo Chicken Quesadillas'], 'Chocolate Covered Strawberries'], 'Roasted Garlic Cauliflower'], 'Sirloin Steak with Garlic Butter'], ""Mom's Zucchini Bread""]"	['similar', 'never', 'prepared', 'prepared', 'similar', 'never', 'never']	4	3	5	5	4	3	more	0,0,0,0,0,0,0	52,464029	1,719861639	9	1	0.12
93354	('Group1=', 1, ', Group2=', 3, ', Group3=', 2, 'ComparisonGroup=', 1)	2022-03-30 13:23:09.903666	2022-03-30 13:38:56.044576	946,14091	False	2	36-45	male	1	vegan	Low-ILS	"[[[[[[['', 'Roasted Brussels Sprouts'], 'Shrimp Scampi Bake'], 'Pico de Gallo Chicken Quesadillas'], 'Chocolate Covered Strawberries'], 'Roasted Garlic Cauliflower'], 'Sirloin Steak with Garlic Butter'], ""Mom's Zucchini Bread""]"	['never', 'never', 'similar', 'prepared', 'prepared', 'prepared', 'similar']	2	4	3	3	4	4	exactly	0,0,0,0,0,0,0	303,936156	2,482782366	10	3	0.12
86436	('Group1=', 1, ', Group2=', 3, ', Group3=', 2, 'ComparisonGroup=', 2)	2022-03-30 13:45:07.551346	2022-03-30 14:01:05.795182	958,243836	False	2	26-35	male	>5	none	Low-ILS	"[[[[[[['', 'Roasted Brussels Sprouts'], 'Shrimp Scampi Bake'], 'Pico de Gallo Chicken Quesadillas'], 'Chocolate Covered Strawberries'], 'Roasted Garlic Cauliflower'], 'Sirloin Steak with Garlic Butter'], ""Mom's Zucchini Bread""]"	['never', 'prepared', 'never', 'never', 'similar', 'similar', 'prepared']	7	4	5	5	4	5	more	0,0,0,0,0,0,0	43,14189	1,634899167	10	1	0.12
6117	('Group1=', 1, ', Group2=', 2, ', Group3=', 3, 'ComparisonGroup=', 4)	2022-03-30 13:50:49.344639	2022-03-30 14:06:51.468811	962,124172	False	2	46-55	male	2--3	none	Low-ILS	"[[[[[[['', 'Roasted Brussels Sprouts'], 'Shrimp Scampi Bake'], 'Pico de Gallo Chicken Quesadillas'], 'Chocolate Covered Strawberries'], 'Roasted Garlic Cauliflower'], 'Sirloin Steak with Garlic Butter'], ""Mom's Zucchini Bread""]"	['similar', 'never', 'never', 'never', 'similar', 'prepared', 'prepared']	6	4	5	5	3	4	none	0,0,0,0,0,0,0	99,677529	1,998597263	10	1	0.12
1517	('Group1=', 2, ', Group2=', 3, ', Group3=', 1, 'ComparisonGroup=', 2)	2022-03-30 14:44:33.721130	2022-03-30 15:01:13.934005	1000,212875	False	2	26-35	male	>5	none	Low-ILS	"[[[[[[['', 'Roasted Brussels Sprouts'], 'Shrimp Scampi Bake'], 'Pico de Gallo Chicken Quesadillas'], 'Chocolate Covered Strawberries'], 'Roasted Garlic Cauliflower'], 'Sirloin Steak with Garlic Butter'], ""Mom's Zucchini Bread""]"	['prepared', 'prepared', 'similar', 'prepared', 'prepared', 'prepared', 'never']	4	5	5	5	5	5	more	0,0,0,0,0,0,0	50,579863	1,703977649	11	1	0.12
42207	('Group1=', 3, ', Group2=', 1, ', Group3=', 2, 'ComparisonGroup=', 2)	2022-03-30 13:56:13.163612	2022-03-30 14:14:38.301828	1105,138216	False	2	36-45	male	4--5	vegan	Low-ILS	"[[[[[[['', 'Roasted Brussels Sprouts'], 'Shrimp Scampi Bake'], 'Pico de Gallo Chicken Quesadillas'], 'Chocolate Covered Strawberries'], 'Roasted Garlic Cauliflower'], 'Sirloin Steak with Garlic Butter'], ""Mom's Zucchini Bread""]"	['never', 'never', 'never', 'similar', 'prepared', 'never', 'prepared']	2	4	3	3	4	5	more	0,0,0,0,0,0,0	211,727682	2,325777643	10	3	0.12
91345	('Group1=', 3, ', Group2=', 1, ', Group3=', 2, 'ComparisonGroup=', 4)	2022-03-30 15:45:52.794348	2022-03-30 16:04:48.632508	1135,83816	False	2	26-35	male	>5	none	Low-ILS	"[[[[[[['', 'Roasted Brussels Sprouts'], 'Shrimp Scampi Bake'], 'Pico de Gallo Chicken Quesadillas'], 'Chocolate Covered Strawberries'], 'Roasted Garlic Cauliflower'], 'Sirloin Steak with Garlic Butter'], ""Mom's Zucchini Bread""]"	['never', 'never', 'similar', 'never', 'prepared', 'never', 'similar']	5	3	4	4	5	5	more	2,0,0,0,2,0,0	264,3094	2,422112609	9	2	0.12
18117	('Group1=', 3, ', Group2=', 1, ', Group3=', 2, 'ComparisonGroup=', 4)	2022-03-30 13:24:25.227708	2022-03-30 13:43:40.694131	1155,466423	False	2	26-35	male	<1	vegetarian	Low-ILS	"[[[[[[['', 'Roasted Brussels Sprouts'], 'Shrimp Scampi Bake'], 'Pico de Gallo Chicken Quesadillas'], 'Chocolate Covered Strawberries'], 'Roasted Garlic Cauliflower'], 'Sirloin Steak with Garlic Butter'], ""Mom's Zucchini Bread""]"	['never', 'never', 'never', 'never', 'similar', 'never', 'similar']	1	4	4	2	2	4	more	0,0,0,0,0,0,0	605,563385	2,782159608	12	4	0.12
16155	('Group1=', 2, ', Group2=', 3, ', Group3=', 1, 'ComparisonGroup=', 1)	2022-03-30 14:41:44.742079	2022-03-30 15:01:15.247218	1170,505139	False	2	46-55	male	2--3	vegan	Low-ILS	"[[[[[[['', 'Roasted Brussels Sprouts'], 'Shrimp Scampi Bake'], 'Pico de Gallo Chicken Quesadillas'], 'Chocolate Covered Strawberries'], 'Roasted Garlic Cauliflower'], 'Sirloin Steak with Garlic Butter'], ""Mom's Zucchini Bread""]"	['never', 'similar', 'never', 'similar', 'prepared', 'never', 'similar']	5	4	4	5	3	4	exactly	0,0,0,0,0,0,0	42,259094	1,625920182	9	1	0.12
10533	('Group1=', 1, ', Group2=', 2, ', Group3=', 3, 'ComparisonGroup=', 4)	2022-03-30 13:33:48.722734	2022-03-30 13:53:22.278689	1173,555955	True	2	26-35	female	>5	none	Low-ILS	"[[[[[[['', 'Roasted Brussels Sprouts'], 'Shrimp Scampi Bake'], 'Pico de Gallo Chicken Quesadillas'], 'Chocolate Covered Strawberries'], 'Roasted Garlic Cauliflower'], 'Sirloin Steak with Garlic Butter'], ""Mom's Zucchini Bread""]"	['never', 'never', 'never', 'never', 'never', 'never', 'similar']	7	4	4	5	4	4	more	0,0,0,0,0,0,1	52,845251	1,723005965	9	1	0.12
57812	('Group1=', 2, ', Group2=', 1, ', Group3=', 3, 'ComparisonGroup=', 1)	2022-03-30 13:24:25.802413	2022-03-30 13:44:27.602392	1201,799979	False	2	36-45	male	4--5	none	Low-ILS	"[[[[[[['', 'Roasted Brussels Sprouts'], 'Shrimp Scampi Bake'], 'Pico de Gallo Chicken Quesadillas'], 'Chocolate Covered Strawberries'], 'Roasted Garlic Cauliflower'], 'Sirloin Steak with Garlic Butter'], ""Mom's Zucchini Bread""]"	['similar', 'similar', 'prepared', 'prepared', 'prepared', 'never', 'never']	4	4	3	4	5	5	more	0,0,0,0,0,0,0	138,190698	2,14047881	9	2	0.12
58329	('Group1=', 3, ', Group2=', 1, ', Group3=', 2, 'ComparisonGroup=', 1)	2022-03-30 15:58:12.073609	2022-03-30 16:18:32.592131	1220,518522	False	2	19-25	female	>5	vegetarian	Low-ILS	"[[[[[[['', 'Roasted Brussels Sprouts'], 'Shrimp Scampi Bake'], 'Pico de Gallo Chicken Quesadillas'], 'Chocolate Covered Strawberries'], 'Roasted Garlic Cauliflower'], 'Sirloin Steak with Garlic Butter'], ""Mom's Zucchini Bread""]"	['never', 'similar', 'similar', 'never', 'prepared', 'never', 'never']	4	4	5	4	4	5	exactly	0,0,0,0,0,0,0	528,479789	2,723028383	11	2	0.12
16523	('Group1=', 1, ', Group2=', 2, ', Group3=', 3, 'ComparisonGroup=', 3)	2022-03-30 13:29:58.423167	2022-03-30 13:51:01.913218	1263,490051	False	2	36-45	male	2--3	lactose	Low-ILS	"[[[[[[['', 'Roasted Brussels Sprouts'], 'Shrimp Scampi Bake'], 'Pico de Gallo Chicken Quesadillas'], 'Chocolate Covered Strawberries'], 'Roasted Garlic Cauliflower'], 'Sirloin Steak with Garlic Butter'], ""Mom's Zucchini Bread""]"	['never', 'never', 'never', 'similar', 'never', 'never', 'prepared']	7	4	5	5	4	4	more	0,0,0,0,0,0,0	57,230131	1,75762474	10	1	0.12
84563	('Group1=', 3, ', Group2=', 1, ', Group3=', 2, 'ComparisonGroup=', 3)	2022-03-30 13:33:23.368459	2022-03-30 13:54:50.895770	1287,527311	False	2	36-45	male	4--5	none	Low-ILS	"[[[[[[['', 'Roasted Brussels Sprouts'], 'Shrimp Scampi Bake'], 'Pico de Gallo Chicken Quesadillas'], 'Chocolate Covered Strawberries'], 'Roasted Garlic Cauliflower'], 'Sirloin Steak with Garlic Butter'], ""Mom's Zucchini Bread""]"	['never', 'prepared', 'prepared', 'prepared', 'never', 'prepared', 'never']	2	5	5	1	4	5	more	0,0,0,0,0,0,0	857,353091	2,933159718	15	5	0.12
48855	('Group1=', 2, ', Group2=', 1, ', Group3=', 3, 'ComparisonGroup=', 3)	2022-03-30 13:23:04.210647	2022-03-30 13:44:50.317930	1306,107283	False	2	26-35	female	4--5	none	Low-ILS	"[[[[[[['', 'Roasted Brussels Sprouts'], 'Shrimp Scampi Bake'], 'Pico de Gallo Chicken Quesadillas'], 'Chocolate Covered Strawberries'], 'Roasted Garlic Cauliflower'], 'Sirloin Steak with Garlic Butter'], ""Mom's Zucchini Bread""]"	['never', 'similar', 'prepared', 'prepared', 'similar', 'prepared', 'never']	7	4	4	2	5	4	more	0,0,0,0,0,0,0	30,97023	1,490944431	12	4	0.12
19290	('Group1=', 1, ', Group2=', 2, ', Group3=', 3, 'ComparisonGroup=', 2)	2022-03-30 13:38:20.965855	2022-03-30 14:01:23.738670	1382,772815	False	2	26-35	female	2--3	none	Low-ILS	"[[[[[[['', 'Roasted Brussels Sprouts'], 'Shrimp Scampi Bake'], 'Pico de Gallo Chicken Quesadillas'], 'Chocolate Covered Strawberries'], 'Roasted Garlic Cauliflower'], 'Sirloin Steak with Garlic Butter'], ""Mom's Zucchini Bread""]"	['never', 'similar', 'similar', 'similar', 'never', 'never', 'never']	6	4	2	2	3	4	more	0,0,0,0,0,0,0	87,310448	1,941066217	10	4	0.12
22126	('Group1=', 1, ', Group2=', 2, ', Group3=', 3, 'ComparisonGroup=', 1)	2022-03-30 13:27:04.056285	2022-03-30 13:54:11.257783	1627,201498	False	2	26-35	male	4--5	vegetarian	Low-ILS	"[[[[[[['', 'Roasted Brussels Sprouts'], 'Shrimp Scampi Bake'], 'Pico de Gallo Chicken Quesadillas'], 'Chocolate Covered Strawberries'], 'Roasted Garlic Cauliflower'], 'Sirloin Steak with Garlic Butter'], ""Mom's Zucchini Bread""]"	['prepared', 'prepared', 'prepared', 'prepared', 'prepared', 'prepared', 'prepared']	2	4	4	4	4	4	exactly	0,0,0,0,0,0,0	34,242802	1,534569295	10	2	0.12
31114	('Group1=', 1, ', Group2=', 2, ', Group3=', 3, 'ComparisonGroup=', 3)	2022-03-30 13:23:21.571761	2022-03-30 13:50:47.080536	1645,508775	False	2	19-25	male	>5	vegetarian	Low-ILS	"[[[[[[['', 'Roasted Brussels Sprouts'], 'Shrimp Scampi Bake'], 'Pico de Gallo Chicken Quesadillas'], 'Chocolate Covered Strawberries'], 'Roasted Garlic Cauliflower'], 'Sirloin Steak with Garlic Butter'], ""Mom's Zucchini Bread""]"	['never', 'similar', 'similar', 'similar', 'similar', 'prepared', 'never']	5	3	4	5	4	3	none	0,0,0,0,0,0,0	34,995658	1,544014164	8	1	0.12
31024	('Group1=', 2, ', Group2=', 1, ', Group3=', 3, 'ComparisonGroup=', 4)	2022-03-30 13:34:30.649612	2022-03-30 14:04:27.491321	1796,841709	False	2	46-55	male	4--5	gluten	Low-ILS	"[[[[[[['', 'Roasted Brussels Sprouts'], 'Shrimp Scampi Bake'], 'Pico de Gallo Chicken Quesadillas'], 'Chocolate Covered Strawberries'], 'Roasted Garlic Cauliflower'], 'Sirloin Steak with Garlic Butter'], ""Mom's Zucchini Bread""]"	['never', 'never', 'never', 'never', 'similar', 'never', 'similar']	7	4	3	4	4	3	more	0,0,0,0,0,0,0	64,201286	1,807543727	9	2	0.12
89661	('Group1=', 1, ', Group2=', 3, ', Group3=', 2, 'ComparisonGroup=', 1)	2022-03-30 13:41:54.376028	2022-03-30 14:16:43.291291	2088,915263	False	2	46-55	male	1	none	Low-ILS	"[[[[[[['', 'Roasted Brussels Sprouts'], 'Shrimp Scampi Bake'], 'Pico de Gallo Chicken Quesadillas'], 'Chocolate Covered Strawberries'], 'Roasted Garlic Cauliflower'], 'Sirloin Steak with Garlic Butter'], ""Mom's Zucchini Bread""]"	['similar', 'never', 'never', 'prepared', 'never', 'similar', 'prepared']	7	4	5	3	4	4	exactly	0,0,0,0,0,0,0	32,921559	1,517480393	12	3	0.12
26342	('Group1=', 2, ', Group2=', 3, ', Group3=', 1, 'ComparisonGroup=', 2)	2022-03-30 13:38:16.934178	2022-03-30 14:15:22.779081	2225,844903	False	2	46-55	male	>5	none	Low-ILS	"[[[[[[['', 'Roasted Brussels Sprouts'], 'Shrimp Scampi Bake'], 'Pico de Gallo Chicken Quesadillas'], 'Chocolate Covered Strawberries'], 'Roasted Garlic Cauliflower'], 'Sirloin Steak with Garlic Butter'], ""Mom's Zucchini Bread""]"	['prepared', 'never', 'never', 'prepared', 'similar', 'never', 'prepared']	5	3	4	5	4	5	exactly	0,0,0,0,0,0,0	59,010979	1,77093282	8	1	0.12
4072	('Group1=', 3, ', Group2=', 2, ', Group3=', 1, 'ComparisonGroup=', 1)	2022-03-30 14:26:52.371148	2022-03-30 14:29:33.711893	161,340745	False	2	26-35	female	4--5	vegan	Mid-ILS	"[[[[[[['', 'Roasted Brussels Sprouts'], 'Mushrooms with a Soy Sauce Glaze'], 'Meatball Nirvana'], 'Donut Muffins'], ""Janet's Rich Banana Bread""], 'Pico de Gallo Chicken Quesadillas'], 'Chicken Pot Pie']"	['similar', 'never', 'prepared', 'similar', 'similar', 'similar', 'similar']	6	3	4	4	4	5	exactly	0,0,0,0,0,0,0	17,528882	1,243754217	9	2	0.22
6704	('Group1=', 3, ', Group2=', 1, ', Group3=', 2, 'ComparisonGroup=', 4)	2022-03-30 13:44:09.859215	2022-03-30 13:47:23.810125	193,95091	False	2	26-35	female	4--5	vegetarian	Mid-ILS	"[[[[[[['', 'Roasted Brussels Sprouts'], 'Mushrooms with a Soy Sauce Glaze'], 'Meatball Nirvana'], 'Donut Muffins'], ""Janet's Rich Banana Bread""], 'Pico de Gallo Chicken Quesadillas'], 'Chicken Pot Pie']"	['similar', 'similar', 'similar', 'similar', 'similar', 'similar', 'never']	5	3	4	5	4	5	none	0,0,0,0,0,0,0	19,124903	1,281599241	8	1	0.22
72143	('Group1=', 2, ', Group2=', 3, ', Group3=', 1, 'ComparisonGroup=', 1)	2022-03-30 13:52:31.194086	2022-03-30 13:55:47.032085	195,837999	False	2	36-45	female	4--5	none	Mid-ILS	"[[[[[[['', 'Roasted Brussels Sprouts'], 'Mushrooms with a Soy Sauce Glaze'], 'Meatball Nirvana'], 'Donut Muffins'], ""Janet's Rich Banana Bread""], 'Pico de Gallo Chicken Quesadillas'], 'Chicken Pot Pie']"	['similar', 'never', 'similar', 'never', 'prepared', 'prepared', 'prepared']	3	5	5	2	4	5	more	0,0,0,0,0,0,0	50,453244	1,702889095	14	4	0.22
77986	('Group1=', 1, ', Group2=', 3, ', Group3=', 2, 'ComparisonGroup=', 4)	2022-03-30 14:30:46.059844	2022-03-30 14:34:29.611473	223,551629	False	2	46-55	female	4--5	vegan	Mid-ILS	"[[[[[[['', 'Roasted Brussels Sprouts'], 'Mushrooms with a Soy Sauce Glaze'], 'Meatball Nirvana'], 'Donut Muffins'], ""Janet's Rich Banana Bread""], 'Pico de Gallo Chicken Quesadillas'], 'Chicken Pot Pie']"	['prepared', 'never', 'similar', 'similar', 'prepared', 'never', 'never']	6	3	4	4	5	5	exactly	0,0,0,0,0,0,0	32,069989	1,506098811	9	2	0.22
95535	('Group1=', 1, ', Group2=', 2, ', Group3=', 3, 'ComparisonGroup=', 2)	2022-03-30 14:44:22.425153	2022-03-30 14:48:18.574581	236,149428	False	2	26-35	female	>5	none	Mid-ILS	"[[[[[[['', 'Roasted Brussels Sprouts'], 'Mushrooms with a Soy Sauce Glaze'], 'Meatball Nirvana'], 'Donut Muffins'], ""Janet's Rich Banana Bread""], 'Pico de Gallo Chicken Quesadillas'], 'Chicken Pot Pie']"	['similar', 'similar', 'prepared', 'similar', 'similar', 'prepared', 'similar']	1	4	4	3	3	3	exactly	0,0,0,0,0,0,0	29,641758	1,471903957	11	3	0.22
95535	('Group1=', 1, ', Group2=', 2, ', Group3=', 3, 'ComparisonGroup=', 2)	2022-03-30 14:44:22.425153	2022-03-30 14:48:21.311586	238,886433	False	2	26-35	female	>5	none	Mid-ILS	"[[[[[[['', 'Roasted Brussels Sprouts'], 'Mushrooms with a Soy Sauce Glaze'], 'Meatball Nirvana'], 'Donut Muffins'], ""Janet's Rich Banana Bread""], 'Pico de Gallo Chicken Quesadillas'], 'Chicken Pot Pie']"	['similar', 'similar', 'prepared', 'similar', 'similar', 'prepared', 'similar']	1	4	4	3	3	3	exactly	0,0,0,0,0,0,0	29,641758	1,471903957	11	3	0.22
91566	('Group1=', 2, ', Group2=', 1, ', Group3=', 3, 'ComparisonGroup=', 1)	2022-03-30 15:06:27.661979	2022-03-30 15:10:33.869392	246,207413	False	2	46-55	female	1	religious	Mid-ILS	"[[[[[[['', 'Roasted Brussels Sprouts'], 'Mushrooms with a Soy Sauce Glaze'], 'Meatball Nirvana'], 'Donut Muffins'], ""Janet's Rich Banana Bread""], 'Pico de Gallo Chicken Quesadillas'], 'Chicken Pot Pie']"	['never', 'never', 'prepared', 'prepared', 'never', 'never', 'never']	4	4	4	4	4	4	exactly	0,0,0,0,0,0,0	42,514173	1,628533735	10	2	0.22
87957	('Group1=', 1, ', Group2=', 2, ', Group3=', 3, 'ComparisonGroup=', 2)	2022-03-30 14:34:11.881604	2022-03-30 14:38:36.698377	264,816773	False	2	36-45	male	>5	none	Mid-ILS	"[[[[[[['', 'Roasted Brussels Sprouts'], 'Mushrooms with a Soy Sauce Glaze'], 'Meatball Nirvana'], 'Donut Muffins'], ""Janet's Rich Banana Bread""], 'Pico de Gallo Chicken Quesadillas'], 'Chicken Pot Pie']"	['prepared', 'never', 'similar', 'never', 'similar', 'similar', 'prepared']	2	5	5	2	3	4	more	0,0,0,0,0,0,0	34,262349	1,534817135	14	4	0.22
71447	('Group1=', 3, ', Group2=', 1, ', Group3=', 2, 'ComparisonGroup=', 3)	2022-03-30 13:54:06.245071	2022-03-30 13:58:45.456024	279,210953	False	2	36-45	female	2--3	none	Mid-ILS	"[[[[[[['', 'Roasted Brussels Sprouts'], 'Mushrooms with a Soy Sauce Glaze'], 'Meatball Nirvana'], 'Donut Muffins'], ""Janet's Rich Banana Bread""], 'Pico de Gallo Chicken Quesadillas'], 'Chicken Pot Pie']"	['similar', 'prepared', 'prepared', 'never', 'prepared', 'similar', 'never']	2	4	3	4	3	4	more	0,0,0,0,0,0,0	45,68665	1,659789314	9	2	0.22
3254	('Group1=', 1, ', Group2=', 2, ', Group3=', 3, 'ComparisonGroup=', 3)	2022-03-30 14:14:36.695070	2022-03-30 14:19:16.230039	279,534969	False	2	26-35	female	4--5	vegetarian	Mid-ILS	"[[[[[[['', 'Roasted Brussels Sprouts'], 'Mushrooms with a Soy Sauce Glaze'], 'Meatball Nirvana'], 'Donut Muffins'], ""Janet's Rich Banana Bread""], 'Pico de Gallo Chicken Quesadillas'], 'Chicken Pot Pie']"	['never', 'similar', 'never', 'similar', 'similar', 'never', 'similar']	4	3	4	5	4	5	more	0,0,0,0,0,0,0	24,236789	1,384475082	8	1	0.22
40578	('Group1=', 3, ', Group2=', 2, ', Group3=', 1, 'ComparisonGroup=', 3)	2022-03-30 13:35:23.612869	2022-03-30 13:40:06.388584	282,775715	False	2	46-55	male	4--5	none	Mid-ILS	"[[[[[[['', 'Roasted Brussels Sprouts'], 'Mushrooms with a Soy Sauce Glaze'], 'Meatball Nirvana'], 'Donut Muffins'], ""Janet's Rich Banana Bread""], 'Pico de Gallo Chicken Quesadillas'], 'Chicken Pot Pie']"	['never', 'never', 'never', 'never', 'never', 'never', 'similar']	7	4	4	4	3	3	exactly	0,0,0,0,0,0,0	44,812148	1,651395762	10	2	0.22
25861	('Group1=', 3, ', Group2=', 2, ', Group3=', 1, 'ComparisonGroup=', 4)	2022-03-30 13:27:07.961750	2022-03-30 13:32:12.788574	304,826824	False	2	26-35	male	2--3	none	Mid-ILS	"[[[[[[['', 'Roasted Brussels Sprouts'], 'Mushrooms with a Soy Sauce Glaze'], 'Meatball Nirvana'], 'Donut Muffins'], ""Janet's Rich Banana Bread""], 'Pico de Gallo Chicken Quesadillas'], 'Chicken Pot Pie']"	['never', 'never', 'never', 'never', 'never', 'never', 'never']	3	5	4	1	3	4	exactly	0,0,0,0,0,0,0	29,928923	1,476091089	14	5	0.22
80649	('Group1=', 3, ', Group2=', 1, ', Group3=', 2, 'ComparisonGroup=', 4)	2022-03-30 14:41:50.149278	2022-03-30 14:47:08.852870	318,703592	False	2	26-35	male	2--3	none	Mid-ILS	"[[[[[[['', 'Roasted Brussels Sprouts'], 'Mushrooms with a Soy Sauce Glaze'], 'Meatball Nirvana'], 'Donut Muffins'], ""Janet's Rich Banana Bread""], 'Pico de Gallo Chicken Quesadillas'], 'Chicken Pot Pie']"	['prepared', 'never', 'similar', 'similar', 'prepared', 'never', 'prepared']	2	5	5	2	2	3	more	0,0,0,0,0,0,0	42,084175	1,624118818	14	4	0.22
51446	('Group1=', 1, ', Group2=', 3, ', Group3=', 2, 'ComparisonGroup=', 1)	2022-03-30 13:23:33.028834	2022-03-30 13:29:06.204397	333,175563	False	2	36-45	male	2--3	none	Mid-ILS	"[[[[[[['', 'Roasted Brussels Sprouts'], 'Mushrooms with a Soy Sauce Glaze'], 'Meatball Nirvana'], 'Donut Muffins'], ""Janet's Rich Banana Bread""], 'Pico de Gallo Chicken Quesadillas'], 'Chicken Pot Pie']"	['prepared', 'similar', 'similar', 'never', 'prepared', 'prepared', 'prepared']	7	4	4	2	5	5	more	0,0,0,0,0,0,0	34,959973	1,543571089	12	4	0.22
68034	('Group1=', 1, ', Group2=', 3, ', Group3=', 2, 'ComparisonGroup=', 4)	2022-03-30 15:29:30.498587	2022-03-30 15:35:07.605422	337,106835	False	2	26-35	female	2--3	none	Mid-ILS	"[[[[[[['', 'Roasted Brussels Sprouts'], 'Mushrooms with a Soy Sauce Glaze'], 'Meatball Nirvana'], 'Donut Muffins'], ""Janet's Rich Banana Bread""], 'Pico de Gallo Chicken Quesadillas'], 'Chicken Pot Pie']"	['similar', 'never', 'prepared', 'never', 'prepared', 'similar', 'similar']	5	5	5	1	4	5	more	0,0,0,0,0,0,0	39,770722	1,599563475	15	5	0.22
2820	('Group1=', 3, ', Group2=', 2, ', Group3=', 1, 'ComparisonGroup=', 3)	2022-03-30 14:55:17.753252	2022-03-30 15:00:58.485323	340,732071	False	2	26-35	male	2--3	vegetarian	Mid-ILS	"[[[[[[['', 'Roasted Brussels Sprouts'], 'Mushrooms with a Soy Sauce Glaze'], 'Meatball Nirvana'], 'Donut Muffins'], ""Janet's Rich Banana Bread""], 'Pico de Gallo Chicken Quesadillas'], 'Chicken Pot Pie']"	['similar', 'never', 'prepared', 'prepared', 'never', 'prepared', 'prepared']	4	5	3	3	4	5	exactly	0,0,0,0,0,0,0	29,590937	1,471158717	11	3	0.22
71302	('Group1=', 1, ', Group2=', 2, ', Group3=', 3, 'ComparisonGroup=', 2)	2022-03-30 14:02:44.581144	2022-03-30 14:08:29.240799	344,659655	False	2	26-35	male	4--5	vegetarian	Mid-ILS	"[[[[[[['', 'Roasted Brussels Sprouts'], 'Mushrooms with a Soy Sauce Glaze'], 'Meatball Nirvana'], 'Donut Muffins'], ""Janet's Rich Banana Bread""], 'Pico de Gallo Chicken Quesadillas'], 'Chicken Pot Pie']"	['similar', 'similar', 'prepared', 'never', 'similar', 'never', 'similar']	2	4	4	2	4	3	more	0,0,0,0,0,0,0	44,287376	1,646279949	12	4	0.22
60844	('Group1=', 3, ', Group2=', 2, ', Group3=', 1, 'ComparisonGroup=', 2)	2022-03-30 15:09:59.668033	2022-03-30 15:15:49.311220	349,643187	False	2	36-45	female	2--3	vegetarian	Mid-ILS	"[[[[[[['', 'Roasted Brussels Sprouts'], 'Mushrooms with a Soy Sauce Glaze'], 'Meatball Nirvana'], 'Donut Muffins'], ""Janet's Rich Banana Bread""], 'Pico de Gallo Chicken Quesadillas'], 'Chicken Pot Pie']"	['never', 'similar', 'similar', 'prepared', 'prepared', 'similar', 'similar']	4	3	4	2	3	4	more	0,0,0,0,0,0,0	37,471408	1,573700012	11	4	0.22
97818	('Group1=', 3, ', Group2=', 2, ', Group3=', 1, 'ComparisonGroup=', 3)	2022-03-30 13:46:13.965696	2022-03-30 13:52:05.779521	351,813825	False	2	36-45	male	>5	none	Mid-ILS	"[[[[[[['', 'Roasted Brussels Sprouts'], 'Mushrooms with a Soy Sauce Glaze'], 'Meatball Nirvana'], 'Donut Muffins'], ""Janet's Rich Banana Bread""], 'Pico de Gallo Chicken Quesadillas'], 'Chicken Pot Pie']"	['prepared', 'prepared', 'prepared', 'similar', 'never', 'prepared', 'prepared']	2	3	2	2	4	4	more	0,0,0,0,0,0,0	46,63477	1,668709839	9	4	0.22
26118	('Group1=', 1, ', Group2=', 2, ', Group3=', 3, 'ComparisonGroup=', 4)	2022-03-30 13:32:10.429654	2022-03-30 13:38:10.305157	359,875503	False	2	46-55	male	4--5	none	Mid-ILS	"[[[[[[['', 'Roasted Brussels Sprouts'], 'Mushrooms with a Soy Sauce Glaze'], 'Meatball Nirvana'], 'Donut Muffins'], ""Janet's Rich Banana Bread""], 'Pico de Gallo Chicken Quesadillas'], 'Chicken Pot Pie']"	['prepared', 'prepared', 'similar', 'never', 'similar', 'similar', 'prepared']	6	4	5	1	2	4	more	0,0,0,0,0,0,0	49,88876	1,69800271	14	5	0.22
70891	('Group1=', 3, ', Group2=', 1, ', Group3=', 2, 'ComparisonGroup=', 1)	2022-03-30 14:30:43.783389	2022-03-30 14:37:23.791912	400,008523	False	2	36-45	male	4--5	none	Mid-ILS	"[[[[[[['', 'Roasted Brussels Sprouts'], 'Mushrooms with a Soy Sauce Glaze'], 'Meatball Nirvana'], 'Donut Muffins'], ""Janet's Rich Banana Bread""], 'Pico de Gallo Chicken Quesadillas'], 'Chicken Pot Pie']"	['prepared', 'similar', 'similar', 'similar', 'prepared', 'never', 'never']	3	5	5	2	3	3	more	0,0,0,0,0,0,0	57,44462	1,759249361	14	4	0.22
70152	('Group1=', 3, ', Group2=', 2, ', Group3=', 1, 'ComparisonGroup=', 1)	2022-03-30 15:33:32.054306	2022-03-30 15:40:24.712941	412,658635	False	2	36-45	male	1	gluten	Mid-ILS	"[[[[[[['', 'Roasted Brussels Sprouts'], 'Mushrooms with a Soy Sauce Glaze'], 'Meatball Nirvana'], 'Donut Muffins'], ""Janet's Rich Banana Bread""], 'Pico de Gallo Chicken Quesadillas'], 'Chicken Pot Pie']"	['never', 'prepared', 'never', 'prepared', 'prepared', 'similar', 'prepared']	7	4	4	4	4	3	exactly	0,0,0,0,0,0,0	24,303021	1,385660262	10	2	0.22
19981	('Group1=', 1, ', Group2=', 3, ', Group3=', 2, 'ComparisonGroup=', 3)	2022-03-30 13:42:00.138284	2022-03-30 13:49:18.785581	438,647297	False	2	56-65	female	4--5	none	Mid-ILS	"[[[[[[['', 'Roasted Brussels Sprouts'], 'Mushrooms with a Soy Sauce Glaze'], 'Meatball Nirvana'], 'Donut Muffins'], ""Janet's Rich Banana Bread""], 'Pico de Gallo Chicken Quesadillas'], 'Chicken Pot Pie']"	['never', 'never', 'similar', 'never', 'similar', 'similar', 'never']	7	4	4	2	2	4	more	0,0,0,0,0,0,1	60,989127	1,785252417	12	4	0.22
90159	('Group1=', 1, ', Group2=', 3, ', Group3=', 2, 'ComparisonGroup=', 3)	2022-03-30 13:23:45.252538	2022-03-30 13:31:24.407242	459,154704	False	2	46-55	male	4--5	none	Mid-ILS	"[[[[[[['', 'Roasted Brussels Sprouts'], 'Mushrooms with a Soy Sauce Glaze'], 'Meatball Nirvana'], 'Donut Muffins'], ""Janet's Rich Banana Bread""], 'Pico de Gallo Chicken Quesadillas'], 'Chicken Pot Pie']"	['similar', 'never', 'similar', 'never', 'never', 'never', 'never']	2	4	4	2	2	3	none	0,0,0,0,0,0,0	61,237359	1,787016452	12	4	0.22
30979	('Group1=', 1, ', Group2=', 3, ', Group3=', 2, 'ComparisonGroup=', 1)	2022-03-30 15:00:53.499025	2022-03-30 15:08:59.974355	486,47533	False	2	19-25	male	>5	none	Mid-ILS	"[[[[[[['', 'Roasted Brussels Sprouts'], 'Mushrooms with a Soy Sauce Glaze'], 'Meatball Nirvana'], 'Donut Muffins'], ""Janet's Rich Banana Bread""], 'Pico de Gallo Chicken Quesadillas'], 'Chicken Pot Pie']"	['similar', 'similar', 'never', 'never', 'never', 'never', 'never']	3	4	4	2	3	4	more	0,0,2,0,0,0,1	58,045701	1,76377006	12	4	0.22
38523	('Group1=', 2, ', Group2=', 3, ', Group3=', 1, 'ComparisonGroup=', 1)	2022-03-30 13:58:00.190251	2022-03-30 14:06:48.005013	527,814762	False	2	46-55	male	2--3	lactose	Mid-ILS	"[[[[[[['', 'Roasted Brussels Sprouts'], 'Mushrooms with a Soy Sauce Glaze'], 'Meatball Nirvana'], 'Donut Muffins'], ""Janet's Rich Banana Bread""], 'Pico de Gallo Chicken Quesadillas'], 'Chicken Pot Pie']"	['similar', 'similar', 'never', 'never', 'similar', 'never', 'prepared']	7	4	4	5	5	4	exactly	0,0,0,0,0,0,0	100,266468	2,001155717	9	1	0.22
87777	('Group1=', 1, ', Group2=', 3, ', Group3=', 2, 'ComparisonGroup=', 3)	2022-03-30 14:59:44.182440	2022-03-30 15:08:56.257593	552,075153	False	2	26-35	male	4--5	none	Mid-ILS	"[[[[[[['', 'Roasted Brussels Sprouts'], 'Mushrooms with a Soy Sauce Glaze'], 'Meatball Nirvana'], 'Donut Muffins'], ""Janet's Rich Banana Bread""], 'Pico de Gallo Chicken Quesadillas'], 'Chicken Pot Pie']"	['similar', 'similar', 'similar', 'never', 'similar', 'similar', 'prepared']	7	4	4	4	3	3	more	0,0,0,0,0,0,0	58,787777	1,769287038	10	2	0.22
94382	('Group1=', 2, ', Group2=', 3, ', Group3=', 1, 'ComparisonGroup=', 1)	2022-03-30 13:39:25.780854	2022-03-30 13:48:49.385197	563,604343	False	2	26-35	female	4--5	vegetarian	Mid-ILS	"[[[[[[['', 'Roasted Brussels Sprouts'], 'Mushrooms with a Soy Sauce Glaze'], 'Meatball Nirvana'], 'Donut Muffins'], ""Janet's Rich Banana Bread""], 'Pico de Gallo Chicken Quesadillas'], 'Chicken Pot Pie']"	['similar', 'never', 'never', 'never', 'never', 'never', 'never']	2	4	4	2	4	4	more	2,1,1,1,1,1,1	265,40705	2,423912455	12	4	0.22
69180	('Group1=', 3, ', Group2=', 1, ', Group3=', 2, 'ComparisonGroup=', 4)	2022-03-30 15:11:12.099294	2022-03-30 15:21:04.220682	592,121388	False	2	26-35	male	4--5	gluten	Mid-ILS	"[[[[[[['', 'Roasted Brussels Sprouts'], 'Mushrooms with a Soy Sauce Glaze'], 'Meatball Nirvana'], 'Donut Muffins'], ""Janet's Rich Banana Bread""], 'Pico de Gallo Chicken Quesadillas'], 'Chicken Pot Pie']"	['similar', 'similar', 'similar', 'never', 'never', 'prepared', 'prepared']	6	4	4	4	4	4	more	0,0,0,0,0,0,0	22,755475	1,357085905	10	2	0.22
64388	('Group1=', 1, ', Group2=', 2, ', Group3=', 3, 'ComparisonGroup=', 4)	2022-03-30 13:23:54.880974	2022-03-30 13:34:13.059234	618,17826	False	2	36-45	female	>5	none	Mid-ILS	"[[[[[[['', 'Roasted Brussels Sprouts'], 'Mushrooms with a Soy Sauce Glaze'], 'Meatball Nirvana'], 'Donut Muffins'], ""Janet's Rich Banana Bread""], 'Pico de Gallo Chicken Quesadillas'], 'Chicken Pot Pie']"	['never', 'never', 'never', 'never', 'similar', 'similar', 'prepared']	7	4	4	4	5	5	exactly	0,0,0,0,0,0,0	88,781535	1,94832265	10	2	0.22
86952	('Group1=', 1, ', Group2=', 3, ', Group3=', 2, 'ComparisonGroup=', 1)	2022-03-30 13:23:01.391910	2022-03-30 13:33:22.719151	621,327241	False	2	36-45	female	>5	none	Mid-ILS	"[[[[[[['', 'Roasted Brussels Sprouts'], 'Mushrooms with a Soy Sauce Glaze'], 'Meatball Nirvana'], 'Donut Muffins'], ""Janet's Rich Banana Bread""], 'Pico de Gallo Chicken Quesadillas'], 'Chicken Pot Pie']"	['prepared', 'never', 'never', 'never', 'never', 'never', 'similar']	7	5	5	1	4	5	more	0,0,0,0,0,0,0	27,784503	1,443802633	15	5	0.22
85274	('Group1=', 1, ', Group2=', 2, ', Group3=', 3, 'ComparisonGroup=', 2)	2022-03-30 13:29:32.761263	2022-03-30 13:40:51.684200	678,922937	False	2	36-45	male	4--5	none	Mid-ILS	"[[[[[[['', 'Roasted Brussels Sprouts'], 'Mushrooms with a Soy Sauce Glaze'], 'Meatball Nirvana'], 'Donut Muffins'], ""Janet's Rich Banana Bread""], 'Pico de Gallo Chicken Quesadillas'], 'Chicken Pot Pie']"	['never', 'similar', 'never', 'never', 'prepared', 'similar', 'prepared']	6	4	4	3	4	4	more	0,0,0,0,0,0,0	66,513004	1,822906563	11	3	0.22
87500	('Group1=', 1, ', Group2=', 2, ', Group3=', 3, 'ComparisonGroup=', 4)	2022-03-30 13:29:22.539464	2022-03-30 13:41:57.962664	755,4232	False	2	36-45	male	>5	none	Mid-ILS	"[[[[[[['', 'Roasted Brussels Sprouts'], 'Mushrooms with a Soy Sauce Glaze'], 'Meatball Nirvana'], 'Donut Muffins'], ""Janet's Rich Banana Bread""], 'Pico de Gallo Chicken Quesadillas'], 'Chicken Pot Pie']"	['prepared', 'never', 'similar', 'never', 'similar', 'similar', 'similar']	3	4	3	2	4	4	more	0,0,0,0,0,0,0	114,533767	2,058933545	11	4	0.22
69664	('Group1=', 1, ', Group2=', 2, ', Group3=', 3, 'ComparisonGroup=', 4)	2022-03-30 13:37:21.226591	2022-03-30 13:51:10.574473	829,347882	False	2	56-65	female	4--5	vegetarian	Mid-ILS	"[[[[[[['', 'Roasted Brussels Sprouts'], 'Mushrooms with a Soy Sauce Glaze'], 'Meatball Nirvana'], 'Donut Muffins'], ""Janet's Rich Banana Bread""], 'Pico de Gallo Chicken Quesadillas'], 'Chicken Pot Pie']"	['similar', 'prepared', 'similar', 'never', 'similar', 'similar', 'prepared']	7	4	5	5	4	4	exactly	0,0,0,0,0,0,0	163,896043	2,214568468	10	1	0.22
25078	('Group1=', 3, ', Group2=', 2, ', Group3=', 1, 'ComparisonGroup=', 3)	2022-03-30 14:23:59.455873	2022-03-30 14:37:57.223718	837,767845	False	2	26-35	male	2--3	vegetarian	Mid-ILS	"[[[[[[['', 'Roasted Brussels Sprouts'], 'Mushrooms with a Soy Sauce Glaze'], 'Meatball Nirvana'], 'Donut Muffins'], ""Janet's Rich Banana Bread""], 'Pico de Gallo Chicken Quesadillas'], 'Chicken Pot Pie']"	['never', 'prepared', 'similar', 'similar', 'similar', 'never', 'prepared']	4	5	4	3	5	4	more	0,0,0,0,0,0,0	49,409598	1,69381132	12	3	0.22
69175	('Group1=', 1, ', Group2=', 2, ', Group3=', 3, 'ComparisonGroup=', 2)	2022-03-30 14:30:37.594596	2022-03-30 14:44:45.826918	848,232322	False	2	56-65	female	4--5	vegan	Mid-ILS	"[[[[[[['', 'Roasted Brussels Sprouts'], 'Mushrooms with a Soy Sauce Glaze'], 'Meatball Nirvana'], 'Donut Muffins'], ""Janet's Rich Banana Bread""], 'Pico de Gallo Chicken Quesadillas'], 'Chicken Pot Pie']"	['similar', 'similar', 'similar', 'similar', 'similar', 'similar', 'prepared']	7	5	4	3	4	4	exactly	0,0,0,0,0,0,0	36,967729	1,567822772	12	3	0.22
3319	('Group1=', 3, ', Group2=', 1, ', Group3=', 2, 'ComparisonGroup=', 3)	2022-03-30 15:27:00.971833	2022-03-30 15:41:19.143734	858,171901	False	2	>65	male	4--5	vegetarian	Mid-ILS	"[[[[[[['', 'Roasted Brussels Sprouts'], 'Mushrooms with a Soy Sauce Glaze'], 'Meatball Nirvana'], 'Donut Muffins'], ""Janet's Rich Banana Bread""], 'Pico de Gallo Chicken Quesadillas'], 'Chicken Pot Pie']"	['never', 'prepared', 'similar', 'similar', 'never', 'prepared', 'never']	3	4	3	5	4	5	exactly	0,0,0,0,0,0,0	62,018119	1,79251859	8	1	0.22
93507	('Group1=', 2, ', Group2=', 1, ', Group3=', 3, 'ComparisonGroup=', 4)	2022-03-30 14:30:39.842782	2022-03-30 14:45:13.247282	873,4045	False	2	46-55	male	4--5	none	Mid-ILS	"[[[[[[['', 'Roasted Brussels Sprouts'], 'Mushrooms with a Soy Sauce Glaze'], 'Meatball Nirvana'], 'Donut Muffins'], ""Janet's Rich Banana Bread""], 'Pico de Gallo Chicken Quesadillas'], 'Chicken Pot Pie']"	['prepared', 'prepared', 'similar', 'similar', 'prepared', 'similar', 'never']	7	4	3	2	3	4	more	1,1,1,1,1,1,1	246,31569	2,391492077	11	4	0.22
29845	('Group1=', 1, ', Group2=', 3, ', Group3=', 2, 'ComparisonGroup=', 1)	2022-03-30 14:39:30.481815	2022-03-30 14:54:27.542390	897,060575	False	2	36-45	male	4--5	vegetarian	Mid-ILS	"[[[[[[['', 'Roasted Brussels Sprouts'], 'Mushrooms with a Soy Sauce Glaze'], 'Meatball Nirvana'], 'Donut Muffins'], ""Janet's Rich Banana Bread""], 'Pico de Gallo Chicken Quesadillas'], 'Chicken Pot Pie']"	['never', 'similar', 'never', 'prepared', 'prepared', 'similar', 'prepared']	4	4	3	3	5	4	exactly	0,0,0,0,0,0,0	32,846618	1,51649066	10	3	0.22
93354	('Group1=', 1, ', Group2=', 3, ', Group3=', 2, 'ComparisonGroup=', 1)	2022-03-30 13:23:09.903666	2022-03-30 13:38:56.044576	946,14091	False	2	36-45	male	1	vegan	Mid-ILS	"[[[[[[['', 'Roasted Brussels Sprouts'], 'Mushrooms with a Soy Sauce Glaze'], 'Meatball Nirvana'], 'Donut Muffins'], ""Janet's Rich Banana Bread""], 'Pico de Gallo Chicken Quesadillas'], 'Chicken Pot Pie']"	['prepared', 'never', 'prepared', 'similar', 'prepared', 'similar', 'prepared']	2	4	3	4	3	4	more	0,0,0,0,0,0,0	67,984502	1,832409921	9	2	0.22
86436	('Group1=', 1, ', Group2=', 3, ', Group3=', 2, 'ComparisonGroup=', 2)	2022-03-30 13:45:07.551346	2022-03-30 14:01:05.795182	958,243836	False	2	26-35	male	>5	none	Mid-ILS	"[[[[[[['', 'Roasted Brussels Sprouts'], 'Mushrooms with a Soy Sauce Glaze'], 'Meatball Nirvana'], 'Donut Muffins'], ""Janet's Rich Banana Bread""], 'Pico de Gallo Chicken Quesadillas'], 'Chicken Pot Pie']"	['never', 'similar', 'similar', 'similar', 'similar', 'similar', 'prepared']	7	4	5	4	5	5	more	0,0,0,0,0,0,0	176,511054	2,246771908	11	2	0.22
6117	('Group1=', 1, ', Group2=', 2, ', Group3=', 3, 'ComparisonGroup=', 4)	2022-03-30 13:50:49.344639	2022-03-30 14:06:51.468811	962,124172	False	2	46-55	male	2--3	none	Mid-ILS	"[[[[[[['', 'Roasted Brussels Sprouts'], 'Mushrooms with a Soy Sauce Glaze'], 'Meatball Nirvana'], 'Donut Muffins'], ""Janet's Rich Banana Bread""], 'Pico de Gallo Chicken Quesadillas'], 'Chicken Pot Pie']"	['never', 'similar', 'similar', 'never', 'similar', 'never', 'never']	2	4	4	5	4	3	exactly	0,0,0,0,0,0,0	153,740169	2,186787354	9	1	0.22
1517	('Group1=', 2, ', Group2=', 3, ', Group3=', 1, 'ComparisonGroup=', 2)	2022-03-30 14:44:33.721130	2022-03-30 15:01:13.934005	1000,212875	False	2	26-35	male	>5	none	Mid-ILS	"[[[[[[['', 'Roasted Brussels Sprouts'], 'Mushrooms with a Soy Sauce Glaze'], 'Meatball Nirvana'], 'Donut Muffins'], ""Janet's Rich Banana Bread""], 'Pico de Gallo Chicken Quesadillas'], 'Chicken Pot Pie']"	['prepared', 'never', 'similar', 'prepared', 'similar', 'prepared', 'prepared']	7	5	5	5	5	5	more	0,0,0,0,0,0,0	90,590013	1,957080322	11	1	0.22
42207	('Group1=', 3, ', Group2=', 1, ', Group3=', 2, 'ComparisonGroup=', 2)	2022-03-30 13:56:13.163612	2022-03-30 14:14:38.301828	1105,138216	False	2	36-45	male	4--5	vegan	Mid-ILS	"[[[[[[['', 'Roasted Brussels Sprouts'], 'Mushrooms with a Soy Sauce Glaze'], 'Meatball Nirvana'], 'Donut Muffins'], ""Janet's Rich Banana Bread""], 'Pico de Gallo Chicken Quesadillas'], 'Chicken Pot Pie']"	['never', 'similar', 'similar', 'never', 'prepared', 'never', 'prepared']	7	3	4	3	3	4	exactly	0,0,0,0,0,0,0	160,835805	2,206382737	10	3	0.22
91345	('Group1=', 3, ', Group2=', 1, ', Group3=', 2, 'ComparisonGroup=', 4)	2022-03-30 15:45:52.794348	2022-03-30 16:04:48.632508	1135,83816	False	2	26-35	male	>5	none	Mid-ILS	"[[[[[[['', 'Roasted Brussels Sprouts'], 'Mushrooms with a Soy Sauce Glaze'], 'Meatball Nirvana'], 'Donut Muffins'], ""Janet's Rich Banana Bread""], 'Pico de Gallo Chicken Quesadillas'], 'Chicken Pot Pie']"	['never', 'similar', 'never', 'never', 'similar', 'never', 'never']	2	3	5	3	4	5	exactly	0,0,0,0,0,0,0	78,768015	1,896349901	11	3	0.22
18117	('Group1=', 3, ', Group2=', 1, ', Group3=', 2, 'ComparisonGroup=', 4)	2022-03-30 13:24:25.227708	2022-03-30 13:43:40.694131	1155,466423	False	2	26-35	male	<1	vegetarian	Mid-ILS	"[[[[[[['', 'Roasted Brussels Sprouts'], 'Mushrooms with a Soy Sauce Glaze'], 'Meatball Nirvana'], 'Donut Muffins'], ""Janet's Rich Banana Bread""], 'Pico de Gallo Chicken Quesadillas'], 'Chicken Pot Pie']"	['never', 'never', 'never', 'never', 'never', 'never', 'never']	1	4	4	2	3	4	more	0,0,0,0,0,0,0	36,383729	1,560907208	12	4	0.22
16155	('Group1=', 2, ', Group2=', 3, ', Group3=', 1, 'ComparisonGroup=', 1)	2022-03-30 14:41:44.742079	2022-03-30 15:01:15.247218	1170,505139	False	2	46-55	male	2--3	vegan	Mid-ILS	"[[[[[[['', 'Roasted Brussels Sprouts'], 'Mushrooms with a Soy Sauce Glaze'], 'Meatball Nirvana'], 'Donut Muffins'], ""Janet's Rich Banana Bread""], 'Pico de Gallo Chicken Quesadillas'], 'Chicken Pot Pie']"	['similar', 'similar', 'similar', 'never', 'prepared', 'never', 'similar']	5	3	4	4	3	4	exactly	0,0,0,0,0,0,0	141,462296	2,150640703	9	2	0.22
10533	('Group1=', 1, ', Group2=', 2, ', Group3=', 3, 'ComparisonGroup=', 4)	2022-03-30 13:33:48.722734	2022-03-30 13:53:22.278689	1173,555955	True	2	26-35	female	>5	none	Mid-ILS	"[[[[[[['', 'Roasted Brussels Sprouts'], 'Mushrooms with a Soy Sauce Glaze'], 'Meatball Nirvana'], 'Donut Muffins'], ""Janet's Rich Banana Bread""], 'Pico de Gallo Chicken Quesadillas'], 'Chicken Pot Pie']"	['never', 'never', 'never', 'never', 'never', 'similar', 'never']	7	4	5	4	5	4	more	0,0,0,0,0,0,1	73,362809	1,865475952	11	2	0.22
57812	('Group1=', 2, ', Group2=', 1, ', Group3=', 3, 'ComparisonGroup=', 1)	2022-03-30 13:24:25.802413	2022-03-30 13:44:27.602392	1201,799979	False	2	36-45	male	4--5	none	Mid-ILS	"[[[[[[['', 'Roasted Brussels Sprouts'], 'Mushrooms with a Soy Sauce Glaze'], 'Meatball Nirvana'], 'Donut Muffins'], ""Janet's Rich Banana Bread""], 'Pico de Gallo Chicken Quesadillas'], 'Chicken Pot Pie']"	['similar', 'prepared', 'never', 'never', 'similar', 'similar', 'never']	2	4	4	3	4	5	more	0,0,0,0,0,0,0	113,877082	2,05643633	11	3	0.22
58329	('Group1=', 3, ', Group2=', 1, ', Group3=', 2, 'ComparisonGroup=', 1)	2022-03-30 15:58:12.073609	2022-03-30 16:18:32.592131	1220,518522	False	2	19-25	female	>5	vegetarian	Mid-ILS	"[[[[[[['', 'Roasted Brussels Sprouts'], 'Mushrooms with a Soy Sauce Glaze'], 'Meatball Nirvana'], 'Donut Muffins'], ""Janet's Rich Banana Bread""], 'Pico de Gallo Chicken Quesadillas'], 'Chicken Pot Pie']"	['similar', 'never', 'prepared', 'prepared', 'never', 'prepared', 'never']	7	4	5	5	5	5	exactly	0,0,0,0,0,0,0	48,354285	1,684434966	10	1	0.22
16523	('Group1=', 1, ', Group2=', 2, ', Group3=', 3, 'ComparisonGroup=', 3)	2022-03-30 13:29:58.423167	2022-03-30 13:51:01.913218	1263,490051	False	2	36-45	male	2--3	lactose	Mid-ILS	"[[[[[[['', 'Roasted Brussels Sprouts'], 'Mushrooms with a Soy Sauce Glaze'], 'Meatball Nirvana'], 'Donut Muffins'], ""Janet's Rich Banana Bread""], 'Pico de Gallo Chicken Quesadillas'], 'Chicken Pot Pie']"	['never', 'similar', 'never', 'similar', 'prepared', 'never', 'prepared']	7	3	4	5	4	4	exactly	0,0,0,0,0,0,0	101,062567	2,004590325	8	1	0.22
84563	('Group1=', 3, ', Group2=', 1, ', Group3=', 2, 'ComparisonGroup=', 3)	2022-03-30 13:33:23.368459	2022-03-30 13:54:50.895770	1287,527311	False	2	36-45	male	4--5	none	Mid-ILS	"[[[[[[['', 'Roasted Brussels Sprouts'], 'Mushrooms with a Soy Sauce Glaze'], 'Meatball Nirvana'], 'Donut Muffins'], ""Janet's Rich Banana Bread""], 'Pico de Gallo Chicken Quesadillas'], 'Chicken Pot Pie']"	['never', 'never', 'never', 'never', 'never', 'prepared', 'never']	7	5	5	2	2	5	more	0,0,0,0,0,0,0	40,136031	1,603534423	14	4	0.22
48855	('Group1=', 2, ', Group2=', 1, ', Group3=', 3, 'ComparisonGroup=', 3)	2022-03-30 13:23:04.210647	2022-03-30 13:44:50.317930	1306,107283	False	2	26-35	female	4--5	none	Mid-ILS	"[[[[[[['', 'Roasted Brussels Sprouts'], 'Mushrooms with a Soy Sauce Glaze'], 'Meatball Nirvana'], 'Donut Muffins'], ""Janet's Rich Banana Bread""], 'Pico de Gallo Chicken Quesadillas'], 'Chicken Pot Pie']"	['never', 'never', 'similar', 'never', 'prepared', 'prepared', 'prepared']	3	5	5	1	5	5	more	0,0,0,0,0,0,0	812,492415	2,909819315	15	5	0.22
19290	('Group1=', 1, ', Group2=', 2, ', Group3=', 3, 'ComparisonGroup=', 2)	2022-03-30 13:38:20.965855	2022-03-30 14:01:23.738670	1382,772815	False	2	26-35	female	2--3	none	Mid-ILS	"[[[[[[['', 'Roasted Brussels Sprouts'], 'Mushrooms with a Soy Sauce Glaze'], 'Meatball Nirvana'], 'Donut Muffins'], ""Janet's Rich Banana Bread""], 'Pico de Gallo Chicken Quesadillas'], 'Chicken Pot Pie']"	['never', 'never', 'similar', 'never', 'never', 'similar', 'similar']	7	4	2	2	2	4	more	1,1,1,1,1,0,1	92,055071	1,964047717	10	4	0.22
22126	('Group1=', 1, ', Group2=', 2, ', Group3=', 3, 'ComparisonGroup=', 1)	2022-03-30 13:27:04.056285	2022-03-30 13:54:11.257783	1627,201498	False	2	26-35	male	4--5	vegetarian	Mid-ILS	"[[[[[[['', 'Roasted Brussels Sprouts'], 'Mushrooms with a Soy Sauce Glaze'], 'Meatball Nirvana'], 'Donut Muffins'], ""Janet's Rich Banana Bread""], 'Pico de Gallo Chicken Quesadillas'], 'Chicken Pot Pie']"	['prepared', 'similar', 'similar', 'never', 'similar', 'prepared', 'prepared']	7	4	4	4	4	4	exactly	0,0,0,0,0,0,0	46,603542	1,668418926	10	2	0.22
31114	('Group1=', 1, ', Group2=', 2, ', Group3=', 3, 'ComparisonGroup=', 3)	2022-03-30 13:23:21.571761	2022-03-30 13:50:47.080536	1645,508775	False	2	19-25	male	>5	vegetarian	Mid-ILS	"[[[[[[['', 'Roasted Brussels Sprouts'], 'Mushrooms with a Soy Sauce Glaze'], 'Meatball Nirvana'], 'Donut Muffins'], ""Janet's Rich Banana Bread""], 'Pico de Gallo Chicken Quesadillas'], 'Chicken Pot Pie']"	['never', 'prepared', 'similar', 'similar', 'similar', 'prepared', 'prepared']	2	4	5	4	5	4	exactly	0,0,0,0,0,0,0	519,437228	2,715533072	11	2	0.22
31024	('Group1=', 2, ', Group2=', 1, ', Group3=', 3, 'ComparisonGroup=', 4)	2022-03-30 13:34:30.649612	2022-03-30 14:04:27.491321	1796,841709	False	2	46-55	male	4--5	gluten	Mid-ILS	"[[[[[[['', 'Roasted Brussels Sprouts'], 'Mushrooms with a Soy Sauce Glaze'], 'Meatball Nirvana'], 'Donut Muffins'], ""Janet's Rich Banana Bread""], 'Pico de Gallo Chicken Quesadillas'], 'Chicken Pot Pie']"	['never', 'similar', 'never', 'similar', 'similar', 'never', 'never']	5	4	3	4	2	5	more	0,0,0,0,0,0,0	134,04035	2,127235553	9	2	0.22
89661	('Group1=', 1, ', Group2=', 3, ', Group3=', 2, 'ComparisonGroup=', 1)	2022-03-30 13:41:54.376028	2022-03-30 14:16:43.291291	2088,915263	False	2	46-55	male	1	none	Mid-ILS	"[[[[[[['', 'Roasted Brussels Sprouts'], 'Mushrooms with a Soy Sauce Glaze'], 'Meatball Nirvana'], 'Donut Muffins'], ""Janet's Rich Banana Bread""], 'Pico de Gallo Chicken Quesadillas'], 'Chicken Pot Pie']"	['prepared', 'prepared', 'prepared', 'prepared', 'similar', 'never', 'prepared']	5	3	3	3	4	4	exactly	0,0,0,0,0,0,0	31,983571	1,504926952	9	3	0.22
26342	('Group1=', 2, ', Group2=', 3, ', Group3=', 1, 'ComparisonGroup=', 2)	2022-03-30 13:38:16.934178	2022-03-30 14:15:22.779081	2225,844903	False	2	46-55	male	>5	none	Mid-ILS	"[[[[[[['', 'Roasted Brussels Sprouts'], 'Mushrooms with a Soy Sauce Glaze'], 'Meatball Nirvana'], 'Donut Muffins'], ""Janet's Rich Banana Bread""], 'Pico de Gallo Chicken Quesadillas'], 'Chicken Pot Pie']"	['prepared', 'similar', 'never', 'never', 'prepared', 'never', 'prepared']	2	4	5	4	5	4	more	0,0,0,0,0,0,0	351,618047	2,546071157	11	2	0.22
